종목명,2011 Market Cap,2012 Market Cap,2013 Market Cap,2014 Market Cap,2015 Market Cap,2016 Market Cap,2017 Market Cap,2018 Market Cap,2019 Market Cap,2020 Market Cap,2021 Market Cap,2022 Market Cap,2023 Market Cap
AK홀딩스,3.2485E+11,1.65588E+11,4.76968E+11,1.06245E+12,8.37246E+11,7.41863E+11,9.07458E+11,7.15368E+11,4.58366E+11,3.33176E+11,2.55678E+11,2.27858E+11,2.26533E+11
BYC,1.11009E+11,1.29661E+11,1.32418E+11,2.00922E+11,3.28688E+11,2.85234E+11,2.23978E+11,1.78209E+11,1.74429E+11,2.08783E+11,3.21128E+11,2.59301E+11,2.97112E+11
CJ,2.27646E+12,3.49627E+12,3.47499E+12,4.70917E+12,7.60866E+12,5.62471E+12,5.46989E+12,3.66254E+12,3.22903E+12,3.12136E+12,2.85293E+12,2.8731E+12,3.16829E+12
CJCGV,,,,,,,,,,,,,
CJ대한통운,1.71093E+12,2.29264E+12,2.28123E+12,4.47122E+12,4.35716E+12,4.08341E+12,3.19373E+12,3.80966E+12,3.53591E+12,3.77544E+12,2.87436E+12,2.13752E+12,2.90173E+12
CJ제일제당,3.87541E+12,4.74319E+12,3.75348E+12,4.2426E+12,5.25726E+12,4.93502E+12,5.02247E+12,5.14134E+12,3.94587E+12,5.95799E+12,6.06912E+12,5.95179E+12,5.05557E+12
DB,99258844400,1.131E+11,80864086080,45713706320,90243591560,1.33681E+11,1.22346E+11,1.67176E+11,1.77033E+11,1.60134E+11,1.91115E+11,1.61543E+11,3.48634E+11
DB손해보험,3.78072E+12,3.25326E+12,3.97896E+12,3.894E+12,4.97724E+12,4.425E+12,5.04096E+12,4.98432E+12,3.70284E+12,3.0975E+12,3.8232E+12,4.62324E+12,5.92596E+12
DB하이텍,3.11875E+11,2.82085E+11,3.36065E+11,2.08033E+11,6.38391E+11,7.08784E+11,5.3625E+11,4.85813E+11,1.23298E+12,2.27758E+12,3.23923E+12,1.65715E+12,2.60176E+12
DRB동일,2.0856E+11,83013349500,1.31683E+11,2.2225E+11,2.32329E+11,2.28599E+11,1.4934E+11,1.27789E+11,1.04832E+11,1.37318E+11,1.04832E+11,81314400000,1.16591E+11
DSR제강,47808000000,42480000000,44136000000,45504000000,54720000000,1.27008E+11,75456000000,61920000000,65520000000,70344000000,68112000000,68760000000,60192000000
E1,3.64266E+11,4.74712E+11,4.58248E+11,4.74026E+11,4.21204E+11,4.30122E+11,3.90334E+11,3.82788E+11,3.31338E+11,3.06299E+11,3.30652E+11,3.11787E+11,4.27378E+11
GS건설,4.6971E+12,2.9223E+12,1.5555E+12,1.65075E+12,1.40225E+12,1.8815E+12,2.02841E+12,3.46925E+12,2.48704E+12,3.03076E+12,3.38903E+12,1.81005E+12,1.28543E+12
GS글로벌,2.33224E+11,2.68152E+11,1.99649E+11,1.92664E+11,1.2371E+11,2.55442E+11,2.30682E+11,2.03446E+11,1.83225E+11,1.60116E+11,1.95605E+11,1.85701E+11,2.10461E+11
JW중외제약,1.45748E+11,1.63813E+11,2.24785E+11,2.15515E+11,6.58979E+11,9.95006E+11,8.75311E+11,8.14737E+11,6.09649E+11,7.45173E+11,5.03195E+11,4.42721E+11,8.35706E+11
JW홀딩스,1.1392E+11,1.13629E+11,1.27734E+11,1.28125E+11,4.98256E+11,5.44419E+11,5.19115E+11,4.51666E+11,4.09708E+11,3.87416E+11,2.34753E+11,2.09925E+11,2.53053E+11
KB금융,1.40246E+13,1.46427E+13,1.63234E+13,1.39666E+13,1.28076E+13,1.78952E+13,2.65083E+13,1.94422E+13,1.98132E+13,1.80461E+13,2.28694E+13,1.98315E+13,2.18299E+13
KEC,1.03887E+11,91639156103,46293149056,68790202360,66133070080,89047384000,1.43004E+11,1.16387E+11,1.20792E+11,3.42535E+11,5.36904E+11,2.83012E+11,3.12588E+11
KG케미칼,81641000000,1.2198E+11,1.81365E+11,1.80249E+11,1.77922E+11,1.7076E+11,3.03149E+11,2.16726E+11,1.56159E+11,3.10366E+11,4.26382E+11,2.84948E+11,4.69013E+11
KR모터스,79362017035,58954641226,52271524002,1.23518E+11,2.22641E+11,1.52E+11,61186294000,64491045000,52854896925,1.04035E+11,83158823320,53837540400,34417570470
KSS해운,44053172000,99119637000,1.43752E+11,1.45491E+11,1.99399E+11,1.87574E+11,2.10296E+11,1.50245E+11,1.79227E+11,2.39974E+11,2.74753E+11,2.13544E+11,2.13544E+11
LF,1.1813E+12,9.15212E+11,9.85388E+11,8.74276E+11,7.8948E+11,6.30122E+11,9.15212E+11,7.26614E+11,5.4094E+11,4.29828E+11,5.0439E+11,4.64916E+11,3.88015E+11
LG,1.06716E+13,1.13283E+13,1.1162E+13,1.06971E+13,1.23727E+13,1.04829E+13,1.58674E+13,1.21968E+13,1.28978E+13,1.53205E+13,1.29178E+13,1.24656E+13,1.36956E+13
LG디스플레이,8.76648E+12,1.11102E+13,9.07063E+12,1.20405E+13,8.78438E+12,1.12533E+13,1.06987E+13,6.45857E+12,5.81451E+12,6.63748E+12,8.80227E+12,4.45481E+12,4.55857E+12
LG생활건강,7.87108E+12,1.06559E+13,9.0375E+12,1.03023E+13,1.75434E+13,1.45669E+13,2.00356E+13,1.8573E+13,2.13134E+13,2.68091E+13,1.84266E+13,1.19388E+13,5.87642E+12
LG유플러스,3.80947E+12,3.40557E+12,4.69357E+12,5.02103E+12,4.54076E+12,4.9992E+12,6.11256E+12,7.70619E+12,6.19988E+12,5.13018E+12,5.93791E+12,4.82456E+12,4.46653E+12
LG이노텍,1.36678E+12,1.66005E+12,1.68831E+12,2.66255E+12,2.33121E+12,2.09217E+12,3.40806E+12,2.04484E+12,3.31339E+12,4.31925E+12,8.61483E+12,5.97594E+12,5.66827E+12
LG전자,1.11743E+13,1.23951E+13,1.15973E+13,1.01347E+13,9.29749E+12,8.88505E+12,1.81544E+13,1.06481E+13,1.22871E+13,2.31889E+13,2.37091E+13,1.48782E+13,1.74465E+13
LX하우시스,8.02931E+11,7.32693E+11,1.31672E+12,1.53421E+12,1.40316E+12,9.16429E+11,9.28365E+11,5.40553E+11,5.18559E+11,7.33287E+11,5.80881E+11,2.96654E+11,4.11792E+11
LG화학,2.18612E+13,2.26476E+13,2.10116E+13,1.30707E+13,2.36544E+13,1.86661E+13,3.05044E+13,2.59987E+13,2.37432E+13,6.11014E+13,4.5621E+13,4.4489E+13,3.76168E+13
LS,2.4472E+12,3.03646E+12,2.60498E+12,1.74846E+12,1.29927E+12,1.90946E+12,2.3345E+12,1.58102E+12,1.53916E+12,2.29908E+12,1.74202E+12,2.24434E+12,3.00104E+12
LS네트웍스,3.46889E+11,3.37432E+11,3.83729E+11,3.22866E+11,2.87221E+11,2.39167E+11,2.28135E+11,1.95431E+11,1.82035E+11,2.1198E+11,2.37197E+11,1.89127E+11,3.35307E+11
LSELECTRIC,,,,,,,,,,,,,
NAVER,1.01549E+13,1.0925E+13,2.3865E+13,2.34694E+13,2.16894E+13,2.55461E+13,2.86775E+13,2.01072E+13,3.07377E+13,4.8047E+13,6.20926E+13,2.91187E+13,3.63795E+13
NH투자증권,2.19909E+12,2.44787E+12,1.99756E+12,2.15709E+12,2.96942E+12,2.84316E+12,4.0801E+12,3.83864E+12,3.74052E+12,3.34523E+12,3.93277E+12,3.07364E+12,3.61067E+12
OCI,,,,,,,,,,,,,8.27708E+11
SNT에너지,1.24689E+11,1.16188E+11,1.18313E+11,1.08749E+11,2.10767E+11,1.36025E+11,1.14062E+11,80633507500,1.48633E+11,1.1748E+11,1.39249E+11,1.4E+11,1.65148E+11
SNT모티브,3.58475E+11,3.37759E+11,3.93212E+11,6.04942E+11,1.23581E+12,7.1434E+11,6.85094E+11,3.95556E+11,6.25139E+11,7.22383E+11,6.88019E+11,6.14172E+11,6.31719E+11
SNT다이내믹스,5.30941E+11,3.86434E+11,4.14036E+11,2.76674E+11,4.44886E+11,3.02003E+11,2.42901E+11,2.33809E+11,2.198E+11,1.95858E+11,2.97944E+11,3.1058E+11,4.78839E+11
SNT홀딩스,1.88035E+11,1.45205E+11,2.42506E+11,2.92499E+11,4.51112E+11,2.50907E+11,2.49324E+11,2.11951E+11,2.51895E+11,2.42928E+11,2.86948E+11,2.55971E+11,2.81894E+11
S-Oil,1.14819E+13,1.19475E+13,8.54308E+12,5.57489E+12,9.12589E+12,9.76099E+12,1.35704E+13,1.12825E+13,1.09479E+13,7.94577E+12,9.86875E+12,9.60619E+12,8.03384E+12
SG세계물산,59310513280,1.88862E+11,1.26111E+11,1.24087E+11,2.45946E+11,2.31777E+11,1.87648E+11,1.48985E+11,1.82992E+11,1.22467E+11,1.38459E+11,1.08095E+11,91496081920
SH에너지화학,35998388680,1.1048E+11,81026218520,1.90039E+11,1.60033E+11,1.75036E+11,1.56143E+11,1.22247E+11,1.13356E+11,92796664550,1.08133E+11,91240792330,71236720930
SIMPAC,1.43389E+11,2.21627E+11,2.02431E+11,1.48915E+11,1.62876E+11,1.37863E+11,1.20121E+11,1.59648E+11,1.9269E+11,1.61611E+11,4.19403E+11,3.06537E+11,2.57138E+11
SK,5.85E+12,5.15E+12,6.75E+12,1.0675E+13,1.70074E+13,1.62252E+13,2.00045E+13,1.83659E+13,1.85403E+13,1.70575E+13,1.8736E+13,1.41093E+13,1.3109E+13
SK,5.70533E+12,8.43143E+12,9.00922E+12,7.73537E+12,,,,,,,,,
SKC,1.37979E+12,1.52465E+12,1.10637E+12,9.66844E+11,1.24374E+12,1.23864E+12,1.76412E+12,1.34374E+12,1.91426E+12,3.55962E+12,6.60802E+12,3.35134E+12,3.43087E+12
SK가스,6.40247E+11,7.59323E+11,6.46287E+11,8.43332E+11,6.42136E+11,1.15015E+12,8.44729E+11,6.4013E+11,7.73395E+11,9.6456E+11,1.17686E+12,1.06609E+12,1.36608E+12
SK네트웍스,2.50827E+12,2.09841E+12,1.87783E+12,2.22045E+12,1.36838E+12,1.7231E+12,1.65669E+12,1.29637E+12,1.48295E+12,1.21632E+12,1.25536E+12,9.64748E+11,1.35573E+12
SK이노베이션,1.31875E+13,1.61506E+13,1.3165E+13,7.93249E+12,1.21078E+13,1.36547E+13,1.90865E+13,1.67455E+13,1.40097E+13,1.77395E+13,2.22291E+13,1.43569E+13,1.42361E+13
SK증권,3.73863E+11,3.8315E+11,2.29659E+11,2.85907E+11,3.76018E+11,3.32662E+11,3.82063E+11,3.2664E+11,2.97856E+11,3.99167E+11,4.88045E+11,3.02116E+11,3.12399E+11
SK텔레콤,1.14255E+13,1.23137E+13,1.85715E+13,2.16399E+13,1.74007E+13,1.8087E+13,2.15591E+13,2.1761E+13,1.92175E+13,1.92175E+13,1.26704E+13,1.03727E+13,1.09635E+13
SK하이닉스,1.29982E+13,1.78744E+13,2.61354E+13,3.47621E+13,2.23861E+13,3.25417E+13,5.56922E+13,4.40441E+13,6.8505E+13,8.62683E+13,9.53683E+13,5.46002E+13,1.03012E+14
SPC삼립,1.04842E+11,2.14862E+11,5.19466E+11,1.29435E+12,2.38592E+12,1.46262E+12,1.35044E+12,1.1002E+12,7.5245E+11,6.21289E+11,6.10934E+11,6.15248E+11,5.40176E+11
TCC스틸,82240000000,78455000000,62640000000,50350000000,48706650000,55074262500,42227325000,44685000000,60771600000,1.2167E+11,2.2748E+11,2.37359E+11,1.54137E+12
WISCOM,59277254400,64536326400,74002656000,82342041600,74528563200,62808345600,60779846400,41321280000,40768325080,41917807930,52876211100,41304750410,39772106610
강원랜드,5.81918E+12,6.25776E+12,6.62146E+12,6.50379E+12,8.21532E+12,7.64837E+12,7.44513E+12,6.8461E+12,6.33264E+12,5.0276E+12,5.14527E+12,4.96342E+12,3.42305E+12
경농,65183708750,69305141250,76897253750,1.013E+11,1.10411E+11,1.25812E+11,1.30367E+11,2.34271E+11,2.46201E+11,2.60301E+11,2.39152E+11,1.97178E+11,1.98545E+11
경동나비엔,76437060000,1.49052E+11,2.22304E+11,3.69446E+11,3.9811E+11,5.48436E+11,6.53537E+11,5.29327E+11,5.93661E+11,7.08806E+11,7.99816E+11,4.92418E+11,6.87638E+11
경동인베스트,1.88179E+11,2.63799E+11,3.41859E+11,3.86813E+11,3.10844E+11,2.67284E+11,1.01105E+11,88097106750,86678092950,73788717600,83603563050,2.32955E+11,1.60112E+11
경방,1.95104E+11,1.86368E+11,2.7166E+11,4.98958E+11,5.27744E+11,4.19454E+11,3.81072E+11,2.96085E+11,2.54414E+11,3.39949E+11,3.7696E+11,2.96085E+11,2.42351E+11
경인양행,1.51313E+11,1.02375E+11,1.67645E+11,1.72089E+11,1.48255E+11,2.01578E+11,2.34299E+11,2.34299E+11,3.15686E+11,2.90586E+11,2.8854E+11,1.70211E+11,1.60223E+11
계룡건설,1.12976E+11,72251037630,73679982750,84754307430,88862524650,1.25926E+11,1.54505E+11,1.94247E+11,1.80851E+11,2.50065E+11,2.91148E+11,1.62543E+11,1.29052E+11
계양전기,98783000000,81204000000,95497000000,1.37248E+11,1.67725E+11,1.69778E+11,1.52164E+11,1.2013E+11,1.02513E+11,1.5101E+11,1.42859E+11,1.10622E+11,55215581560
고려산업,17033627275,27383488650,28680338750,48382484500,51250518375,1.66346E+11,67087053250,54118552250,83796468000,1.22203E+11,72573726750,86539804750,78309794500
고려아연,5.73648E+12,7.64235E+12,6.00066E+12,7.61405E+12,8.85003E+12,8.96325E+12,9.30291E+12,8.16128E+12,8.01975E+12,7.57631E+12,9.64257E+12,1.12028E+13,1.04125E+13
고려제강,5.499E+11,4.62E+11,5.6025E+11,6.3375E+11,6.858E+11,7.227E+11,5.904E+11,4.65E+11,4.11E+11,2.94E+11,4.4735E+11,4.485E+11,5.075E+11
광동제약,1.96054E+11,3.16622E+11,3.9106E+11,5.50419E+11,5.84492E+11,4.46626E+11,4.58682E+11,3.59083E+11,3.48599E+11,5.37314E+11,3.89487E+11,3.12428E+11,3.89487E+11
광주신세계,2.736E+11,3.72E+11,4.04E+11,4.912E+11,4.528E+11,3.976E+11,3.672E+11,2.88E+11,2.624E+11,2.448E+11,2.896E+11,2.56E+11,2.39114E+11
교보증권,1.926E+11,1.7442E+11,1.5912E+11,2.898E+11,3.384E+11,3.1716E+11,3.2652E+11,3.2832E+11,3.3192E+11,4.93951E+11,5.41148E+11,3.40076E+11,5.64117E+11
국도화학,2.8995E+11,2.48694E+11,3.22489E+11,2.38816E+11,3.4457E+11,3.19003E+11,3.6665E+11,2.65255E+11,2.73389E+11,3.13773E+11,5.091E+11,3.85204E+11,3.68985E+11
국동,4369977860,5572724060,8310582280,46961240000,47430852400,47253275480,40531927140,36961891200,34081252660,1.63015E+11,1.49531E+11,60328643060,51396104033
국보,11608535200,12584474000,11505804800,12944030400,19981062800,21573384000,15780011520,19094150400,58358439675,89124483225,1.01313E+11,75639265520,25368384535
국제약품,34923183300,42610122000,29178670500,37212120260,63107808400,76476699390,91680060920,77103846890,85194407600,1.85845E+11,1.18355E+11,1.11073E+11,1.25266E+11
극동유화,58929319800,71482311000,85604426100,83860955100,1.14372E+11,1.14023E+11,1.18556E+11,1.14895E+11,1.20125E+11,1.20474E+11,1.37734E+11,1.26576E+11,1.51333E+11
금강공업,52752297700,73598499850,83054882700,2.95805E+11,1.94461E+11,1.94953E+11,1.43719E+11,1.04056E+11,98100212985,1.4791E+11,2.36994E+11,1.88598E+11,1.72124E+11
금호건설,8.14531E+11,2.67043E+11,3.79386E+11,7.52977E+11,5.22581E+11,3.44869E+11,3.47315E+11,4.32188E+11,4.2522E+11,3.42339E+11,4.34028E+11,2.65061E+11,1.96594E+11
금호석유,5.22352E+12,4.0616E+12,3.00559E+12,2.57679E+12,1.69107E+12,2.58694E+12,3.14023E+12,2.75613E+12,2.46072E+12,4.58532E+12,5.38115E+12,3.93851E+12,3.97963E+12
금호전기,1.73247E+11,1.48349E+11,1.81201E+11,1.24835E+11,91291873200,65633323990,49449764650,46115114480,44043971400,38881005900,69522973320,25349855720,30745700790
기신정기,1.41474E+11,1.8396E+11,2.14328E+11,2.12576E+11,1.84252E+11,1.42934E+11,1.42788E+11,1.00302E+11,1.1023E+11,1.06142E+11,1.23808E+11,1.00156E+11,89498000000
기아,2.69344E+13,2.2903E+13,2.27409E+13,2.12005E+13,2.13221E+13,1.59105E+13,1.35797E+13,1.36607E+13,1.79576E+13,2.52947E+13,3.33209E+13,2.4038E+13,4.02044E+13
기업은행,6.82502E+12,6.47012E+12,6.68487E+12,7.79046E+12,6.87156E+12,7.11173E+12,9.21165E+12,7.8677E+12,6.81045E+12,6.52979E+12,7.6663E+12,7.83072E+12,9.45747E+12
까뮤이앤씨,11875049640,8894999160,16977257280,28762002360,53279690400,49893269400,45603802800,60052532400,57343395600,1.35231E+11,1.28684E+11,96174356400,75404307600
깨끗한나라,1.09927E+11,1.14489E+11,1.2251E+11,1.14032E+11,1.80935E+11,2.19271E+11,1.60981E+11,1.20044E+11,95467980270,1.6816E+11,1.60867E+11,1.107E+11,95328734125
이엔플러스,33585289080,17464771898,8413261920,13531741784,56975754880,46639171920,1.36788E+11,1.57377E+11,2.73413E+11,1.51893E+11,2.45982E+11,2.75646E+11,2.68126E+11
비비안,60437916000,49449204000,43954848000,57072622950,69366244500,60781313250,53363932650,42306541200,1.40793E+11,1.01062E+11,88339180350,37838367300,37302075480
남해화학,5.36532E+11,3.84017E+11,3.42784E+11,4.50587E+11,5.0424E+11,4.17302E+11,5.31564E+11,5.71307E+11,4.05379E+11,4.07863E+11,5.21628E+11,4.22767E+11,3.67623E+11
넥센,2.12028E+11,4.03378E+11,4.0489E+11,4.56052E+11,4.08426E+11,4.29007E+11,4.25374E+11,3.0785E+11,3.36183E+11,2.59377E+11,2.56169E+11,2.31572E+11,2.33416E+11
넥센타이어,1.7739E+12,1.53748E+12,1.40725E+12,1.26278E+12,1.22441E+12,1.28786E+12,1.19012E+12,9.19664E+11,9.14068E+11,6.21757E+11,6.87317E+11,6.14985E+11,8.05692E+11
노루페인트,60807903040,92799672420,1.04576E+11,1.842E+11,2.27409E+11,1.75025E+11,1.77713E+11,1.6843E+11,1.69044E+11,2.04313E+11,3.07772E+11,1.61886E+11,1.93174E+11
녹십자,1.47912E+12,1.40314E+12,1.45497E+12,1.60106E+12,2.13864E+12,1.83479E+12,2.64116E+12,1.58937E+12,1.54847E+12,4.74473E+12,2.54767E+12,1.51341E+12,1.46666E+12
녹십자홀딩스,7.28333E+11,7.58614E+11,6.18356E+11,1.0178E+12,2.03731E+12,1.17693E+12,1.86861E+12,1.1942E+12,1.06165E+12,2.05911E+12,1.31954E+12,8.27355E+11,7.95306E+11
농심,1.41421E+12,1.65144E+12,1.52674E+12,1.53587E+12,2.67332E+12,2.02248E+12,2.15326E+12,1.54803E+12,1.46288E+12,1.82479E+12,1.93732E+12,2.1715E+12,2.47564E+12
농심홀딩스,2.35136E+11,2.82441E+11,3.66385E+11,4.8233E+11,7.1422E+11,5.58854E+11,5.31027E+11,3.24182E+11,3.64067E+11,3.58965E+11,3.51544E+11,3.08413E+11,3.00529E+11
KIB플러그에너지,1.48071E+11,1.05101E+11,93057813000,81562436100,69519660300,75691682300,71191105788,63987847398,1.45154E+11,1.46552E+11,1.05664E+11,79305591834,1.84807E+11
대교,6.07419E+11,6.11491E+11,6.86811E+11,6.7829E+11,8.6051E+11,7.88489E+11,7.91893E+11,6.5765E+11,5.97504E+11,3.61086E+11,3.83148E+11,2.54232E+11,2.49084E+11
대구백화점,1.38094E+11,1.65923E+11,2.14747E+11,1.69358E+11,1.59619E+11,1.5042E+11,1.304E+11,95230176800,64821449890,98909524540,1.26072E+11,1.06268E+11,98152011770
대덕전자,,,,,,,,,,6.41303E+11,1.26254E+12,9.54746E+11,1.358E+12
대동,87201171750,1.34302E+11,1.42369E+11,2.33723E+11,2.17588E+11,1.69657E+11,2.27791E+11,1.22912E+11,1.34776E+11,1.61826E+11,2.39655E+11,3.09924E+11,4.32182E+11
DL,3.21111E+12,3.10056E+12,3.39058E+12,2.38579E+12,2.42818E+12,3.14774E+12,2.9933E+12,3.71463E+12,3.30634E+12,3.09056E+12,1.3386E+12,1.29775E+12,1.11886E+12
대림통상,60900000000,62955375000,64782375000,65619750000,77343000000,92872500000,83737500000,63640500000,62727000000,60519375000,53668125000,54353250000,45294375000
대상,5.62662E+11,9.14093E+11,1.34295E+12,1.17516E+12,1.14981E+12,9.32433E+11,9.72709E+11,8.84855E+11,8.2199E+11,9.27177E+11,8.30798E+11,7.80236E+11,7.55052E+11
대신증권,7.92039E+11,7.45411E+11,5.93891E+11,6.995E+11,8.59225E+11,7.85743E+11,1.06602E+12,8.84838E+11,9.22602E+11,1.02105E+12,1.51052E+12,1.06958E+12,1.21044E+12
대영포장,35526159020,80171332120,68962543980,86630633760,1.21585E+11,1.0019E+11,90064238810,1.20318E+11,1.20318E+11,1.79393E+11,2.80742E+11,1.65844E+11,1.23136E+11
대우건설,4.36404E+12,4.13545E+12,3.06314E+12,2.44802E+12,2.32749E+12,2.11136E+12,2.46049E+12,2.24021E+12,1.97005E+12,2.07188E+12,2.39814E+12,1.7373E+12,1.72276E+12
대우부품,25735652873,25129216281,37712775565,33429817134,56808391870,74566576875,1.26501E+11,99819155625,1.00057E+11,1.32219E+11,1.17448E+11,68610780000,66061691800
한화오션,4.6508E+12,5.19626E+12,6.69868E+12,3.56944E+12,9.70351E+11,1.2249E+12,1.4599E+12,3.66108E+12,2.98568E+12,2.93976E+12,2.47305E+12,2.03316E+12,7.68961E+12
대웅,1.66761E+11,2.63965E+11,4.65136E+11,5.25022E+11,6.58167E+11,5.12231E+11,1.12505E+12,1.03493E+12,7.52939E+11,2.92454E+12,1.80531E+12,1.18319E+12,1.20063E+12
대웅제약,3.18829E+11,5.38341E+11,8.82897E+11,7.78618E+11,8.23805E+11,7.95998E+11,1.90599E+12,2.18407E+12,1.59315E+12,1.91178E+12,1.71481E+12,1.83647E+12,1.35331E+12
대원강업,2.9884E+11,5.3506E+11,4.6252E+11,3.72E+11,3.0008E+11,2.7776E+11,2.3188E+11,2.4025E+11,2.1049E+11,2.3715E+11,2.3126E+11,2.1018E+11,3.3728E+11
대원제약,64354834560,1.28662E+11,1.62903E+11,2.38865E+11,3.03068E+11,3.46557E+11,3.87728E+11,3.08442E+11,3.40164E+11,3.92726E+11,3.53393E+11,4.11838E+11,3.47498E+11
대유에이텍,1.83209E+11,1.29177E+11,94560961600,1.39861E+11,2.00269E+11,1.5328E+11,96925916885,1.35338E+11,96010556326,90344009015,1.49047E+11,82007542008,46553819398
대유플러스,1.83813E+11,1.29836E+11,1.15894E+11,1.08388E+11,1.04863E+11,83273897070,64327983980,85982820840,81615994000,90647063199,1.59113E+11,90749080500,20865059985
대창,1.01575E+11,1.18175E+11,90770206006,80112498621,99343143910,90867077503,96153226445,84304961575,1.29875E+11,1.40356E+11,1.65876E+11,1.09824E+11,1.15384E+11
대한유화,5.8175E+11,3.432E+11,5.668E+11,4.6085E+11,1.118E+12,1.79075E+12,1.71275E+12,9.9775E+11,7.6375E+11,1.495E+12,1.1895E+12,1.11475E+12,9.945E+11
대한제강,1.54592E+11,1.96927E+11,1.42951E+11,1.40486E+11,2.05554E+11,2.3439E+11,2.33405E+11,1.37775E+11,1.4862E+11,2.56326E+11,3.83257E+11,2.67417E+11,3.02514E+11
대한제당,1.86025E+11,2.01539E+11,2.21451E+11,1.96635E+11,1.88168E+11,2.22896E+11,2.28787E+11,1.7924E+11,1.88157E+11,2.15221E+11,2.91564E+11,2.43447E+11,3.0491E+11
대한제분,2.8561E+11,2.3491E+11,2.59415E+11,2.62795E+11,3.1096E+11,3.042E+11,2.81385E+11,2.9744E+11,2.49275E+11,2.8054E+11,2.61105E+11,2.23925E+11,2.15982E+11
대한항공,3.15007E+12,3.27818E+12,1.84261E+12,2.80342E+12,2.03171E+12,2.00605E+12,3.22654E+12,3.14978E+12,2.72507E+12,4.78682E+12,1.025E+13,8.48477E+12,8.82808E+12
대한화섬,99998400000,83531200000,81008000000,97076800000,1.328E+11,1.38776E+11,1.52056E+11,1.40104E+11,1.18856E+11,1.35456E+11,1.64672E+11,1.55376E+11,1.4037E+11
하이스틸,51133894400,46498698000,36898966800,31699112400,38298927600,41998824000,44798745600,53798493600,38298927600,38598919200,55298451600,66631854300,66328982235
한국가스공사,3.22276E+12,5.80407E+12,6.14805E+12,4.57411E+12,3.40173E+12,4.47256E+12,3.92792E+12,4.44949E+12,3.49405E+12,2.85247E+12,3.60944E+12,3.34173E+12,2.28013E+12
한국공항,97207098500,85491585000,72034576250,1.30296E+11,92615883750,1.35203E+11,1.67184E+11,1.35203E+11,1.43119E+11,1.19213E+11,1.38845E+11,1.27446E+11,1.56735E+11
한국내화,52613156890,71220213680,81966120720,72706349760,70991577360,71906122640,68933850480,1.26207E+11,92483391440,95912936240,1.44761E+11,1.15604E+11,1.24023E+11
한국단자,2.28609E+11,3.03077E+11,4.32223E+11,7.03013E+11,1.02275E+12,8.19661E+11,6.96764E+11,4.22849E+11,4.45241E+11,6.47813E+11,7.94665E+11,5.39497E+11,7.81125E+11
한국석유,21457800000,20769840000,31449600000,47108880000,65454480000,67485600000,63226800000,88124400000,67813200000,66502800000,1.43444E+11,1.30749E+11,1.43317E+11
한국쉘석유,2.652E+11,3.2045E+11,6.0905E+11,5.2845E+11,6.1295E+11,5.759E+11,4.992E+11,4.3745E+11,4.199E+11,3.3605E+11,3.3475E+11,3.0355E+11,2.938E+11
한국전력,1.64022E+13,1.95478E+13,2.23083E+13,2.74119E+13,3.20982E+13,2.82785E+13,2.44909E+13,2.1249E+13,1.78466E+13,1.75898E+13,1.41874E+13,1.39948E+13,1.21331E+13
한국제지,97096010600,1.03602E+11,1.33382E+11,1.44393E+11,1.75173E+11,1.54152E+11,1.12111E+11,81580668700,85334380450,,,,
한국제지,50276506350,53136715975,14184823980,23435828370,42808828500,42513595200,35013529370,40796935860,73611862530,1.03613E+11,92676425170,64758371625,2.14331E+11
한국주철관,72049580000,82309805000,83335827500,1.14003E+11,2.66766E+11,2.26181E+11,2.0452E+11,2.23445E+11,2.35985E+11,1.89928E+11,2.07485E+11,1.54587E+11,1.57551E+11
한국철강,2.09528E+11,2.58801E+11,2.26106E+11,2.69393E+11,3.72545E+11,3.41231E+11,3.47678E+11,2.54196E+11,2.17817E+11,3.01167E+11,3.56427E+11,2.58521E+11,2.79321E+11
한국카본,1.66085E+11,2.72179E+11,3.09021E+11,2.37782E+11,2.6689E+11,2.65963E+11,2.3563E+11,3.09484E+11,3.44213E+11,5.91272E+11,4.72578E+11,4.85766E+11,6.04214E+11
한국앤컴퍼니,6.88659E+12,5.60634E+11,2.05109E+12,2.27434E+12,1.62785E+12,1.93017E+12,1.75808E+12,1.54413E+12,1.33949E+12,1.36275E+12,1.49048E+12,1.32435E+12,1.48099E+12
한국무브넥스,76430554200,74603529000,73385512200,1.05358E+11,87392705400,82825142400,60291831600,41412571200,66990924000,1.11753E+11,81607125600,82216134000,2.81971E+11
한국화장품제조,17244260000,21662960000,14932940000,36210680000,1.53182E+11,1.2395E+11,2.18896E+11,1.61792E+11,1.40719E+11,1.67911E+11,1.16926E+11,1.29389E+11,1.06049E+11
한농화성,53478683640,51836794230,60828093380,57857055400,60593537750,1.00546E+11,65284650350,62626353210,66535613710,1.3917E+11,2.54884E+11,1.55901E+11,2.46596E+11
한독,1.4152E+11,2.3258E+11,1.9488E+11,2.49363E+11,3.69636E+11,3.30595E+11,4.15605E+11,4.2254E+11,3.11744E+11,4.58326E+11,3.13809E+11,2.30539E+11,1.96819E+11
한미글로벌,57155000000,47925000000,48422000000,59222658640,1.18096E+11,96289065560,97482219510,1.04316E+11,1.05192E+11,1.14506E+11,1.33134E+11,2.94758E+11,2.25178E+11
한미반도체,1.59464E+11,1.71672E+11,2.84848E+11,4.12012E+11,3.17911E+11,3.92937E+11,7.53448E+11,4.45202E+11,4.63514E+11,9.32177E+11,1.87206E+12,1.1194E+12,6.00583E+12
한샘,4.78915E+11,4.36554E+11,1.18376E+12,2.69463E+12,5.4481E+12,4.68325E+12,4.23611E+12,1.58619E+12,1.46381E+12,2.4593E+12,2.17924E+12,1.04961E+12,1.25907E+12
한섬,7.31511E+11,7.25354E+11,7.77077E+11,8.01707E+11,9.99978E+11,8.58356E+11,7.74614E+11,8.92838E+11,7.77077E+11,7.45058E+11,8.76828E+11,6.66242E+11,4.70926E+11
한성기업,58066280600,46507803990,32922485510,34511091300,49246779490,45357434280,35880579050,34475790510,32766714360,51601069650,39927181450,31916907100,35953091850
한세실업,2.836E+11,6.62E+11,7.76E+11,1.588E+12,2.12E+12,1.026E+12,1.078E+12,7.94E+11,6.92E+11,7E+11,8.78E+11,6.16E+11,8.42E+11
한솔로지스틱스,71975628000,1.7826E+11,1.23318E+11,1.10408E+11,56682342000,45724854375,33778721250,36407588125,42177847375,63610238875,1.07986E+11,77486338500,67992951250
한솔케미칼,2.11785E+11,2.69955E+11,3.08924E+11,4.39948E+11,7.01432E+11,9.4089E+11,8.18902E+11,8.75378E+11,1.19729E+12,2.21951E+12,3.4629E+12,2.10268E+12,2.57309E+12
한솔테크닉스,1.73956E+11,1.67743E+11,3.35255E+11,3.05293E+11,6.33448E+11,3.41598E+11,3.69235E+11,1.37523E+11,2.87062E+11,3.25915E+11,2.50778E+11,1.6376E+11,2.22843E+11
한솔PNS,21880750080,22948739072,32971241415,31729646550,44697415140,42625464960,29509937280,27768031260,35555375820,35452910760,40678628820,31969098720,25800702108
한솔홀딩스,3.72989E+11,3.97855E+11,4.92957E+11,4.64601E+11,2.67089E+11,3.10611E+11,2.11633E+11,2.31799E+11,1.85196E+11,1.54802E+11,1.4913E+11,1.37368E+11,1.20565E+11
한양증권,85006367600,86649183040,82471052160,92807523340,97989689560,96229871500,1.03063E+11,91240887220,1.04702E+11,1.26125E+11,2.10023E+11,1.11248E+11,1.23305E+11
한온시스템,2.32737E+12,2.53021E+12,4.13695E+12,5.16718E+12,5.54084E+12,5.49814E+12,7.41982E+12,5.76504E+12,5.95187E+12,8.67425E+12,7.17961E+12,4.31844E+12,3.8914E+12
한올바이오파마,3.40686E+11,3.56384E+11,1.74322E+11,1.60526E+11,6.77682E+11,6.86964E+11,1.27467E+12,1.89111E+12,1.89634E+12,1.95902E+12,1.09967E+12,9.29883E+11,2.31426E+12
한익스프레스,26760000000,24960000000,26760000000,46320000000,1.44E+11,89760000000,53280000000,52140000000,52920000000,85320000000,75840000000,63120000000,78600000000
한전KPS,1.854E+12,2.7405E+12,2.466E+12,3.5865E+12,4.005E+12,2.439E+12,1.827E+12,1.494E+12,1.76175E+12,1.3365E+12,1.73475E+12,1.494E+12,1.53225E+12
한전기술,3.53917E+12,2.67922E+12,2.31231E+12,1.96069E+12,1.32241E+12,9.03903E+11,9.09636E+11,7.98798E+11,7.66311E+11,6.82227E+11,3.2487E+12,2.08681E+12,2.37346E+12
한진,2.59251E+11,2.36499E+11,2.28117E+11,6.49026E+11,5.55624E+11,3.4487E+11,3.11341E+11,6.44236E+11,3.5924E+11,7.14497E+11,4.49924E+11,3.14648E+11,3.71449E+11
HJ중공업,8.95751E+11,6.03606E+11,8.34926E+11,4.54672E+11,3.98925E+11,3.56867E+11,3.51034E+11,1.75517E+11,4.15122E+11,6.09568E+11,6.69525E+11,3.26019E+11,3.70571E+11
한진중공업홀딩스,2.08776E+11,2.1793E+11,2.82305E+11,2.40373E+11,1.77474E+11,1.49126E+11,1.19005E+11,86522349160,76482213080,1.24763E+11,1.22992E+11,1.15019E+11,94938345580
한창,10682162590,17436046034,14748276092,41867185635,1.77806E+11,2.03995E+11,58751894245,62542339035,94281628990,98849598120,67792123035,72805827556,24467425205
한창제지,27087134096,27965915164,31274267420,34427540664,79059418950,68319271470,60264160860,1.77212E+11,1.82583E+11,1.48572E+11,1.22318E+11,79656093810,55252092036
한화,2.49095E+12,2.56886E+12,2.94543E+12,2.34939E+12,2.96545E+12,3.01368E+12,3.52886E+12,2.68551E+12,2.19638E+12,2.4488E+12,2.7318E+12,2.24963E+12,2.25876E+12
한화손해보험,3.60668E+11,2.9682E+11,4.15584E+11,4.16945E+11,7.07764E+11,6.56042E+11,9.50255E+11,6.89927E+11,3.29787E+11,4.47694E+11,4.33101E+11,5.44003E+11,4.72793E+11
한화솔루션,3.46101E+12,2.58247E+12,3.03264E+12,1.91847E+12,4.42324E+12,4.08518E+12,5.22646E+12,3.30809E+12,3.05754E+12,7.72875E+12,6.83185E+12,8.26296E+12,6.85697E+12
한화에어로스페이스,2.82652E+12,3.17186E+12,2.89027E+12,1.26715E+12,1.88877E+12,2.3085E+12,1.86993E+12,1.6913E+12,1.80718E+12,1.44296E+12,2.43024E+12,3.72637E+12,6.30344E+12
한화투자증권,3.93838E+11,3.61664E+11,2.92145E+11,3.2178E+11,3.43347E+11,3.68471E+11,4.77163E+11,3.60761E+11,4.52761E+11,4.8778E+11,1.4348E+12,5.28379E+11,7.96786E+11
HDC현대EP,1.70027E+11,1.52642E+11,2.02565E+11,2.27766E+11,3.509E+11,2.98584E+11,2.1692E+11,1.37011E+11,1.59819E+11,2.11178E+11,1.89805E+11,1.26165E+11,1.45464E+11
현대건설,7.84315E+12,7.79776E+12,6.76249E+12,4.69134E+12,3.18324E+12,4.77069E+12,4.0469E+12,6.09564E+12,4.72285E+12,4.18757E+12,5.02739E+12,3.94432E+12,3.94063E+12
현대그린푸드,,,,,,,,,,,,,3.88953E+11
현대글로비스,7.2E+12,8.30625E+12,8.6625E+12,1.09313E+13,7.2375E+12,5.79375E+12,5.1E+12,4.8375E+12,5.3625E+12,6.9E+12,6.3E+12,6.13125E+12,7.18125E+12
현대리바트,1.34986E+11,1.02534E+11,2.12318E+11,6.54217E+11,6.04158E+11,4.09101E+11,6.57129E+11,4.11732E+11,2.74146E+11,3.27538E+11,3.1111E+11,1.76398E+11,1.59354E+11
현대모비스,2.84282E+13,2.80377E+13,2.85752E+13,2.29739E+13,2.39953E+13,2.56988E+13,2.56014E+13,1.84953E+13,2.43985E+13,2.42865E+13,2.40689E+13,1.89042E+13,2.21963E+13
HD현대미포,2.24E+12,2.54E+12,3.56E+12,1.394E+12,1.042E+12,1.344E+12,1.574E+12,2.39653E+12,1.83934E+12,1.91722E+12,2.79595E+12,3.37511E+12,3.39109E+12
현대백화점,3.8146E+12,3.72099E+12,3.76779E+12,2.8785E+12,2.96041E+12,2.55087E+12,2.44556E+12,2.11558E+12,1.94474E+12,1.67093E+12,1.75752E+12,1.38074E+12,1.21225E+12
현대비앤지스틸,1.74363E+11,1.5452E+11,1.97334E+11,2.57512E+11,1.50605E+11,1.92052E+11,1.81354E+11,1.4043E+11,1.42517E+11,1.55968E+11,2.5611E+11,1.61558E+11,2.20301E+11
HMM,3.59616E+12,3.38125E+12,1.92971E+12,1.69273E+12,9.22538E+11,1.20235E+12,1.56527E+12,1.15212E+12,1.12376E+12,4.55783E+12,1.31552E+13,9.56072E+12,1.34914E+13
현대약품,38500000000,45080000000,47880000000,68320000000,1.0346E+11,1.3636E+11,1.2144E+11,1.5088E+11,1.6736E+11,2.4704E+11,1.904E+11,1.5328E+11,1.3152E+11
현대엘리베이,1.40059E+12,1.21277E+12,6.51634E+11,1.14065E+12,1.48288E+12,1.41391E+12,1.34001E+12,2.90593E+12,1.85771E+12,1.62036E+12,1.68159E+12,1.15507E+12,1.73375E+12
현대차,5.11596E+13,5.28492E+13,6.04265E+13,4.57334E+13,3.96048E+13,3.85275E+13,4.07659E+13,2.99999E+13,3.05618E+13,4.66624E+13,5.09674E+13,3.69394E+13,5.0179E+13
현대제철,8.1646E+12,7.49061E+12,7.36264E+12,7.40091E+12,6.66562E+12,7.60641E+12,7.81992E+12,6.03842E+12,4.19687E+12,5.28445E+12,5.47128E+12,4.08344E+12,4.87077E+12
HD현대중공업,,,,,,,,,,,8.4512E+12,1.02977E+13,1.14517E+13
현대해상,3.0843E+12,2.97702E+12,2.9055E+12,2.3244E+12,3.22287E+12,2.8161E+12,4.2018E+12,3.66987E+12,2.40933E+12,2.03385E+12,2.05173E+12,2.63283E+12,2.7714E+12
형지엘리트,22297121775,23454010125,31608789030,28459444955,47666966655,1.10375E+11,88632168240,35723698270,45953327050,1.05926E+11,1.16986E+11,40812785380,43180550028
혜인,57857553600,43501920000,44129365550,42206320040,39918025580,52694336315,44176795825,67504686570,54855503305,65979156930,72589785370,76912119350,72208402960
호텔신라,1.52071E+12,1.73458E+12,2.62868E+12,3.63314E+12,3.0711E+12,1.91307E+12,3.37104E+12,3.03714E+12,3.6035E+12,3.29012E+12,3.11902E+12,3.30881E+12,2.60292E+12
화성산업,40153830000,55281552000,74580292000,1.50032E+11,1.50655E+11,1.68086E+11,1.8863E+11,1.80537E+11,1.45052E+11,1.55012E+11,1.5688E+11,1.06575E+11,1.10128E+11
화승알앤에이,,,,,,,,,,,97627222220,68282074685,78728567335
화승인더,48294360000,46081560000,67490400000,52609320000,4.18219E+11,5.78094E+11,5.6703E+11,3.78389E+11,6.58308E+11,3.94432E+11,3.37452E+11,2.12982E+11,1.91131E+11
화신,4.38251E+11,3.5095E+11,3.98093E+11,2.54221E+11,2.20697E+11,2.25586E+11,1.49983E+11,82412167600,1.1419E+11,1.18206E+11,2.90538E+11,2.52125E+11,4.77711E+11
화천기계,63800000000,52690000000,58410000000,68860000000,58190000000,47520000000,47740000000,40040000000,60720000000,57970000000,58630000000,69300000000,85140000000
화천기공,98670000000,94490000000,1.0989E+11,1.4234E+11,1.21E+11,1.1088E+11,1.2232E+11,90420000000,88000000000,71280000000,75350000000,67430000000,69630000000
환인제약,1.0974E+11,1.57729E+11,1.95301E+11,4.27802E+11,3.63631E+11,2.94811E+11,4.13852E+11,3.56191E+11,2.87371E+11,3.10621E+11,3.31081E+11,3.27361E+11,2.79745E+11
황금에스티,58500000000,53060000000,58240000000,70000000000,76020000000,1.2362E+11,1.26E+11,1.0976E+11,97860000000,1.1312E+11,1.352E+11,1.1849E+11,1.2155E+11
효성,1.8823E+12,2.58464E+12,2.46876E+12,2.40203E+12,4.1263E+12,5.10959E+12,4.89888E+12,6.89758E+11,1.66672E+12,1.60983E+12,1.99543E+12,1.41387E+12,1.3338E+12
후성,6.75199E+11,4.12669E+11,2.81191E+11,2.70588E+11,4.95263E+11,6.78214E+11,9.37857E+11,6.87143E+11,7.56598E+11,1.09276E+12,2.13922E+12,1.00957E+12,1.13034E+12
휴니드,35209011900,39126777675,35616052500,48819308850,2.03367E+11,1.89421E+11,1.60923E+11,1.12928E+11,1.02623E+11,80461285500,1.21257E+11,85401890750,86813492250
TKG휴켐스,8.15528E+11,1.05876E+12,9.81086E+11,1.02605E+12,6.25442E+11,8.87065E+11,1.00357E+12,9.85174E+11,8.64582E+11,1.04854E+12,9.46339E+11,8.17572E+11,8.7889E+11
흥국화재,3.64809E+11,3.20041E+11,2.71049E+11,2.39454E+11,2.76224E+11,2.43307E+11,3.50848E+11,3.10088E+11,2.03693E+11,1.90523E+11,2.41726E+11,2.23709E+11,2.01564E+11
흥아해운,51550090470,66612051060,1.0801E+11,2.4101E+11,1.60532E+11,1.36609E+11,95912785930,70608658860,53926060552,30117000222,6.49147E+11,3.25776E+11,6.01062E+11
동국제강,,,,,,,,,,,,,5.97281E+11
동방,1.01808E+11,81360606600,45415576700,40787923150,54778503650,66511518650,46671896950,45847855560,52038989340,90790388820,1.93086E+11,1.26885E+11,98821837960
동방아그로,85543532020,85198606250,85790735100,87833371650,88786602040,99544487870,95323039000,89876008200,93552753990,87152492800,98999784790,85926910870,86607789720
KG스틸,3.14624E+11,2.05273E+11,1.39726E+11,89547797920,1.09997E+11,3.68658E+11,1.88692E+11,1.81549E+11,7.84095E+11,1.16656E+12,1.06521E+12,7.39066E+11,8.90079E+11
동성제약,29473790175,80920871950,73244137900,92942784200,1.10679E+11,93875927640,1.22545E+11,3.70111E+11,4.18436E+11,3.24957E+11,2.18726E+11,1.74354E+11,1.50342E+11
동성케미컬,96244653330,1.57701E+11,1.4481E+11,2.42276E+11,2.90393E+11,2.81759E+11,2.54946E+11,2.33133E+11,2.37223E+11,2.17545E+11,2.38262E+11,2.35032E+11,2.23604E+11
동아쏘시오홀딩스,9.88788E+11,1.21372E+12,6.40097E+11,5.44513E+11,7.91021E+11,9.46874E+11,7.85693E+11,6.69074E+11,6.59867E+11,7.54004E+11,7.29963E+11,6.44415E+11,6.4124E+11
다스코,24132500000,34851250000,39971250000,53826750000,66891700000,94986600000,1.01178E+11,1.26126E+11,1.07184E+11,77308000000,82273234875,88256081550,82436999250
동아지질,1.10745E+11,1.2765E+11,94185000000,87285000000,90505000000,1.104E+11,1.3455E+11,1.97225E+11,2.20225E+11,1.8055E+11,2.1045E+11,1.7074E+11,1.81841E+11
동양고속,47868600000,55294200000,61393800000,91228800000,94676400000,98389200000,87091200000,83392387200,78904255250,72389225000,49948565250,40103630650,37729264070
TYM,1.73281E+11,76178068500,52572675600,49695564000,81082236000,2.47824E+11,1.06584E+11,1.19335E+11,1.48852E+11,1.98457E+11,2.6745E+11,4.38779E+11,2.48681E+11
동양생명,1.57056E+12,1.13489E+12,1.22095E+12,1.1564E+12,1.25322E+12,1.36617E+12,1.22633E+12,7.6968E+11,6.45434E+11,5.67982E+11,1.06497E+12,7.84203E+11,7.30954E+11
동양철관,2.09707E+11,1.46879E+11,1.05907E+11,87560710800,1.10367E+11,1.08264E+11,72144948553,1.80706E+11,1.23641E+11,1.33152E+11,1.52768E+11,1.12109E+11,97842593670
동원F&B,2.76313E+11,2.85575E+11,5.09404E+11,1.12493E+12,1.51664E+12,7.64107E+11,9.03035E+11,1.1095E+12,8.72162E+11,6.90783E+11,7.506E+11,6.05882E+11,6.30967E+11
동원산업,5.66699E+11,9.60194E+11,1.06445E+12,1.04596E+12,8.89566E+11,1.22252E+12,1.13004E+12,6.8273E+11,7.77821E+11,8.18275E+11,8.34825E+11,2.46664E+12,1.54787E+12
동화약품,1.1396E+11,1.68706E+11,1.22619E+11,1.55578E+11,2.27362E+11,2.26804E+11,2.72332E+11,2.54176E+11,2.32111E+11,5.48853E+11,4.07799E+11,2.58645E+11,2.86856E+11
두산,3.7905E+12,2.89331E+12,3.21492E+12,2.52176E+12,2.18866E+12,2.58674E+12,2.5655E+12,2.4363E+12,1.46313E+12,1.09557E+12,2.36187E+12,1.63559E+12,1.82059E+12
HD현대인프라코어,3.00872E+12,2.86719E+12,2.61394E+12,2.01647E+12,9.74003E+11,1.82976E+12,1.8075E+12,1.57992E+12,1.1553E+12,1.71003E+12,1.39784E+12,1.58211E+12,1.62078E+12
두산에너빌리티,6.89041E+12,4.7847E+12,3.758E+12,2.51064E+12,2.18686E+12,2.8875E+12,1.6342E+12,1.13984E+12,1.15628E+12,5.0576E+12,1.06268E+13,9.82994E+12,1.01849E+13
디씨엠,1.17E+11,1.22265E+11,1.2402E+11,1.9071E+11,1.21095E+11,1.48005E+11,1.44495E+11,1.2753E+11,1.42155E+11,1.43325E+11,2.7261E+11,1.5447E+11,1.2654E+11
디아이,40641334425,1.07326E+11,3.18118E+11,2.17328E+11,2.01579E+11,1.48192E+11,1.61579E+11,1.10081E+11,1.09924E+11,1.50397E+11,2.9481E+11,1.34284E+11,1.7829E+11
디아이씨,1.53853E+11,95263000000,94069500000,1.13708E+11,1.81412E+11,2.09622E+11,1.80189E+11,1.47611E+11,80499337830,1.14332E+11,2.16609E+11,1.31054E+11,1.93665E+11
디와이,4.00566E+11,3.35652E+11,3.56235E+11,2.3939E+11,1.84237E+11,1.86606E+11,1.69235E+11,1.43968E+11,1.4818E+11,1.19228E+11,1.7213E+11,1.39494E+11,1.54759E+11
DN오토모티브,2.64556E+11,3.74887E+11,4.50813E+11,4.54372E+11,5.64703E+11,5.90803E+11,3.19308E+11,3.19808E+11,2.93324E+11,2.57346E+11,7.1757E+11,6.40616E+11,7.30562E+11
스틱인베스트먼트,60016572000,1.40455E+11,1.20867E+11,1.50041E+11,1.79216E+11,1.53376E+11,1.60044E+11,2.37982E+11,2.15476E+11,3.71353E+11,6.12669E+11,2.15059E+11,2.8883E+11
롯데손해보험,2.30014E+11,2.09577E+11,1.92084E+11,1.82665E+11,4.02169E+11,3.23615E+11,3.89412E+11,3.54499E+11,6.43948E+11,5.43089E+11,5.02745E+11,4.39126E+11,7.41704E+11
롯데쇼핑,9.86023E+12,1.09494E+13,1.27223E+13,8.59701E+12,7.32163E+12,6.97523E+12,5.59629E+12,5.96893E+12,3.83313E+12,2.8996E+12,2.46678E+12,2.57428E+12,2.12166E+12
롯데정밀화학,1.5738E+12,1.5738E+12,1.14939E+12,8.4366E+11,9.1848E+11,7.9077E+11,1.67442E+12,1.05909E+12,1.16487E+12,1.42416E+12,1.935E+12,1.46286E+12,1.4964E+12
롯데칠성,1.85714E+12,1.91306E+12,1.94181E+12,1.92053E+12,2.85635E+12,1.89152E+12,1.10629E+12,1.16917E+12,1.17506E+12,1.02024E+12,1.29293E+12,1.69092E+12,1.41347E+12
롯데케미칼,9.49428E+12,7.82163E+12,7.9519E+12,5.48407E+12,8.34606E+12,1.26476E+13,1.26134E+13,9.49429E+12,7.67769E+12,9.46002E+12,7.43777E+12,6.11816E+12,6.55319E+12
마니커,49351123500,43920652700,47880711550,43200642000,83881246550,1.04353E+11,75521383619,1.21865E+11,1.28521E+11,1.35557E+11,73673024480,75895917460,73673024480
만호제강,59967500000,62042500000,61212500000,73662500000,74492500000,80095000000,75530000000,72210000000,65155000000,72625000000,95657500000,1.22425E+11,1.95673E+11
명문제약,69572760840,51255000000,35870000000,42987050000,52519000000,1.24691E+11,1.43519E+11,1.27363E+11,1.19633E+11,2.46842E+11,1.606E+11,97446412980,77583642390
모나리자,1.0368E+11,1.27268E+11,74971072750,96730969475,1.51405E+11,2.50147E+11,1.81028E+11,1.27999E+11,1.32754E+11,1.84319E+11,1.42079E+11,1.04228E+11,95999544375
모나미,51662400000,39056774400,27447181325,41136028720,84470962290,80313554750,53857324950,49510944340,69353116690,1.03746E+11,87400044875,59998949725,57920245955
무림P&P,3.24939E+11,2.37311E+11,3.55499E+11,2.54151E+11,3.10906E+11,2.52592E+11,2.8284E+11,3.77952E+11,2.63506E+11,2.25773E+11,2.70367E+11,2.71302E+11,1.97708E+11
무림페이퍼,1.1401E+11,1.01527E+11,1.30653E+11,86963457900,1.267E+11,1.10265E+11,1.01735E+11,1.17338E+11,1.03399E+11,1.12553E+11,1.04023E+11,1.01943E+11,95285319900
미래산업,92506757850,96350219840,84306442360,67205870339,2.33974E+11,1.73468E+11,1.38149E+11,1.12998E+11,1.12148E+11,51267678720,62550698350,48304275950,77443764650
미래아이앤지,13969598225,1.00212E+11,50112964920,57579908360,1.51499E+11,81662892035,56040739579,42470800790,42082348100,51016754312,60857549560,39037018720,39176435520
미원상사,81383240400,1.23997E+11,1.64399E+11,1.41714E+11,1.61122E+11,1.84571E+11,1.78411E+11,1.9916E+11,2.90016E+11,6.03855E+11,1.0114E+12,8.051E+11,8.094E+11
미원홀딩스,89504100000,1.94131E+11,2.5829E+11,2.18071E+11,2.23551E+11,3.16736E+11,1.13091E+11,80562791700,95835911400,1.79336E+11,3.5148E+11,2.552E+11,1.82816E+11
미창석유,81590616800,94638156800,1.25952E+11,1.1708E+11,1.36564E+11,1.64573E+11,1.49264E+11,1.33085E+11,1.3813E+11,1.11861E+11,1.37434E+11,1.26822E+11,1.24734E+11
태경비케이,54200791500,52959552000,60131158000,68130257000,67716510500,79715159000,76405187000,71716060000,1.19849E+11,1.11436E+11,1.40122E+11,1.43432E+11,1.83428E+11
백산,66066000000,1.04544E+11,1.60204E+11,1.09626E+11,1.14345E+11,2.29416E+11,1.67948E+11,1.53428E+11,2.17558E+11,1.34068E+11,1.99166E+11,1.91453E+11,2.39625E+11
보락,29710400000,38935000000,28752000000,35880100000,46841800000,69244400000,64692000000,1.22795E+11,1.22196E+11,1.47055E+11,1.18602E+11,96439000000,78409100000
보령,1.11072E+11,1.63587E+11,2.4462E+11,3.08637E+11,4.53456E+11,5.2266E+11,4.2432E+11,4.41116E+11,7.3372E+11,9.07161E+11,1.00287E+12,6.22331E+11,8.16724E+11
부광약품,3.88099E+11,3.98242E+11,4.26013E+11,5.53527E+11,8.67579E+11,9.87031E+11,1.05172E+12,1.21198E+12,9.11675E+11,1.82195E+12,9.16713E+11,6.21802E+11,4.33485E+11
부산주공,20992640000,21255048000,17450132000,23157506000,32996000000,72998000000,30311750540,20666569664,19876960551,40874802723,38990399964,46893339284,38288532168
빙그레,5.87134E+11,1.10334E+12,9.56556E+11,7.42784E+11,6.7481E+11,6.28509E+11,6.21613E+11,7.14215E+11,5.51669E+11,5.62506E+11,5.24086E+11,3.86661E+11,5.38863E+11
사조동아원,2.50757E+11,1.88695E+11,2.07274E+11,1.92608E+11,1.1211E+11,1.07548E+11,1.99014E+11,1.67256E+11,1.4185E+11,1.35075E+11,1.56671E+11,1.27312E+11,1.34793E+11
사조산업,2.835E+11,2.515E+11,1.455E+11,1.99E+11,3.38E+11,3.195E+11,3.415E+11,2.4925E+11,1.865E+11,1.56E+11,2.3675E+11,2.25E+11,2.1E+11
SGC에너지,3.301E+11,3.42236E+11,2.26701E+11,3.02916E+11,4.62141E+11,3.25246E+11,2.12138E+11,1.40293E+11,1.4806E+11,5.76072E+11,6.94222E+11,4.54253E+11,3.93375E+11
삼성SDI,6.16123E+12,6.9594E+12,7.49743E+12,8.09237E+12,7.9584E+12,7.58367E+12,1.42136E+13,1.51989E+13,1.63778E+13,4.36776E+13,4.56014E+13,4.1088E+13,3.28549E+13
삼성물산,1.0744E+13,9.86523E+12,9.59463E+12,9.77219E+12,,,,,,,,,
삼성물산,,,,2.133E+13,2.67291E+13,2.39492E+13,2.40294E+13,2.01265E+13,2.0708E+13,2.59947E+13,2.2417E+13,2.13777E+13,2.41962E+13
삼성E&A,8.06E+12,6.62E+12,2.64E+12,1.516E+12,5.82E+11,2.0188E+12,2.4304E+12,3.4496E+12,3.7632E+12,2.597E+12,4.4884E+12,4.361E+12,5.684E+12
삼성전기,5.87623E+12,7.49145E+12,5.54581E+12,4.16365E+12,4.79678E+12,3.87191E+12,7.60425E+12,7.85376E+12,9.48206E+12,1.35632E+13,1.50572E+13,9.93357E+12,1.16503E+13
삼성전자,1.71073E+14,2.43644E+14,2.25225E+14,2.1919E+14,2.10508E+14,2.829E+14,3.67087E+14,2.57157E+14,3.70473E+14,5.44117E+14,5.26024E+14,3.71685E+14,5.19894E+14
삼성중공업,6.44498E+12,8.90329E+12,8.78824E+12,4.60888E+12,2.50936E+12,3.6115E+12,2.86301E+12,4.67324E+12,4.5873E+12,4.47488E+12,5.01475E+12,4.51098E+12,6.82E+12
삼성증권,3.7759E+12,4.08164E+12,3.36697E+12,3.40519E+12,3.19117E+12,2.42299E+12,3.26838E+12,2.81295E+12,3.44698E+12,3.61219E+12,4.00957E+12,2.80849E+12,3.43805E+12
삼성카드,4.7831E+12,4.22885E+12,4.33312E+12,5.12096E+12,3.57425E+12,4.5996E+12,4.58801E+12,4.00292E+12,4.47215E+12,3.76541E+12,3.64956E+12,3.42363E+12,3.74804E+12
삼성화재,1.02307E+13,1.05882E+13,1.27249E+13,1.39181E+13,1.51711E+13,1.33011E+13,1.32141E+13,1.32976E+13,1.20656E+13,9.33924E+12,1.00772E+13,9.96334E+12,1.30661E+13
삼양식품,2.86631E+11,1.83429E+11,1.85689E+11,1.60077E+11,2.07911E+11,3.05464E+11,7.29196E+11,3.91717E+11,6.77218E+11,7.60835E+11,7.1413E+11,9.56693E+11,1.62713E+12
삼양홀딩스,4.52273E+11,5.5395E+11,6.19855E+11,7.80666E+11,1.38255E+12,1.04283E+12,1.06181E+12,6.86708E+11,5.87063E+11,6.53119E+11,8.61991E+11,6.05241E+11,6.0705E+11
삼영무역,88800000000,1.5561E+11,2.58526E+11,3.93552E+11,3.97669E+11,2.90636E+11,2.91459E+11,2.31356E+11,2.79946E+11,2.58537E+11,2.66847E+11,2.29914E+11,2.28805E+11
삼영전자,1.86E+11,1.732E+11,1.868E+11,2.37E+11,2.55E+11,2.43E+11,2.61E+11,2.37E+11,1.804E+11,2.04E+11,2.28E+11,1.86E+11,1.714E+11
삼영,2.0026E+11,1.1679E+11,69020000000,51850000000,60690000000,53380000000,38760000000,28186000000,33932000000,88230000000,1.02E+11,81940000000,1.5368E+11
삼익THK,1.554E+11,1.1508E+11,1.638E+11,1.7787E+11,1.8123E+11,2.268E+11,4.557E+11,2.0517E+11,2.436E+11,2.5305E+11,2.751E+11,2.4885E+11,2.2785E+11
삼익악기,1.38241E+11,91337537515,1.594E+11,2.89751E+11,2.91009E+11,2.15112E+11,2.12748E+11,1.62503E+11,1.67935E+11,1.32175E+11,1.65219E+11,1.16332E+11,98678697350
삼일제약,23512500000,24612500000,30415000000,30690000000,39985000000,46255000000,46915000000,1.339E+11,1.36825E+11,1.37915E+11,1.12901E+11,1.1767E+11,1.02019E+11
삼정펄프,58240000000,85499016750,1.11499E+11,98498857400,89498961800,1.11999E+11,1.03874E+11,83624029950,82124047350,74749132900,74999130000,63749260500,62374276450
삼진제약,1.10505E+11,1.48035E+11,2.00855E+11,2.9746E+11,3.23175E+11,4.83025E+11,4.98315E+11,5.58085E+11,3.46805E+11,3.78775E+11,3.6557E+11,3.56535E+11,3.0024E+11
삼천리,3.71035E+11,5.04851E+11,5.14988E+11,5.63648E+11,4.1564E+11,4.11585E+11,4.58218E+11,3.69007E+11,3.4265E+11,3.30079E+11,3.68196E+11,1.58551E+12,3.85227E+11
삼호개발,51750000000,50000000000,61500000000,77500000000,89375000000,87500000000,1.1425E+11,1.26E+11,1.1125E+11,1.06875E+11,1.275E+11,95500000000,84875000000
삼화왕관,41794952600,45241959000,53644037100,75295546050,95654427600,97162492900,1.11597E+11,1.00933E+11,98131963450,84882532600,93715486500,79388866150,68724690100
삼화전기,26488349100,19874529100,34920969600,32738409000,34391864000,36706701000,1.21033E+11,1.4352E+11,1.01853E+11,1.37567E+11,2.03044E+11,90609334000,1.15213E+11
삼화전자,17078166000,15800208000,18356124000,14754606000,25692876000,28547640000,24360652800,23478075300,27033774900,41151993900,42250077600,34976803000,70991340000
삼화페인트,78400000000,97440000000,2.352E+11,3.3264E+11,2.8448E+11,2.51602E+11,1.9333E+11,1.82956E+11,1.35895E+11,3.72786E+11,2.51088E+11,1.59956E+11,1.80631E+11
상신브레이크,1.04029E+11,79014936000,1.21528E+11,1.38276E+11,1.58245E+11,1.45791E+11,1.63183E+11,90609519000,75364789500,68923354500,83309226000,64951136250,78370792500
샘표,76881200000,1.28876E+11,1.00879E+11,1.49318E+11,1.79982E+11,79374744750,86849160000,96195510000,1.17189E+11,1.40914E+11,1.22653E+11,1.36313E+11,1.42352E+11
서연,3.54743E+11,2.87736E+11,6.7204E+11,1.49888E+11,2.8556E+11,2.51234E+11,1.72812E+11,85231833720,68561144480,2.2752E+11,2.88802E+11,1.62715E+11,2.01692E+11
서울가스,2.4875E+11,4.01E+11,5.9E+11,7.15E+11,5.675E+11,4.11E+11,4.715E+11,4.27E+11,3.53E+11,4.525E+11,8.375E+11,2.125E+12,3.09E+11
서원,87140847850,91896528150,51473245600,33289762100,70076347950,94949180000,54358405550,51272557200,1.34353E+11,1.31505E+11,92338077550,55782643250,63995747320
서흥,1.75851E+11,2.14607E+11,4.48303E+11,5.77299E+11,4.91109E+11,4.29793E+11,3.7831E+11,2.70717E+11,4.10704E+11,5.90025E+11,5.11355E+11,3.89301E+11,3.32034E+11
선도전기,51120000000,46170000000,43560000000,42030000000,47520000000,79110000000,56970000000,79470000000,54630000000,54270000000,64620000000,54000000000,54000000000
SUN&L,62200000000,66896594600,69857917500,85144380500,1.49759E+11,1.32384E+11,97081515300,66696261810,54718672260,63670344450,63039945000,39084765900,31456932555
성문전자,29411392440,24809428920,24053340870,19048724520,49386864975,1.87754E+11,44036029305,56462736765,48646742550,41188119735,52442759655,35004628350,37895782425
성신양회,48071100230,95709593000,1.43798E+11,2.55251E+11,2.27943E+11,1.75392E+11,1.43818E+11,2.99165E+11,1.78302E+11,1.88506E+11,4.18688E+11,2.43079E+11,2.17531E+11
성창기업지주,90000000000,1.074E+11,96156414000,1.12038E+11,2.22508E+11,2.2181E+11,1.82749E+11,1.34969E+11,1.11951E+11,1.55895E+11,1.70543E+11,1.29738E+11,1.35318E+11
세방,3.18701E+11,3.49407E+11,3.79407E+11,4.02512E+11,3.54909E+11,3.22041E+11,2.71771E+11,2.54873E+11,2.46436E+11,2.50882E+11,2.57301E+11,6.05356E+11,2.62081E+11
세방전지,6.153E+11,6.601E+11,7.672E+11,5.53E+11,5.719E+11,5.236E+11,5.005E+11,5.033E+11,5.222E+11,9.646E+11,1.0626E+12,5.929E+11,8.148E+11
세아베스틸지주,1.64966E+12,1.02745E+12,9.28829E+11,1.00055E+12,9.89794E+11,9.16277E+11,1.04179E+12,6.3476E+11,5.46897E+11,3.80138E+11,7.13656E+11,5.84553E+11,8.91174E+11
세아제강,,,,,,,,1.61669E+11,1.72731E+11,2.56685E+11,2.7115E+11,3.67301E+11,3.90275E+11
세아홀딩스,4.98E+11,3.308E+11,3.78E+11,6.48E+11,5.24E+11,5.16E+11,6.08E+11,3.892E+11,3.144E+11,3.06E+11,4.18E+11,4.32E+11,4.32E+11
세원이앤씨,1.22612E+11,1.39455E+11,87886617160,1.13688E+11,1.96554E+11,1.78447E+11,1.96085E+11,2.19567E+11,1.75653E+11,2.01121E+11,1.66382E+11,1.20474E+11,54838923850
세원정공,1.18E+11,1.725E+11,2.615E+11,2.525E+11,2.15E+11,1.765E+11,1.495E+11,68800000000,80900000000,80900000000,80900000000,61500000000,66400000000
세이브존I&C,94394058500,1.1081E+11,1.96996E+11,2.46245E+11,2.36806E+11,2.15875E+11,2.01921E+11,1.40975E+11,1.33793E+11,1.20865E+11,1.22507E+11,1.02602E+11,98292943525
에스제이지세종,2.31629E+11,2.37645E+11,3.04827E+11,2.56697E+11,2.01547E+11,1.89915E+11,1.52013E+11,1.56894E+11,1.0454E+11,2.56272E+11,2.42321E+11,1.52459E+11,1.65257E+11
송원산업,2.2224E+11,2.856E+11,2.3856E+11,1.9488E+11,3.492E+11,4.104E+11,6.48E+11,4.572E+11,3.732E+11,3.828E+11,5.148E+11,4.128E+11,3.9264E+11
수산중공업,78567654500,85720810050,63350374450,76432643850,1.38235E+11,1.0878E+11,76119079830,89075518950,1.36582E+11,1.64655E+11,1.58446E+11,1.4387E+11,1.31662E+11
신대양제지,56376627600,79537726200,86180832000,1.23538E+11,98278619800,94022459100,1.39159E+11,2.38966E+11,2.39772E+11,2.571E+11,3.45352E+11,3.46561E+11,2.26474E+11
신도리코,4.98961E+11,6.35042E+11,6.93506E+11,6.83426E+11,5.02489E+11,5.53394E+11,6.39074E+11,4.62673E+11,3.71953E+11,2.67121E+11,3.33145E+11,3.26089E+11,3.29617E+11
신성이엔지,1.36512E+11,57799889905,63639690300,57444676200,1.52562E+11,2.22162E+11,3.31283E+11,1.73859E+11,1.65044E+11,6.91478E+11,4.37782E+11,3.20094E+11,4.1993E+11
신성이엔지,26531645000,22914140600,23971716320,22473484050,61515654380,69481376960,,,,,,,
신성통상,1.35086E+11,1.27469E+11,1.31062E+11,1.95443E+11,2.09096E+11,1.78917E+11,1.53049E+11,1.3293E+11,2.22029E+11,2.4646E+11,4.8789E+11,3.21188E+11,2.64567E+11
신세계,2.41207E+12,2.15117E+12,2.48591E+12,1.78198E+12,2.26439E+12,1.73275E+12,2.95355E+12,2.52037E+12,2.84526E+12,2.35792E+12,2.50068E+12,2.16594E+12,1.72488E+12
신세계I&C,,,,,,,,,,,,,
신세계건설,59600000000,45000000000,39000000000,1.194E+11,1.68E+11,1.762E+11,1.05E+11,95800000000,1.052E+11,1.074E+11,1.388E+11,66200000000,48640000000
신영와코루,84420000000,87570000000,88560000000,1.0305E+11,1.3185E+11,1.5435E+11,1.35E+11,1.179E+11,90000000000,94050000000,1.0665E+11,1.0035E+11,84960000000
신원,82556209450,91765883950,71205899700,1.37603E+11,1.14927E+11,1.02747E+11,1.39375E+11,1.48428E+11,1.61214E+11,1.23385E+11,2.82786E+11,1.58496E+11,1.46186E+11
신일전자,16478297675,34785065011,76649374585,97651416840,88098926040,1.28596E+11,99111291795,92717014905,1.31793E+11,1.33214E+11,1.50266E+11,1.32148E+11,1.3364E+11
신풍제약,1.94449E+11,2.21202E+11,1.97761E+11,1.93521E+11,2.04905E+11,3.2416E+11,4.17784E+11,3.52614E+11,3.96723E+11,6.83964E+12,1.78087E+12,1.21204E+12,7.61787E+11
신풍,26009272800,27267786000,28141753500,26603570700,27617373000,32686384500,28736051400,45621103500,52263256500,1.22355E+11,77433520500,40202505000,29190514500
신한지주,1.88494E+13,1.84227E+13,2.24296E+13,2.10782E+13,1.87546E+13,2.14575E+13,2.34255E+13,1.87783E+13,2.05566E+13,1.65547E+13,1.90109E+13,1.79092E+13,2.06975E+13
신흥,86592000000,68160000000,66912000000,81888000000,93120000000,98880000000,1.0656E+11,98880000000,91296000000,1.056E+11,1.53425E+11,1.406E+11,1.3623E+11
쌍방울,1.24673E+11,88517698650,59011799100,87532090290,2.82782E+11,2.63413E+11,1.49784E+11,1.31061E+11,1.41391E+11,1.50797E+11,2.127E+11,83241704893,70637282701
쌍용C&E,4.19608E+11,5.34077E+11,6.22407E+11,9.06694E+11,1.23183E+12,1.30084E+12,1.88423E+12,3.17746E+12,2.87572E+12,3.36578E+12,3.88476E+12,2.90223E+12,2.86751E+12
써니전자,7725620000,42714700000,88737600000,53316900000,1.83103E+11,1.19028E+11,84833438400,69545433600,1.29842E+11,1.77361E+11,1.62378E+11,90422803545,86802320660
아모레퍼시픽,6.44598E+12,7.49859E+12,6.29033E+12,1.4117E+13,2.66593E+13,2.0964E+13,1.95532E+13,1.33292E+13,1.26356E+13,1.2697E+13,1.05411E+13,8.5527E+12,8.86787E+12
아세아,1.73445E+11,2.86705E+11,1.81833E+11,3.24272E+11,2.23484E+11,2.25675E+11,2.50872E+11,2.47586E+11,2.26771E+11,1.98288E+11,2.80451E+11,2.8812E+11,3.99433E+11
아세아제지,49420778800,91229066000,1.96147E+11,2.15852E+11,1.54052E+11,1.63904E+11,1.63008E+11,2.81234E+11,2.68695E+11,3.3363E+11,4.71112E+11,3.52886E+11,3.69456E+11
아시아나항공,1.18097E+12,1.20768E+12,9.62825E+11,1.39107E+12,9.03319E+11,8.66093E+11,9.30742E+11,8.48648E+11,1.19467E+12,9.39821E+11,1.48824E+12,1.04176E+12,8.30435E+11
아이에스동서,3.52363E+11,2.56612E+11,4.0726E+11,1.2754E+12,1.21352E+12,1.36845E+12,1.07276E+12,9.45656E+11,1.01791E+12,1.64967E+12,1.367E+12,8.71171E+11,8.94341E+11
알루코,1.47385E+11,1.13116E+11,1.13353E+11,1.73304E+11,4.62807E+11,3.98704E+11,2.56363E+11,2.08295E+11,2.04569E+11,3.93986E+11,3.06188E+11,2.32571E+11,2.95028E+11
에넥스,20554248000,19326450000,45893605365,90887336115,2.1357E+11,1.4068E+11,1.12184E+11,82488506375,67490596125,72289927405,1.57478E+11,46073580288,34315218652
에스엘,7.06087E+11,4.79191E+11,5.53694E+11,5.89253E+11,5.84173E+11,7.29793E+11,8.29695E+11,6.75609E+11,8.74889E+11,7.83303E+11,1.50394E+12,1.06599E+12,1.65821E+12
에스원,2.20015E+12,2.65614E+12,2.84234E+12,2.70554E+12,3.78852E+12,3.33253E+12,4.06591E+12,3.81892E+12,3.56052E+12,3.22993E+12,2.80814E+12,2.25335E+12,2.27995E+12
SJM홀딩스,44652683920,55778519880,73923339600,69592477280,86766586480,77955521760,71683238400,51148977400,48311515880,45548724400,55778519880,51148977400,55629179800
에쓰씨엔지니어링,34092889700,31548644200,17148214670,16995559940,51902608200,48137124860,40073138565,37399797565,35898802345,1.60106E+11,89851350745,49842721225,56295387964
에이프로젠,32617736320,20326212012,25907434595,19026586775,39459586980,44348729520,6.47072E+11,3.88243E+11,4.17459E+11,3.74125E+11,3.35577E+11,4.35296E+11,2.54244E+11
엔씨소프트,6.71815E+12,3.29559E+12,5.4458E+12,3.99108E+12,4.67088E+12,5.42743E+12,9.81771E+12,1.02346E+13,1.18771E+13,2.04392E+13,1.41164E+13,9.8354E+12,5.27994E+12
엔케이,1.20635E+11,1.02805E+11,1.08588E+11,1.93435E+11,4.03623E+11,1.41807E+11,1.00779E+11,1.34772E+11,90381187760,91580938040,83582602840,69585516240,80383268760
플레이그램,12474817891,14333248366,13310736064,25530469980,40114086040,65594960640,35422941670,51830305274,66528428688,23318379180,2.30573E+11,84412521600,70853354533
NPC,1.05641E+11,96538800000,1.92787E+11,2.16422E+11,3.02587E+11,2.52238E+11,2.05116E+11,1.50052E+11,1.49634E+11,1.32506E+11,4.08343E+11,2.29603E+11,2.2074E+11
영보화학,63800000000,59800000000,72700000000,75300000000,96400000000,1.298E+11,97400000000,74600000000,69700000000,74100000000,88500000000,68400000000,75200000000
영진약품,3.48135E+11,2.87744E+11,2.98402E+11,2.31794E+11,3.78331E+11,1.56661E+12,1.6058E+12,1.08638E+12,1.21258E+12,1.47046E+12,9.67503E+11,5.94401E+11,3.88647E+11
예스코홀딩스,1.53E+11,1.719E+11,2.25E+11,2.166E+11,2.205E+11,2.226E+11,2.274E+11,2.397E+11,2.244E+11,2.1E+11,2.148E+11,1.89E+11,1.98E+11
오뚜기,5.332E+11,7.5164E+11,1.36912E+12,1.67184E+12,4.214E+12,2.27728E+12,2.77264E+12,2.61019E+12,1.9973E+12,2.11873E+12,1.67442E+12,1.90773E+12,1.60313E+12
오리온홀딩스,4.04418E+12,6.55761E+12,5.66661E+12,6.06459E+12,6.96812E+12,3.93552E+12,1.66946E+12,1.07122E+12,1.11509E+12,8.2692E+11,9.99194E+11,9.61607E+11,9.14623E+11
우리금융지주,,,,,,,,,8.37831E+12,7.02766E+12,9.24637E+12,8.4091E+12,9.77534E+12
팜젠사이언스,27948976304,53809001511,32345750316,44346257640,63163298600,1.73454E+11,1.29251E+11,85620397600,74439979250,1.66256E+11,1.59951E+11,1.0575E+11,1.11615E+11
에스메디,34820602332,54694526440,29783001497,33560279280,38190623765,2.00878E+11,75868650880,52119250755,88763576735,1.43386E+11,1.22392E+11,44046592200,57110945200
우성,86983500000,91309500000,85129500000,89455500000,1.36424E+11,1.00734E+11,91000500000,74314500000,90846000000,92700000000,86520000000,66435000000,61274700000
웅진씽크빅,4.10639E+11,1.89511E+11,1.99637E+11,2.63121E+11,3.53136E+11,3.22323E+11,2.45464E+11,93304039675,4.07216E+11,3.23441E+11,3.66732E+11,2.77214E+11,2.95695E+11
윌비스,1.20192E+11,86384530750,59850000000,71820000000,1.2141E+11,1.81545E+11,92340000000,74955000000,87531042170,87637345910,1.12923E+11,46325630871,42694884765
유나이티드제약,87489820600,1.36887E+11,1.44319E+11,2.17178E+11,2.82007E+11,2.99835E+11,4.93513E+11,3.71958E+11,2.97854E+11,1.07866E+12,7.69192E+11,3.6957E+11,4.3861E+11
유니드,3.36497E+11,2.5155E+11,3.89836E+11,3.78641E+11,4.06266E+11,3.97376E+11,4.13822E+11,3.73373E+11,4.156E+11,4.29379E+11,8.93429E+11,5.50883E+11,4.58843E+11
유니온,92680145900,68066658840,68613065505,60885314100,68769181695,62602592190,61041430290,59558326485,62524534095,92889133050,1.17712E+11,73452667395,86332253070
유성기업,59679250000,83550950000,1.15856E+11,1.35446E+11,1.07682E+11,1.15077E+11,92373100000,75507225000,69020350000,71355625000,82902262500,69409562500,74469325000
유수홀딩스,3.35876E+11,2.48732E+11,2.29902E+11,2.17189E+11,2.02605E+11,1.48959E+11,1.65366E+11,1.6797E+11,1.73438E+11,1.4948E+11,1.64063E+11,1.66668E+11,1.50782E+11
유안타증권,5.72114E+11,5.3622E+11,3.31999E+11,7.53884E+11,7.67148E+11,6.54599E+11,8.03101E+11,6.54882E+11,5.99283E+11,6.40692E+11,8.54931E+11,5.08571E+11,5.42543E+11
유유제약,34246696400,46075409200,42214278300,51204997025,96687796700,66295275440,86599177900,77600794550,83404433300,1.37853E+11,1.62389E+11,1.29495E+11,1.07553E+11
유한양행,1.44616E+12,1.95171E+12,2.1073E+12,1.91201E+12,3.08158E+12,2.2632E+12,2.59994E+12,2.54192E+12,3.0708E+12,5.10361E+12,4.41511E+12,4.25332E+12,5.34773E+12
율촌화학,1.98896E+11,2.01376E+11,2.914E+11,2.8644E+11,2.9264E+11,3.4844E+11,5.2576E+11,3.1992E+11,3.472E+11,5.0964E+11,6.758E+11,9.0396E+11,7.8616E+11
이건산업,39210570720,60759348720,1.12692E+11,1.36082E+11,1.18575E+11,1.0639E+11,89235958000,1.09837E+11,81378078050,1.17193E+11,1.25408E+11,78201813900,70973074800
이수페타시스,2.12945E+11,1.91279E+11,2.8145E+11,1.96231E+11,1.90454E+11,1.74978E+11,1.74359E+11,2.68657E+11,1.68581E+11,1.64867E+11,4.62331E+11,3.56077E+11,1.86261E+12
이수화학,3.35001E+11,3.33824E+11,1.95558E+11,1.39335E+11,1.57363E+11,2.49031E+11,2.3299E+11,1.5278E+11,1.61947E+11,3.18329E+11,4.06811E+11,5.08864E+11,3.1062E+11
이아이디,58456300000,25035587500,62269642000,46185938055,61409602956,51682713714,44045772466,46984607024,1.22829E+11,2.18836E+11,2.84099E+11,90981746740,3.54103E+11
이월드,71469225360,47015539428,67834889352,1.36945E+11,2.39399E+11,2.24917E+11,1.57035E+11,2.2537E+11,4.83323E+11,3.29016E+11,3.80041E+11,2.14127E+11,2.45325E+11
이화산업,19600000000,18508000000,20580000000,38220000000,49560000000,54040000000,50400000000,53060000000,43400000000,44660000000,43540000000,44100000000,42392000000
인디에프,35713394970,29171832525,45496272140,78380883350,1.54404E+11,1.03722E+11,61584979775,1.33778E+11,1.39671E+11,88104827525,92634023450,1.06777E+11,60015283005
인천도시가스,82800000000,88000000000,1.072E+11,1.32E+11,1.43711E+11,1.35399E+11,1.30149E+11,1.29055E+11,1.25555E+11,1.09369E+11,1.18775E+11,1.22056E+11,1.11775E+11
인팩,36050000000,35350000000,62300000000,72900000000,63800000000,66900000000,45450000000,31150000000,37200000000,60900000000,1.315E+11,66600000000,90900000000
일동홀딩스,1.88512E+11,2.9831E+11,2.53187E+11,3.77274E+11,6.31715E+11,1.86349E+11,1.58928E+11,1.37947E+11,1.22129E+11,1.59835E+11,1.70798E+11,2.32539E+11,1.21405E+11
일성건설,26256048280,25427147960,28802692680,31775142560,60943308600,49554712000,57748523800,76175080800,68611597600,61588363200,3.38736E+11,1.15613E+11,77849852080
일신방직,1.968E+11,1.8504E+11,2.808E+11,4.128E+11,3.696E+11,2.964E+11,2.64E+11,2.304E+11,1.7184E+11,1.9224E+11,2.568E+11,2.472E+11,2.06726E+11
일신석재,83265855750,61500548340,72421930350,95271630300,99919026900,1.07277E+11,95658913350,1.76988E+11,1.87445E+11,1.46006E+11,1.74277E+11,79005742200,84272791680
일양약품,5.93676E+11,4.93872E+11,4.80451E+11,4.29116E+11,9.47919E+11,8.04481E+11,7.45617E+11,5.31932E+11,4.38082E+11,1.29144E+12,5.48149E+11,3.78699E+11,3.06052E+11
일정실업,16140000000,17640000000,25200000000,26340000000,35700000000,34980000000,29880000000,23100000000,21840000000,22080000000,43680000000,19680000000,15480000000
일진다이아,99810078750,74434635000,81990878250,84246473250,96765025500,1.00487E+11,2.31198E+11,3.17475E+11,3.96973E+11,6.80323E+11,4.3106E+11,2.35769E+11,2.0779E+11
일진전기,2.25078E+11,1.6816E+11,2.92935E+11,2.9516E+11,1.90593E+11,1.84846E+11,1.64637E+11,1.11241E+11,1.12168E+11,1.17545E+11,1.89481E+11,1.96897E+11,3.94535E+11
일진홀딩스,1.04617E+11,88331994570,1.81845E+11,3.33589E+11,5.89702E+11,3.18785E+11,2.58087E+11,1.49523E+11,2.50192E+11,2.74372E+11,2.70424E+11,1.88507E+11,1.92949E+11
자화전자,1.6234E+11,3.24324E+11,3.7232E+11,2.21065E+11,2.72975E+11,3.05195E+11,4.77035E+11,2.1122E+11,1.8974E+11,4.0812E+11,4.48395E+11,4.30333E+11,6.27011E+11
전방,49224000000,42084000000,47124000000,57792000000,1.02984E+11,44016000000,32424000000,28812000000,25788000000,50148000000,67536000000,74676000000,38808000000
제일연마,54000000000,53500000000,63900000000,82800000000,81400000000,62300000000,59000000000,62100000000,77800000000,72200000000,87200000000,86500000000,86900000000
제일파마홀딩스,1.94535E+11,1.88595E+11,1.93793E+11,3.21503E+11,5.70983E+11,1.1984E+12,1.55569E+11,4.12113E+11,2.71547E+11,3.38635E+11,2.55574E+11,2.4599E+11,1.88006E+11
조광페인트,42624000000,52928000000,83456000000,1.4016E+11,1.7792E+11,1.4528E+11,1.2928E+11,83584000000,70400000000,86784000000,1.12256E+11,96256000000,80384000000
조비,20993324400,30936856500,43978233600,46334210400,49671844200,54895462500,58011071500,1.2046E+11,79441256700,98133317100,1.09297E+11,79441256700,72691346000
조선내화,,,,,,,,,,,,,2.51922E+11
종근당홀딩스,2.4534E+11,4.8285E+11,1.54376E+11,2.17729E+11,4.97032E+11,3.45179E+11,3.63215E+11,3.13116E+11,5.05996E+11,6.38757E+11,3.83254E+11,2.65523E+11,2.96584E+11
주연테크,17460300000,34320000000,20677800000,20634900000,42513900000,73759708970,33480966750,39608081270,84974585632,58707995675,76959017200,47714590664,33980366056
진양홀딩스,74620214820,87476131980,1.09834E+11,2.2973E+11,2.06813E+11,1.87249E+11,1.67686E+11,1.50638E+11,1.45887E+11,1.57345E+11,2.04856E+11,1.69083E+11,1.79424E+11
진원생명과학,65414976000,71036575500,69743102500,1.28577E+11,1.72142E+11,1.89703E+11,1.25139E+11,91895433420,52842038370,9.64815E+11,1.25516E+12,5.55146E+11,2.22866E+11
참엔지니어링,1.10649E+11,61526100285,62342096310,46674972630,52230528350,1.31337E+11,1.31337E+11,79441782170,73674701550,82058632560,71076561920,41795867490,34965376628
청호ICT,21952177260,41950335960,23326096560,18807428640,38499285880,39745790240,26217981760,23202495040,22298512600,98400274400,37500376080,45159499050,1.07911E+11
체시스,22397208750,23226735000,23890356000,13670592600,77640000000,33720000000,23736000000,21168000000,72960000000,47400000000,40160000000,28672000000,62016000000
카프로,8.38E+11,5E+11,2.564E+11,1.136E+11,1.044E+11,2.72E+11,3.032E+11,1.734E+11,1.244E+11,1.552E+11,1.916E+11,78400000000,34240000000
케이씨,1.69561E+11,1.23556E+11,1.70974E+11,2.68149E+11,3.79015E+11,5.37633E+11,3.34785E+11,1.5926E+11,2.52783E+11,3.74769E+11,3.0971E+11,2.31096E+11,2.4953E+11
KCC,3.00346E+12,3.12444E+12,4.92862E+12,5.4704E+12,4.40734E+12,3.79507E+12,4.02203E+12,3.26196E+12,2.46495E+12,1.75508E+12,2.79924E+12,1.81728E+12,2.03056E+12
KCTC,46800000000,47250000000,58350000000,88350000000,95100000000,99450000000,76800000000,86250000000,82500000000,1.125E+11,1.866E+11,1.365E+11,1.1685E+11
KT,9.30864E+12,9.26947E+12,8.23808E+12,8.15974E+12,7.37641E+12,7.67669E+12,7.89863E+12,7.78113E+12,7.05002E+12,6.26668E+12,7.99002E+12,8.82558E+12,8.87041E+12
KT&G,1.11756E+13,1.10932E+13,1.02283E+13,1.0448E+13,1.43471E+13,1.38665E+13,1.58573E+13,1.39352E+13,1.2878E+13,1.1409E+13,1.08461E+13,1.25623E+13,1.16292E+13
코리아써키트,1.63904E+11,4.16491E+11,3.22891E+11,2.99054E+11,2.73138E+11,2.85383E+11,3.30926E+11,1.31931E+11,2.9753E+11,3.80817E+11,7.70595E+11,3.1004E+11,4.9946E+11
코리안리,1.73863E+12,1.35834E+12,1.35244E+12,1.29999E+12,1.70322E+12,1.37221E+12,1.32406E+12,1.0424E+12,1.09656E+12,9.49712E+11,1.11341E+12,9.59004E+11,1.18238E+12
코스맥스비티아이,2.13406E+11,5.88565E+11,6.76917E+11,4.36018E+11,6.59789E+11,3.59187E+11,3.15969E+11,1.87757E+11,1.29173E+11,1.68549E+11,1.30613E+11,85186779270,1.0209E+11
코스모신소재,1.07008E+11,68331223680,76888275840,42191129920,39568235520,77802314880,2.51495E+11,3.42627E+11,2.60307E+11,5.74723E+11,1.38851E+12,1.58771E+12,4.78883E+12
코스모화학,2.29141E+11,1.21588E+11,93942480030,62890363200,67841779960,53980198200,3.92659E+11,1.9167E+11,1.59798E+11,3.18552E+11,4.48549E+11,7.19419E+11,1.49792E+12
코아스,16332079720,22424427280,32191579310,54473615970,87493056400,50224216250,34307003100,41724733500,39870300900,33843394950,34461539150,22562263300,18637047630
코오롱,2.40999E+11,2.23418E+11,2.14232E+11,2.68959E+11,9.58366E+11,7.3391E+11,7.71019E+11,4.08455E+11,2.33004E+11,2.91187E+11,4.39692E+11,2.94548E+11,2.34511E+11
코오롱글로벌,1.21681E+11,2.91756E+11,2.59733E+11,1.12286E+11,2.37837E+11,1.88979E+11,2.52126E+11,1.84442E+11,2.49998E+11,4.96352E+11,5.79234E+11,5.08599E+11,2.31436E+11
코웨이,2.82277E+12,3.35878E+12,5.12109E+12,6.49391E+12,6.4862E+12,6.7444E+12,7.30973E+12,5.46855E+12,6.87074E+12,5.36523E+12,5.49069E+12,4.1254E+12,4.22134E+12
크라운해태홀딩스,2.41389E+11,3.04569E+11,4.11163E+11,2.86296E+11,8.17945E+11,4.28987E+11,2.32275E+11,1.74743E+11,1.62132E+11,1.38464E+11,1.3511E+11,1.07241E+11,92375885550
태경산업,92508993750,97624025000,1.42636E+11,1.69527E+11,1.68942E+11,1.4059E+11,1.5199E+11,1.63096E+11,1.66896E+11,1.72157E+11,1.95833E+11,1.89402E+11,1.91741E+11
태경케미컬,38106000000,49996000000,64032000000,64264000000,74588000000,60900000000,52954000000,53824000000,60900000000,1.6414E+11,1.4326E+11,1.247E+11,1.60196E+11
태광산업,1.38062E+12,1.05216E+12,1.43629E+12,1.28709E+12,1.21361E+12,1.05439E+12,1.46635E+12,1.46969E+12,1.1802E+12,8.91833E+11,1.16128E+12,8.30596E+11,6.79174E+11
태양금속,26876500000,25569700000,27208000000,37894100000,75235500000,98959000000,73808000000,60022500000,61999500000,49911000000,57145500000,60704000000,1.52325E+11
TP,39910050000,68074800000,1.02407E+11,2.28875E+11,1.60613E+11,1.68536E+11,1.72983E+11,1.28024E+11,1.32017E+11,95336182260,1.0954E+11,83410861765,1.106E+11
TBH글로벌,3.55609E+11,3.05552E+11,4.91178E+11,3.05552E+11,2.31511E+11,1.81454E+11,1.63935E+11,62361888810,57356252250,36499433250,47032126845,34205183160,36979140087
티에이치엔,24750000000,33750000000,25020000000,25200000000,33030000000,40140000000,30780000000,42930000000,65880000000,46170000000,78660000000,62910000000,62910000000
팜스코,1.46441E+11,1.54322E+11,3.2394E+11,4.95827E+11,5.98665E+11,4.3339E+11,4.26044E+11,2.85743E+11,1.68949E+11,1.77396E+11,2.25142E+11,1.43239E+11,1.19366E+11
퍼스텍,90256141200,87216426600,89554668600,90957613800,2.45048E+11,1.76537E+11,1.54324E+11,1.29539E+11,97504691400,1.02852E+11,1.34572E+11,1.57642E+11,1.58265E+11
퍼시스,3.37525E+11,2.921E+11,3.5535E+11,3.61675E+11,4.3585E+11,3.795E+11,3.795E+11,3.5305E+11,3.3925E+11,3.40975E+11,4.117E+11,3.496E+11,3.5075E+11
페이퍼코리아,48981676800,73199927776,74890951500,1.00775E+11,1.07033E+11,1.20261E+11,66686488110,50692863210,56471340676,87324806525,65644755195,52085656950,1.60541E+11
평화산업,23040000000,29840000000,25120000000,46567785780,71254322820,69571149840,53674516140,92200475460,67529778570,65059176915,94980908070,64510154325,72855297693
POSCO홀딩스,3.3131E+13,3.04282E+13,2.84665E+13,2.402E+13,1.45166E+13,2.24506E+13,2.89896E+13,2.11864E+13,2.06197E+13,2.37148E+13,2.39328E+13,2.33839E+13,4.22433E+13
포스코스틸리온,1.047E+11,89400000000,82200000000,80400000000,1.074E+11,1.782E+11,1.71E+11,1.242E+11,1.026E+11,1.044E+11,3.3E+11,1.932E+11,3.396E+11
포스코인터내셔널,2.98708E+12,4.51519E+12,4.70309E+12,3.58141E+12,1.86188E+12,3.07466E+12,2.23926E+12,2.24543E+12,2.30095E+12,1.79511E+12,2.76977E+12,2.78828E+12,1.09776E+13
풀무원,1.23796E+11,1.82837E+11,2.48353E+11,4.2281E+11,7.08492E+11,5.35178E+11,6.55164E+11,3.03204E+11,4.28523E+11,6.30895E+11,6.59485E+11,4.2695E+11,3.99884E+11
풍산,7.34236E+11,9.41616E+11,8.01494E+11,7.02008E+11,7.72069E+11,1.13498E+12,1.33115E+12,7.66464E+11,6.66978E+11,7.83279E+11,8.72956E+11,9.43017E+11,1.09855E+12
풍산홀딩스,1.87652E+11,1.83735E+11,2.30354E+11,3.35737E+11,3.25159E+11,3.80006E+11,4.11346E+11,2.87942E+11,2.66004E+11,2.23302E+11,2.9459E+11,2.9459E+11,3.69446E+11
KH필룩스,,,,,,,,,,,,,
하나금융지주,8.64042E+12,8.43383E+12,1.27263E+13,9.27661E+12,6.98567E+12,9.2501E+12,1.4741E+13,1.08838E+13,1.10789E+13,1.03584E+13,1.26252E+13,1.24427E+13,1.26883E+13
