,종목명,총부채_2020,총부채_2021,총부채_2022,총부채_2023,총자산_2020,총자산_2021,총자산_2022,총자산_2023
0,AK홀딩스,2889429546.0,3346377386.0,3721996782.0,4020733884.0,4152091609.0,4548736657.0,4985365771.0,5314995084.0
1,BYC,226466839.0,202622248.0,153134740.0,150742490.0,679134864.0,684434512.0,668872026.0,685663060.0
2,CJ,24628738994.0,25492465688.0,30506774819.0,29310944319.0,40024965069.0,41955995804.0,48240408307.0,47203762893.0
3,CJCGV,4066971785.0,3484207008.0,3208379046.0,2932973510.0,4354856896.0,3785492376.0,3601468386.0,3194214710.0
4,CJ대한통운,5603556698.0,4977570577.0,5658991480.0,5314491024.0,9643498960.0,8993928516.0,9693299818.0,9357587267.0
5,CJ씨푸드,69472863.0,66278140.0,67719807.0,90158645.0,135332382.0,133389814.0,143409087.0,168208969.0
6,CJ제일제당,15445453188.0,16049003859.0,18484219204.0,17826337301.0,25611892185.0,26855804277.0,30013241845.0,29606279551.0
7,CS홀딩스,28164319.0,41521128.0,33693421.0,36702820.0,323725568.0,353716996.0,364121571.0,383909711.0
8,DB,158786944.0,164214797.0,129333891.0,484173981.0,472491491.0,601998919.0,414317385.0,879384842.0
9,DB금융투자,9037534454.0,8535236409.0,8710072105.0,9038074594.0,9959594273.0,9583673039.0,9757370294.0,10211959858.0
10,DB손해보험,53559522083.0,58019133909.0,45510911766.0,49736681328.0,60054421461.0,64751602574.0,57635178301.0,60040428591.0
11,DB하이텍,383996685.0,443888190.0,507381719.0,303296256.0,1178581197.0,1549937896.0,2142165862.0,2043378694.0
12,DRB동일,312819481.0,356400810.0,465469810.0,465541738.0,776434763.0,831956562.0,945238495.0,963651592.0
13,DSR제강,59997585.0,87876177.0,76302600.0,67790249.0,206252816.0,241710739.0,259398157.0,262988107.0
14,E1,2487985637.0,2625919366.0,2829299481.0,2899257176.0,3731448422.0,3999326311.0,4339655186.0,4597407646.0
15,GKL,222055672.0,147757778.0,227057758.0,227557872.0,708445969.0,531306108.0,609513167.0,639368284.0
16,GS,13720298000.0,16988343000.0,17434432000.0,16823230000.0,24476843000.0,31191287000.0,33922242000.0,34448425000.0
17,GS건설,9458561906.0,10311003422.0,11590413888.0,12822138677.0,13770677889.0,15183727265.0,16946616697.0,17707298538.0
18,GS글로벌,657805876.0,1100168067.0,1012698525.0,953110257.0,956821701.0,1442681821.0,1419412958.0,1401098380.0
19,JW중외제약,341618154.0,444513607.0,402213719.0,379598339.0,549085029.0,633053136.0,627972755.0,645038796.0
20,JW홀딩스,789222443.0,760956331.0,824316934.0,827511708.0,1113573849.0,1065779475.0,1157579707.0,1176266428.0
21,KB금융,567318000000.0,615602000000.0,634557000000.0,656865000000.0,610720000000.0,663896000000.0,688665000000.0,715738000000.0
22,KC그린홀딩스,546084292.0,646639159.0,534872843.0,701431383.0,776133685.0,906605618.0,792860678.0,916578396.0
23,KEC,199573553.0,121440786.0,96489868.0,91040501.0,368345953.0,400589167.0,401136513.0,447745861.0
24,주성코퍼레이션,24623437.0,23434919.0,18158117.0,11872345.0,32146507.0,33044553.0,32951332.0,34134612.0
25,KG케미칼,2815857534.0,3097379164.0,3761420644.0,4181830349.0,4323538345.0,4884892280.0,7076647393.0,7818145771.0
26,KISCO홀딩스,229774076.0,267377534.0,242025489.0,203567063.0,1564589807.0,1688093089.0,1745832248.0,1802517205.0
27,그린케미칼,63603656.0,88296552.0,74168153.0,81009099.0,176839793.0,211689251.0,196645335.0,201377924.0
28,KPX케미칼,103372859.0,199075058.0,181591489.0,175893523.0,637003840.0,777143204.0,776778117.0,822466229.0
29,KPX홀딩스,361946207.0,445438443.0,448980402.0,465634459.0,1698659221.0,1814858039.0,1819893803.0,1928646650.0
30,KR모터스,106028407.0,118211175.0,109161230.0,116165786.0,155873461.0,168436811.0,149185246.0,138570417.0
31,KSS해운,800671677.0,1103404278.0,1252892415.0,1235554637.0,1069527678.0,1446228923.0,1659172643.0,1656034880.0
32,다올투자증권,3766921211.0,8261480968.0,8517287853.0,8381319281.0,4356250899.0,9229156625.0,9503703776.0,9211837352.0
33,LF,1065019216.0,1042768391.0,927192270.0,1042077874.0,2479439884.0,2541137895.0,2584040376.0,2755627762.0
34,LG,3420978000.0,3729575000.0,3399491000.0,3236596000.0,24282268000.0,25669796000.0,29633677000.0,30253085000.0
35,LG디스플레이,22334584000.0,23392014000.0,24366792000.0,26988754000.0,35066012000.0,38154515000.0,35686019000.0,35759298000.0
36,LG생활건강,1952220085.0,2057406606.0,1834093664.0,1671359346.0,6801415784.0,7555239418.0,7302929652.0,7220285812.0
37,LG유플러스,10698976000.0,11411957000.0,11325133000.0,11343820000.0,18350190000.0,19370515000.0,19774800000.0,20100605000.0
38,LG이노텍,3610912435.0,4427146647.0,5527824867.0,6489730988.0,6038600272.0,7741352841.0,9793617826.0,11204305524.0
39,LG전자,30662102000.0,33383445000.0,32664144000.0,36742257000.0,48204227000.0,53481478000.0,55156141000.0,60240793000.0
40,LX하우시스,1548157000.0,1683973000.0,1703786000.0,1551810000.0,2385372000.0,2547391000.0,2483729000.0,2384792000.0
41,LG화학,22598454000.0,27925314000.0,30492696000.0,36528509000.0,41388894000.0,51135302000.0,67973823000.0,77466694000.0
42,LS,7212043000.0,7915665000.0,11363417000.0,11495353000.0,11660540000.0,12625931000.0,17257356000.0,18245954000.0
43,LS네트웍스,735193129.0,755744195.0,748565972.0,745211526.0,1228401794.0,1309373198.0,1300442455.0,1309219122.0
44,LSELECTRIC,1126926171.0,1323312293.0,1773513972.0,2008849631.0,2540396072.0,2796731558.0,3322804978.0,3732891934.0
45,MH에탄올,369253871.0,366757413.0,352042677.0,346161545.0,449679366.0,451460752.0,447440404.0,445231563.0
46,NAVER,8759106629.0,9663630408.0,10448720409.0,11499828149.0,17014238664.0,33691006757.0,33899042889.0,35737826964.0
47,NH투자증권,56935559000.0,51718694000.0,46200211000.0,49084465000.0,62738433000.0,58541999000.0,53428267000.0,56697893000.0
48,NICE,1480757599.0,1763338212.0,2058288744.0,2166601590.0,2730355253.0,3083783180.0,3378563521.0,3484123286.0
49,NI스틸,165936197.0,199203740.0,209249323.0,213796827.0,287376146.0,341056807.0,397444643.0,447987063.0
50,SNT에너지,99578947.0,87294232.0,170636296.0,147149187.0,335351657.0,332143488.0,429772702.0,423163460.0
51,SNT모티브,332203457.0,292219245.0,346460014.0,267853621.0,1092927846.0,1149796359.0,1225486690.0,1211181269.0
52,SNT다이내믹스,235915632.0,226675590.0,271939015.0,356207739.0,833364508.0,879625081.0,930994305.0,1056904317.0
53,SNT홀딩스,652956674.0,592194060.0,742131375.0,748975381.0,2270485740.0,2372324440.0,2558426987.0,2701797834.0
54,S-Oil,10008033000.0,11705193000.0,11129666000.0,12538558000.0,15690510000.0,18693235000.0,19613135000.0,21576123000.0
55,SBS,597980910.0,740552349.0,534612152.0,465277013.0,1169090151.0,1462149708.0,1407888697.0,1346398452.0
56,SG세계물산,70956781.0,64147889.0,58390586.0,60692456.0,267195626.0,308412903.0,303815670.0,303534567.0
57,SG글로벌,72419539.0,64041656.0,64775256.0,57195064.0,198865922.0,187021454.0,185935448.0,198246797.0
58,SH에너지화학,27348204.0,27889956.0,30058824.0,30661330.0,117356594.0,119629058.0,124160292.0,120793105.0
59,SIMPAC,273291527.0,356567304.0,365415682.0,475335058.0,737277692.0,903229593.0,965098439.0,1057913470.0
60,SK,85807988000.0,99815712000.0,122697000000.0,129091000000.0,137668000000.0,165368000000.0,194506000000.0,206970000000.0
61,SKC,3491292259.0,3897771812.0,4151241804.0,4507897883.0,5406405841.0,6180132504.0,6393092565.0,7032322132.0
62,SK가스,2600204915.0,3004172080.0,3490881745.0,3493505644.0,4498920424.0,5121535472.0,5831776892.0,6081811411.0
63,SK네트웍스,6528232000.0,7021921000.0,7048547000.0,6954518000.0,8773482000.0,9410916000.0,9499259000.0,9110359000.0
64,SK디스커버리,3005272711.0,3812564887.0,5826776624.0,6181138047.0,5621634329.0,6881873215.0,11780098492.0,12250710295.0
65,SK이노베이션,23039681023.0,29924245706.0,43976612895.0,50815545738.0,38498146106.0,49544942070.0,67218924277.0,80835513251.0
66,SK증권,4778756884.0,5752726009.0,5823507503.0,5801855293.0,5359425406.0,6371402201.0,6464840830.0,6449093772.0
67,SK텔레콤,23510714000.0,18576139000.0,19153066000.0,17890828000.0,47906957000.0,30911277000.0,31308262000.0,30119227000.0
68,SK하이닉스,19264756000.0,34155467000.0,40580970000.0,46826413000.0,71173853000.0,96346525000.0,103872000000.0,100330000000.0
69,SPC삼립,878876229.0,887952393.0,906290707.0,874719615.0,1181871545.0,1222983111.0,1295399586.0,1293732305.0
70,STX,543156000.0,553619000.0,639377000.0,430038000.0,650840000.0,676149000.0,741784000.0,578680000.0
71,STX엔진,542790928.0,553504812.0,593142012.0,639500162.0,809261679.0,837479879.0,853387673.0,899134400.0
72,STX중공업,293443430.0,276445468.0,224154880.0,228637993.0,467363346.0,430406730.0,416290994.0,454013908.0
73,TCC스틸,185628052.0,211767466.0,298677336.0,324690124.0,306758932.0,366996615.0,507482317.0,559737446.0
74,WISCOM,13938143.0,15140908.0,15926877.0,12077939.0,130666515.0,135283854.0,128503266.0,122990007.0
75,YGPLUS,46829152.0,77400988.0,81946725.0,58633551.0,150978437.0,223117830.0,241371894.0,225534082.0
76,가온전선,278899162.0,390851138.0,449261889.0,470794089.0,542461378.0,658966429.0,752332445.0,801805532.0
77,강남제비스코,129656840.0,242083988.0,278945532.0,293589356.0,712155829.0,904010952.0,957791315.0,985686727.0
78,강원랜드,394603621.0,574480852.0,752374770.0,770755022.0,3641632201.0,3827273464.0,4167752671.0,4448655838.0
79,갤럭시아에스엠,7835257.0,7850471.0,24529480.0,15296043.0,28554685.0,40900713.0,57863012.0,90043246.0
80,경농,160153423.0,151976386.0,188148525.0,180131702.0,371525656.0,388785779.0,448632689.0,448592734.0
81,경동나비엔,386524892.0,483469066.0,500314844.0,475962722.0,734688738.0,933884529.0,1018019428.0,1060557971.0
82,경동인베스트,158532501.0,137939974.0,136105200.0,141328889.0,589277835.0,577693061.0,586813598.0,606915246.0
83,경방,522972244.0,518658698.0,493309854.0,468815407.0,1264902051.0,1270805118.0,1248318314.0,1206860951.0
84,경인양행,276720395.0,327622550.0,282098496.0,287262668.0,505102151.0,579492465.0,548252999.0,538955972.0
85,경인전자,3767676.0,6287919.0,4422682.0,4543732.0,57835598.0,65884753.0,68385030.0,75127256.0
86,계룡건설,1464251994.0,1572714062.0,1757274728.0,1868729174.0,2070254078.0,2327054067.0,2560028661.0,2726892636.0
87,계양전기,108486344.0,101825429.0,169633026.0,111667023.0,294209839.0,285053130.0,297554555.0,232056132.0
88,고려산업,113937779.0,131754294.0,169050033.0,170990032.0,216577001.0,238594901.0,274703528.0,277915943.0
89,고려아연,1412616891.0,2229814172.0,2866186242.0,2404068443.0,8499645578.0,9964048635.0,12097918359.0,12046071312.0
90,고려제강,782790769.0,836162463.0,805246240.0,656069964.0,2245729071.0,2474272368.0,2532768398.0,2451280644.0
91,상상인증권,339958015.0,387709142.0,374549887.0,1939613652.0,513283837.0,582480466.0,598057727.0,2173761439.0
92,광동제약,328461746.0,356600480.0,384977525.0,490018414.0,830643379.0,883845298.0,932023759.0,1078065492.0
93,광명전기,56097484.0,54791366.0,53307671.0,56517453.0,165884690.0,169926627.0,172178417.0,187306651.0
94,광전자,42098516.0,28253536.0,20234706.0,19655544.0,243369783.0,238961555.0,247855307.0,251180472.0
95,광주신세계,86160349.0,106474735.0,123544315.0,115259721.0,784428251.0,852280199.0,913454051.0,934472864.0
96,교보증권,8847819157.0,10088893749.0,11855462301.0,13716088525.0,10111145262.0,11483824494.0,13417260497.0,15593363016.0
97,국도화학,378314968.0,601421180.0,640905700.0,662535124.0,930557566.0,1416366192.0,1499093659.0,1509561243.0
98,국동,96865598.0,66109970.0,65952316.0,65127341.0,180700682.0,168474551.0,175008166.0,175919907.0
99,국보,59996330.0,70471633.0,66871514.0,62048920.0,90823631.0,102314952.0,109959854.0,91419723.0
100,국제약품,75126688.0,71195238.0,62513603.0,78309910.0,145625552.0,139783047.0,136592863.0,163259483.0
101,극동유화,119909003.0,139852067.0,147759136.0,216137143.0,292655448.0,321935348.0,353076047.0,430015237.0
102,금강공업,425894778.0,481987959.0,646587485.0,652973754.0,779160209.0,868658748.0,1094801795.0,1130467709.0
103,금비,176524804.0,176002341.0,173724376.0,173516667.0,333972461.0,337872961.0,307313894.0,296341107.0
104,금양,140057911.0,197424609.0,160842411.0,456932096.0,219851714.0,314832085.0,278599452.0,703467372.0
105,금호건설,986951983.0,1083164234.0,1147826600.0,1222548339.0,1377242594.0,1735985669.0,1691163707.0,1692362778.0
106,금호석유,1878048584.0,3032766422.0,2038142033.0,2145675091.0,5027282217.0,8115674807.0,7717403072.0,7979694634.0
107,금호전기,63542469.0,65486927.0,48670002.0,45756810.0,67783031.0,83849544.0,62193733.0,52905127.0
108,기신정기,15480427.0,14831931.0,13999940.0,13923315.0,259583134.0,265059187.0,265146139.0,263779401.0
109,기아,30598771000.0,31937441000.0,34367884000.0,34069591000.0,60490443000.0,66849997000.0,73710965000.0,80627826000.0
110,기업은행,336474000000.0,370538000000.0,401930000000.0,416611000000.0,361616000000.0,398072000000.0,431186000000.0,448427000000.0
111,까뮤이앤씨,83452575.0,96246050.0,116341806.0,168253110.0,166218114.0,195058433.0,195489394.0,255548356.0
112,깨끗한나라,346240604.0,369204769.0,419699357.0,429919829.0,563050290.0,598691300.0,661046979.0,641522252.0
113,이엔플러스,35058084.0,30435536.0,55540873.0,92817665.0,90581868.0,102809878.0,120327643.0,172159921.0
114,남광토건,137716864.0,186233105.0,238920806.0,264295801.0,204018820.0,273978349.0,345922884.0,377327938.0
115,남선알미늄,105608246.0,119307587.0,94558342.0,129539387.0,295152804.0,355238355.0,401195144.0,432707601.0
116,남성,126545703.0,169416969.0,151652661.0,149998102.0,233037086.0,288756910.0,271152129.0,258113198.0
117,남양유업,127850494.0,124442409.0,164307809.0,112447510.0,1001076160.0,937403119.0,902259070.0,790678468.0
118,비비안,98783158.0,94893342.0,104480646.0,102817067.0,189039184.0,198167472.0,201061181.0,191082594.0
119,남해화학,136525967.0,247508235.0,380906101.0,314231857.0,589444547.0,719110525.0,902896420.0,833548600.0
120,넥센,2197933137.0,2455495305.0,2595712644.0,2829351044.0,4239211984.0,4572292481.0,4726896214.0,5060957368.0
121,넥센타이어,1994128000.0,2223486296.0,2348104912.0,2527778745.0,3541080327.0,3823413438.0,3944336740.0,4232661555.0
122,노루페인트,332796975.0,325655495.0,315503886.0,294352125.0,666659131.0,670646934.0,668177302.0,668631273.0
123,노루홀딩스,473115066.0,472000055.0,511163924.0,495031925.0,1051083865.0,1055537182.0,1171989378.0,1188823572.0
124,녹십자,882093850.0,962387715.0,958895150.0,1103450608.0,2151399594.0,2462144732.0,2525537081.0,2643313917.0
125,녹십자홀딩스,1567701359.0,1586104973.0,1625017216.0,1856165582.0,3241202077.0,3496833927.0,3592060735.0,3737707402.0
126,농심,676564197.0,699140508.0,719378357.0,793949665.0,2725528185.0,2899907794.0,3034718536.0,3234751426.0
127,농심홀딩스,274628632.0,289723336.0,311863433.0,380779228.0,1248142700.0,1328637732.0,1389130864.0,1505059212.0
128,다우기술,35377055590.0,41705976712.0,44071595510.0,47791926295.0,38622232830.0,46322445970.0,49260008743.0,53342459330.0
129,키다리스튜디오,20963820.0,67350907.0,103123818.0,135643277.0,48155283.0,290122175.0,377747851.0,344327903.0
130,KIB플러그에너지,90342468.0,67845866.0,82860308.0,93839585.0,197708845.0,165866104.0,192687257.0,221864642.0
131,대교,286275447.0,297164686.0,262333649.0,296001589.0,845161976.0,813566533.0,666723789.0,604526705.0
132,대구백화점,246310150.0,232567470.0,238926889.0,269986053.0,508655893.0,486599802.0,470347263.0,467423345.0
133,대동,610427548.0,874734549.0,1241782449.0,1379316412.0,938726122.0,1260639076.0,1713773206.0,1956376111.0
134,대동전자,41011756.0,32502719.0,26183174.0,25454283.0,205008393.0,218801473.0,251175551.0,250434440.0
135,대림B&Co,168485012.0,169194158.0,179629163.0,187014858.0,326324588.0,326583009.0,337590813.0,347656028.0
136,DL,10690535920.0,3793988664.0,7401228917.0,7586162396.0,13901859840.0,8180715294.0,12004032770.0,12119563560.0
137,대림통상,83223321.0,89665371.0,91462723.0,106152379.0,159653334.0,165802431.0,171792619.0,177143797.0
138,대상,1426785228.0,1623307569.0,1867569947.0,1990623423.0,2528335047.0,2870530106.0,3190196448.0,3334370027.0
139,대상홀딩스,1734176256.0,2134955897.0,2460226575.0,2576171993.0,3060158355.0,3626092434.0,4015327449.0,4159485426.0
140,대성홀딩스,599463867.0,647101707.0,786541939.0,686948614.0,1181125455.0,1244012863.0,1391346078.0,1245982849.0
141,대신증권,19426477977.0,20110035373.0,18487776170.0,19622059968.0,21503846682.0,22763241909.0,21210735463.0,22643488792.0
142,대양금속,40491316.0,57964910.0,226378022.0,53311055.0,116257053.0,157542367.0,400877091.0,151056760.0
143,대영포장,54064889.0,78837068.0,80340610.0,46600850.0,207957144.0,246069404.0,247356883.0,221137779.0
144,대우건설,6628920364.0,7241599093.0,7415736591.0,7181221069.0,9305916434.0,10457976991.0,11140353752.0,11243136483.0
145,대우부품,57068753.0,59430230.0,65582626.0,66699435.0,91992450.0,94393900.0,91241230.0,94593219.0
146,한화오션,6451804193.0,8405626102.0,11490693373.0,9632615572.0,10320774854.0,10623209555.0,12235665305.0,13944772692.0
147,대웅,720614938.0,776674439.0,879409306.0,922478397.0,1837532868.0,1929216826.0,2158905107.0,2359277174.0
148,대웅제약,671659305.0,712772242.0,822117616.0,858029764.0,1366907921.0,1410687452.0,1563340614.0,1770310793.0
149,대원강업,445770950.0,406038474.0,412406943.0,408110669.0,1017866947.0,983029517.0,1010418825.0,1026303658.0
150,대원전선,106632038.0,152928879.0,154359647.0,134547618.0,192012755.0,240573775.0,245958532.0,234871662.0
151,대원제약,122442339.0,211176225.0,204784867.0,243733870.0,335214010.0,429579922.0,453550066.0,507998342.0
152,대원화성,53771259.0,64820560.0,68456840.0,85537345.0,129796349.0,135832582.0,130913447.0,138374975.0
153,대유에이텍,927237547.0,1131295315.0,1136743953.0,299228350.0,1166526680.0,1320996327.0,1375206765.0,336026490.0
154,대유플러스,352222462.0,455486600.0,431957816.0,183494427.0,473118285.0,594393688.0,543210277.0,56615116.0
155,대창,398932797.0,536623950.0,563437643.0,509268660.0,620282790.0,810738132.0,840153818.0,759532652.0
156,대창단조,50037510.0,71311981.0,95831170.0,62213192.0,247240846.0,298478419.0,338228490.0,334751849.0
157,대한방직,77489052.0,93144326.0,75392117.0,49782243.0,213793933.0,232612120.0,210639558.0,180718515.0
158,대한유화,233430644.0,449738749.0,333880102.0,371702112.0,2127550340.0,2478873031.0,2195832516.0,2196492714.0
159,대한전선,839828614.0,1033109826.0,738060568.0,925279344.0,1199462928.0,1420870615.0,1620264871.0,1878565100.0
160,대한제강,396483255.0,512229906.0,422049933.0,271812695.0,944860968.0,1232437581.0,1220496810.0,1115779075.0
161,대한제당,667672501.0,671091219.0,681747544.0,630801051.0,1146241857.0,1182290229.0,1219466296.0,1185391612.0
162,대한제분,304081446.0,440979864.0,399078815.0,407391972.0,1084880808.0,1321597381.0,1318431899.0,1401353854.0
163,대한항공,21878336960.0,19806214029.0,19705240816.0,20576567788.0,25190061074.0,26671903184.0,28997701022.0,30391776030.0
164,대한화섬,115099123.0,165770866.0,122779865.0,143756015.0,722306185.0,907819642.0,836764532.0,860872754.0
165,대현,49378450.0,59050547.0,54998742.0,48980005.0,252923294.0,280081122.0,297649820.0,309337534.0
166,대호에이엘,73758019.0,76000082.0,80661978.0,51150337.0,101175472.0,145025262.0,153542697.0,145877680.0
167,더존비즈온,406089762.0,398587976.0,394392969.0,437989023.0,804070787.0,900314203.0,832892726.0,883327560.0
168,덕성,38803664.0,40299826.0,41762767.0,41050936.0,105039887.0,125291792.0,125172359.0,126819097.0
169,덕양산업,457267351.0,459786678.0,431773772.0,482586900.0,513044314.0,523564265.0,520217537.0,573648655.0
170,케이비아이동국실업,396370266.0,397931073.0,373187014.0,426184780.0,566142150.0,568005111.0,553570562.0,622237518.0
171,하이스틸,113613390.0,121886838.0,143503167.0,121222358.0,239658335.0,259714572.0,292456090.0,270448865.0
172,하이트진로,2223505553.0,2537892111.0,2172409937.0,2242471577.0,3297783699.0,3631051440.0,3333438311.0,3358347206.0
173,하이트진로홀딩스,2844595889.0,3148923131.0,2779584713.0,2874614630.0,3904980587.0,4236298193.0,3945000965.0,3979751149.0
174,한국가스공사,28174619094.0,34550566518.0,52014242784.0,47428628235.0,35909774516.0,43669902324.0,62424983096.0,57254666338.0
175,한국공항,152819448.0,93813701.0,81818614.0,128378638.0,425353643.0,383887978.0,421095043.0,476851540.0
176,한국금융지주,64805369408.0,74608457222.0,78602833042.0,87456133490.0,70437687757.0,82036577890.0,86308574157.0,95901185591.0
177,한국내화,58645134.0,104085580.0,105655719.0,127475850.0,202829020.0,357947858.0,325998841.0,333192248.0
178,한국단자,220972248.0,282995897.0,419492219.0,493288440.0,985178227.0,1125163279.0,1289776455.0,1425051765.0
179,한국석유,172471833.0,188198136.0,183328539.0,176607402.0,316488297.0,342126723.0,347065524.0,353982212.0
180,한국수출포장,56511276.0,68488033.0,64604055.0,61282438.0,309083509.0,331846867.0,345521340.0,357003990.0
181,한국쉘석유,50491877.0,56156827.0,59384706.0,62221361.0,148607731.0,165711580.0,172340454.0,188371617.0
182,한국전력,132475000000.0,145797000000.0,192805000000.0,202450000000.0,203142000000.0,211124000000.0,234805000000.0,239715000000.0
183,한국전자홀딩스,204746693.0,153728383.0,123768339.0,116991494.0,412243673.0,463627852.0,469100261.0,503113632.0
184,한국제지,,,,,,,,
185,한국주강,16447220.0,22132882.0,18273217.0,11207425.0,46460626.0,50194780.0,48045222.0,44186933.0
186,한국주철관,73142233.0,76191124.0,73948279.0,74562473.0,357526157.0,423089952.0,424608629.0,434108102.0
187,한국철강,171944787.0,186519007.0,150021132.0,120716792.0,868775458.0,908707498.0,948549497.0,972464325.0
188,한국카본,97788639.0,109356564.0,181165801.0,337774036.0,478319471.0,498355905.0,585333635.0,792428142.0
189,한국앤컴퍼니,291952510.0,345760552.0,445377544.0,624304502.0,3792451107.0,4081229755.0,4301818676.0,4640995962.0
190,한국특강,250943537.0,316723246.0,348107185.0,334499280.0,352334775.0,456750420.0,547808388.0,560997435.0
191,한국무브넥스,431038186.0,436752217.0,498148853.0,533544152.0,667998510.0,699351929.0,799394136.0,874724776.0
192,한국화장품제조,33387006.0,33557252.0,35421547.0,36551560.0,77657828.0,76545671.0,82665926.0,89173515.0
193,한농화성,40522140.0,69259918.0,72824107.0,74790089.0,171371035.0,216969691.0,225415183.0,237369526.0
194,한독,437077758.0,457565421.0,489250128.0,449706525.0,818926687.0,841561832.0,871106170.0,790339658.0
195,HLD&I,1279380184.0,1104826105.0,1240232282.0,1268702893.0,1653568578.0,1521351991.0,1667421795.0,1724300710.0
196,한미글로벌,89884233.0,141130569.0,178412243.0,196050464.0,218683633.0,285254341.0,373059660.0,398871055.0
197,한미반도체,69876325.0,82473641.0,65336210.0,151940479.0,326966868.0,429285683.0,455432966.0,723839104.0
198,한미사이언스,264485903.0,259599612.0,384942964.0,438697577.0,923219549.0,949894436.0,1109690934.0,1226170046.0
199,한샘,600608098.0,624662475.0,654251595.0,708747065.0,1229509761.0,1246352553.0,1099679541.0,1051517419.0
200,한섬,312511906.0,316664864.0,348223077.0,329926346.0,1438544149.0,1557084758.0,1684715499.0,1724265474.0
201,한성기업,145267047.0,155369922.0,182635463.0,179406071.0,195752062.0,199923900.0,234918896.0,230810002.0
202,한세실업,599703859.0,751823860.0,702124695.0,593553251.0,1021055618.0,1216241001.0,1239211177.0,1237247611.0
203,한세예스24홀딩스,1094228156.0,1291920827.0,1205446232.0,1188689217.0,1840012735.0,2241273060.0,2036963741.0,2152345947.0
204,한솔로지스틱스,141321704.0,188039086.0,171990567.0,126703696.0,195971591.0,266627758.0,274496249.0,245120387.0
205,한솔케미칼,376929964.0,429305068.0,400814014.0,409492210.0,999200502.0,1197174769.0,1253310603.0,1350979663.0
206,한솔테크닉스,312289415.0,510394100.0,631895651.0,479360236.0,591392385.0,788670353.0,1071921901.0,954035007.0
207,한솔PNS,63470511.0,59666915.0,83843135.0,78866175.0,107126396.0,109710673.0,134944512.0,124852549.0
208,한솔홀딩스,100666386.0,104432487.0,125962865.0,125877734.0,627140216.0,653696785.0,723295784.0,720105338.0
209,한솔홈데코,140448641.0,154814152.0,166074493.0,172328108.0,294990296.0,314661262.0,319496521.0,312095401.0
210,한신공영,1113458345.0,1442187010.0,1622658480.0,1716013928.0,1734262275.0,2119949126.0,2349398105.0,2468946950.0
211,한신기계,12873520.0,15086454.0,22775323.0,25660500.0,95212694.0,101149022.0,115721730.0,116461865.0
212,한양증권,1616639486.0,1201053826.0,1043504163.0,1258029082.0,1967706224.0,1633398450.0,1502891064.0,1747822855.0
213,한온시스템,5567975657.0,5757074853.0,6728917211.0,6735917854.0,7807411034.0,8233732862.0,9098783328.0,9244404434.0
214,한올바이오파마,38858948.0,34985662.0,45194772.0,53528623.0,220132431.0,198477805.0,213451233.0,239746993.0
215,한익스프레스,233096248.0,301259496.0,302592348.0,342926253.0,301687969.0,374774840.0,407946966.0,427530518.0
216,한일시멘트,1041417958.0,911950415.0,885820287.0,1148706829.0,2399662742.0,2370327907.0,2460836872.0,2867925364.0
217,한일철강,146274692.0,161018234.0,164622339.0,157459593.0,295057912.0,338779024.0,339154971.0,331028996.0
218,한전KPS,298187345.0,314925082.0,346288975.0,324737143.0,1349869091.0,1426920122.0,1562022195.0,1597333551.0
219,한전기술,201216889.0,192058364.0,273089488.0,307700361.0,700291402.0,705509291.0,816503302.0,855008773.0
220,한진,2550728647.0,2503649583.0,2558814753.0,2661786978.0,3788654067.0,3877620716.0,4093197692.0,4201363600.0
221,HJ중공업,1873852000.0,1953231000.0,2182707000.0,2549673000.0,2193855000.0,2385236000.0,2567697000.0,2890585000.0
222,한진중공업홀딩스,1480600000.0,1489201000.0,1629209000.0,1497922000.0,1837185000.0,1837801000.0,1995988000.0,1865721000.0
223,한창,80110484.0,97276581.0,90132833.0,89140438.0,117760361.0,134278398.0,113480993.0,90310468.0
224,한창제지,86371983.0,140052514.0,172631642.0,197857871.0,181081554.0,248597574.0,283062451.0,288895489.0
225,한화,173461000000.0,181483000000.0,163801000000.0,176539000000.0,191178000000.0,203464000000.0,196977000000.0,209738000000.0
226,한화손해보험,17811681663.0,18825405055.0,13942309500.0,14769484442.0,19518332852.0,20284988079.0,17173511589.0,18115263746.0
227,한화솔루션,9169604331.0,11806325075.0,13934972874.0,15482363319.0,15137319822.0,20007572194.0,23831884434.0,24492909474.0
228,한화에어로스페이스,6475090147.0,7114272104.0,11233518425.0,14858674608.0,9464815678.0,11045830631.0,15151828043.0,19542899926.0
229,한화투자증권,10606835890.0,9920841050.0,10555667496.0,11677138582.0,11859021179.0,11791027415.0,12111249518.0,13250183608.0
230,HDC현대EP,232179896.0,275234383.0,289863741.0,288562520.0,524916605.0,582888462.0,603330217.0,605440391.0
231,현대건설,9172896000.0,10207973000.0,10987431000.0,13258980000.0,17939274000.0,19637264000.0,20911708000.0,23714495000.0
232,현대글로비스,5832335783.0,6358516107.0,6998172212.0,6941096284.0,10898704437.0,12170928243.0,13877784500.0,14725019904.0
233,현대리바트,322270197.0,374591023.0,415626224.0,497104514.0,803314893.0,863648499.0,854159330.0,899461324.0
234,현대모비스,15169553000.0,16125063000.0,17599066000.0,17930546000.0,48497676000.0,51482537000.0,55406698000.0,58585845000.0
235,HD현대미포,1231546541.0,1674021487.0,2572981743.0,2893858196.0,3599025550.0,3878320283.0,4748245499.0,4909071433.0
236,현대백화점,3674740993.0,3743568385.0,5702018783.0,5433464917.0,8707032548.0,8969196456.0,12069249655.0,11712592639.0
237,현대비앤지스틸,220007943.0,271019167.0,333016275.0,298689554.0,648496423.0,768751883.0,857843841.0,792550276.0
238,HDC현대산업개발,3373063232.0,3681097259.0,4434454286.0,4008251615.0,6116097910.0,6566377904.0,7336326609.0,7016268810.0
239,HMM,7684812000.0,7517806000.0,5285543000.0,4272550000.0,9373360000.0,17876100000.0,26066659000.0,25713363000.0
240,한일현대시멘트,307055133.0,272590216.0,285245442.0,447338760.0,562929272.0,596793705.0,649126014.0,838319619.0
241,현대약품,67361026.0,77257092.0,94604146.0,69967632.0,157501806.0,163857417.0,181159428.0,154629100.0
242,현대엘리베이,1600843056.0,1851191574.0,1847719039.0,2163866654.0,2626221535.0,2987393730.0,3014471063.0,3535433379.0
243,현대차,133003000000.0,151331000000.0,164846000000.0,180654000000.0,209344000000.0,233946000000.0,255742000000.0,282463000000.0
244,현대제철,18152008767.0,18781894206.0,17672412852.0,15722841602.0,34845040108.0,37042298366.0,36800955830.0,35218841930.0
245,현대코퍼레이션,904594889.0,1344552872.0,1394707519.0,1479068054.0,1219059292.0,1707383176.0,1831301802.0,2059712573.0
246,현대차증권,8102117000.0,7645419000.0,9008411000.0,10307455000.0,9167904000.0,8806128000.0,10233054000.0,11585257000.0
247,현대해상,44389432859.0,47809992570.0,36744509270.0,38032594523.0,49194086423.0,52818002945.0,46252595501.0,44087986399.0
248,형지엘리트,53840117.0,70234923.0,41486678.0,55199613.0,114344168.0,130445154.0,109225633.0,125126388.0
249,혜인,109699111.0,92754855.0,132475114.0,139149135.0,207882894.0,194738254.0,240522146.0,253960587.0
250,호텔신라,2269886508.0,2079545237.0,2398761038.0,2398045990.0,2893842459.0,2656449912.0,2938544987.0,3006538770.0
251,화성산업,186024043.0,390984899.0,389175293.0,622246444.0,580483864.0,807965790.0,746127742.0,991687670.0
252,화승인더,806233973.0,1002373143.0,1119839946.0,1039627991.0,1433482294.0,1637051105.0,1779489489.0,1653277050.0
253,화신,566999792.0,582311067.0,647757404.0,751750659.0,822660475.0,870753098.0,1004620994.0,1196813984.0
254,화천기계,26338052.0,30111090.0,32602284.0,29955964.0,146537093.0,155922672.0,161427031.0,167517651.0
255,화천기공,82213083.0,117087776.0,128766813.0,118338768.0,378376165.0,425436857.0,474032616.0,463885406.0
256,환인제약,32957381.0,35963186.0,35446436.0,43019153.0,329559588.0,353188872.0,369374561.0,401226633.0
257,황금에스티,150228430.0,99055555.0,108492131.0,112667876.0,452295228.0,431568370.0,481912632.0,513527276.0
258,효성,1915426595.0,2265599710.0,2369980097.0,2312626241.0,4429749880.0,5255421960.0,5267284721.0,5088858302.0
259,효성ITX,112273681.0,138085361.0,111070180.0,106070813.0,161698570.0,241404764.0,176818736.0,176284814.0
260,후성,294938889.0,332875874.0,518459265.0,521907370.0,540108379.0,616334424.0,933755417.0,853376952.0
261,휴니드,127968482.0,134159016.0,159788539.0,137756657.0,247895608.0,267340262.0,304125357.0,299334914.0
262,휴스틸,189665934.0,325520952.0,297193189.0,318962394.0,604130122.0,951920862.0,1206373632.0,1325993300.0
263,TKG휴켐스,179440954.0,229725000.0,201162049.0,259255639.0,866585515.0,949304335.0,941352875.0,1099714172.0
264,흥국화재,12487415000.0,13071612000.0,9810958000.0,10670878000.0,13211184000.0,13762260000.0,12403741000.0,12031553000.0
265,흥아해운,313059823.0,144358895.0,181755200.0,154939134.0,286775958.0,247298683.0,317059937.0,325653339.0
266,동남합성,32284855.0,44342732.0,42058880.0,45751506.0,81304054.0,90602982.0,92085226.0,97568840.0
267,동방,410051935.0,399799100.0,437684707.0,455221060.0,526822001.0,531255658.0,567964926.0,599319321.0
268,동방아그로,54235750.0,57352106.0,65704821.0,64434056.0,196027049.0,204466926.0,216528029.0,224384204.0
269,동부건설,494379516.0,702346281.0,998112147.0,1226953607.0,954233550.0,1262000761.0,1581700494.0,1807512336.0
270,KG스틸,1285016839.0,1620934715.0,1361342497.0,1304937566.0,2257720824.0,2771098268.0,3051507327.0,3195514054.0
271,동성제약,70770129.0,58141479.0,64892798.0,75170970.0,125718175.0,104581874.0,107702061.0,114973284.0
272,동성케미컬,370735252.0,361792854.0,410505252.0,445611888.0,797944147.0,818795753.0,899511754.0,970612856.0
273,동아쏘시오홀딩스,622382702.0,706347762.0,732791277.0,929797049.0,1511106333.0,1691388336.0,1731452067.0,1957106350.0
274,다스코,130077408.0,173177983.0,202891749.0,165929194.0,249543946.0,298527300.0,346117669.0,320034641.0
275,동아지질,143304737.0,146434994.0,150642232.0,162018317.0,334840487.0,350828019.0,372281355.0,390934867.0
276,동양,217173926.0,223240278.0,200018245.0,311407795.0,996760196.0,1007233610.0,983550241.0,1099649988.0
277,동양고속,60838463.0,84315064.0,90255924.0,99329870.0,167885900.0,168829554.0,165498374.0,168393916.0
278,TYM,486125602.0,458227293.0,447666197.0,466443819.0,656859440.0,707428248.0,782128427.0,849110905.0
279,동양생명,33183128989.0,34059408798.0,30006997133.0,29965457520.0,36253033068.0,37103344690.0,34866586937.0,32869437390.0
280,동양철관,65870366.0,101850823.0,94535470.0,121668095.0,153374077.0,185998128.0,183082959.0,208762934.0
281,HLB글로벌,57149141.0,50506520.0,52237490.0,58156709.0,130769263.0,163865354.0,120246185.0,110104673.0
282,동원F&B,936989278.0,1136863167.0,1187905520.0,1232947132.0,1683934673.0,1935684196.0,2071710811.0,2206146539.0
283,동원금속,436932189.0,395436339.0,398156988.0,373121126.0,468914312.0,456870590.0,487867521.0,477124887.0
284,동원산업,1810884383.0,4058408981.0,4152704108.0,4589421553.0,3106026197.0,6685167196.0,7061179537.0,7725142829.0
285,동원수산,49992276.0,43921847.0,59216320.0,71959495.0,98150228.0,100942001.0,121789602.0,114611866.0
286,동원시스템즈,639356721.0,826642450.0,722040384.0,761806993.0,1255817451.0,1492014739.0,1451669982.0,1535857780.0
287,DI동일,365891604.0,419638628.0,378689104.0,370119040.0,882559328.0,993144117.0,997884899.0,975653235.0
288,동일산업,57018140.0,71727780.0,82125521.0,66058895.0,417500512.0,473764602.0,499402713.0,476136022.0
289,동화약품,91125560.0,87671267.0,82463208.0,157916043.0,433807800.0,447804487.0,461136459.0,564972409.0
290,두산,22435431804.0,17535706720.0,16017536857.0,17080070106.0,30201002745.0,25945825422.0,26315352623.0,28286808652.0
291,HD현대인프라코어,7537887589.0,3412465904.0,3101626628.0,2605109811.0,12026886194.0,4782289798.0,4736667586.0,4418425813.0
292,두산에너빌리티,18460677610.0,14912949984.0,12969491516.0,13799325009.0,25567174291.0,23720545629.0,23049781800.0,24640833946.0
293,디씨엠,38937544.0,51347298.0,41595074.0,34265289.0,227933255.0,286895606.0,306956323.0,277642743.0
294,디아이,92401937.0,96098088.0,111206587.0,119340064.0,228890878.0,248156662.0,274585823.0,280589482.0
295,디아이씨,533974825.0,496346185.0,504681102.0,523567832.0,604617280.0,628866348.0,648233574.0,684084842.0
296,디와이,328425725.0,361846877.0,356698974.0,399687967.0,795605265.0,859972555.0,861083033.0,930244753.0
297,DN오토모티브,307077824.0,770989552.0,3460082192.0,3172968753.0,961755008.0,1484962433.0,4591590752.0,4567386501.0
298,롯데관광개발,972349830.0,1249736891.0,1571088485.0,1698551480.0,1198450486.0,1302424557.0,1802776594.0,1764111056.0
299,롯데손해보험,15401640574.0,17909167668.0,14961508820.0,13586751527.0,16348179110.0,18911189698.0,16764540172.0,14842983217.0
300,롯데쇼핑,21740641629.0,21629527142.0,20668459087.0,19808248978.0,32829404196.0,33426533819.0,31703575873.0,30644698697.0
301,롯데정밀화학,224889056.0,524823793.0,415627340.0,299724770.0,1874589382.0,2723453687.0,2709845871.0,2682930420.0
302,롯데지주,8848916626.0,10292586180.0,12409157931.0,13487589139.0,16680023234.0,19921883104.0,22175416666.0,23160430746.0
303,롯데칠성,2161226817.0,2151774423.0,2283769460.0,2720834173.0,3466112903.0,3596830123.0,3695935640.0,4257669751.0
304,롯데케미칼,5674190701.0,7415917898.0,9520345524.0,13243769645.0,19386545995.0,22855160814.0,26784587811.0,33476310225.0
305,마니커,120212238.0,149174030.0,125649245.0,114478213.0,192098720.0,196467021.0,174626137.0,160373499.0
306,만호제강,17451274.0,25179107.0,25657000.0,22325402.0,249750179.0,258241793.0,275646355.0,279981667.0
307,명문제약,152250254.0,137389373.0,135182359.0,147794261.0,243025043.0,223263082.0,230449823.0,236548794.0
308,모나리자,20100122.0,18723654.0,20179159.0,15760804.0,91311099.0,93955501.0,97794376.0,97045385.0
309,모나미,105892494.0,97960469.0,111823225.0,97140753.0,195681831.0,202507880.0,218432624.0,195918816.0
310,모토닉,27803338.0,29163386.0,33436780.0,33085143.0,442437586.0,447982645.0,464094161.0,480202443.0
311,무림P&P,829022676.0,864649855.0,941368622.0,992596055.0,1430440066.0,1483591839.0,1604057803.0,1622970089.0
312,무림페이퍼,1550132325.0,1637863898.0,1739726817.0,1711139619.0,2194982288.0,2284417095.0,2429133746.0,2392625542.0
313,문배철강,68606174.0,66845642.0,39013430.0,47721898.0,187690632.0,209839262.0,206906858.0,231645965.0
314,미래산업,31682005.0,34009094.0,41043554.0,27339221.0,95757333.0,118651369.0,134409510.0,102246105.0
315,미래아이앤지,2854065.0,28587956.0,28061180.0,26320542.0,92320794.0,99668333.0,97492843.0,84461941.0
316,미래에셋증권,121601000000.0,98031833902.0,95852875159.0,116938000000.0,130947000000.0,108642000000.0,106952000000.0,128177000000.0
317,미원상사,61380691.0,76426655.0,73770759.0,69598937.0,328954823.0,372413719.0,415619325.0,447566169.0
318,미원홀딩스,132989918.0,191049964.0,229582717.0,197574631.0,331257263.0,426808405.0,485886407.0,467503158.0
319,미창석유,34685537.0,45615051.0,36181496.0,51380636.0,311812975.0,347596980.0,357326203.0,416240457.0
320,방림,44904871.0,57282435.0,63058875.0,49794632.0,236854131.0,257080320.0,265220044.0,243460572.0
321,백광산업,145514221.0,172997606.0,194591586.0,213256379.0,322745475.0,361859837.0,404267601.0,426908196.0
322,태경비케이,87140850.0,97539785.0,96292880.0,85138588.0,295877498.0,332382424.0,361240179.0,378041031.0
323,백산,168664435.0,183147957.0,158716155.0,143460405.0,291097333.0,330162573.0,338873472.0,351920467.0
324,범양건영,76477866.0,112322391.0,144032362.0,130776898.0,158124590.0,191769769.0,215054262.0,192910733.0
325,보락,10107183.0,10774060.0,12528504.0,9149383.0,54109129.0,56317969.0,60912252.0,57928436.0
326,보령,307706406.0,354327079.0,375969361.0,366258951.0,647993966.0,828641139.0,892385915.0,915511541.0
327,보해양조,70469241.0,68867729.0,64936221.0,63286857.0,149117626.0,153116764.0,147392501.0,143300747.0
328,부광약품,129777605.0,117355700.0,129081732.0,194752377.0,400968742.0,397416583.0,400929189.0,429017049.0
329,부국증권,1047959747.0,988411107.0,786574355.0,1012607101.0,1608864797.0,1647423236.0,1481429884.0,1770492019.0
330,부국철강,18923712.0,30259505.0,27614064.0,23636379.0,132192727.0,150684043.0,153622004.0,156095855.0
331,부산산업,47570989.0,56289943.0,52615151.0,104333813.0,129019981.0,133795624.0,134678926.0,278200799.0
332,부산주공,223142381.0,216496992.0,212511514.0,218282472.0,249781607.0,239665282.0,233931779.0,238225997.0
333,비상교육,67288900.0,71577714.0,112016004.0,181432555.0,263230581.0,271514540.0,309226088.0,362621260.0
334,빙그레,174607301.0,202369500.0,193497613.0,249119716.0,764138445.0,760245281.0,769266588.0,890717260.0
335,사조대림,672515626.0,616712557.0,564420178.0,552092559.0,1124142190.0,1135725586.0,1168252667.0,1262971666.0
336,사조동아원,238715223.0,237036709.0,250702675.0,206173173.0,446436771.0,448788965.0,481673723.0,448802369.0
337,사조산업,584214919.0,548108054.0,523375979.0,522283807.0,1087398591.0,1113856493.0,1166611978.0,1169759640.0
338,사조오양,133950268.0,119243894.0,137261542.0,125447760.0,318741896.0,315948483.0,343207955.0,346240177.0
339,SGC에너지,1997593170.0,1852133114.0,2187874938.0,2098714440.0,2675392824.0,2591549831.0,3054362176.0,2967510634.0
340,삼성SDI,8175305379.0,10636493682.0,13040023015.0,14131610215.0,21534232267.0,25833192997.0,30257525171.0,34038860193.0
341,삼성공조,35616241.0,37761207.0,49783881.0,42256345.0,258204690.0,257514152.0,308654791.0,313423840.0
342,삼성물산,21386258023.0,21892978957.0,27017371086.0,26229919731.0,54331740266.0,55245423114.0,58981492467.0,66127029213.0
343,삼성E&A,3173840385.0,4098204679.0,5271682816.0,4503060317.0,4755575903.0,6058722397.0,7848723223.0,7801398613.0
344,삼성전기,3315102537.0,3070248396.0,3303686219.0,3627546626.0,9225498476.0,9941374038.0,10997170899.0,11657871602.0
345,삼성전자,102288000000.0,121721000000.0,93674903000.0,92228115000.0,378236000000.0,426621000000.0,448425000000.0,455906000000.0
346,삼성제약,56810738.0,18185605.0,15324892.0,15894485.0,178725958.0,145456078.0,117914809.0,93479032.0
347,삼성중공업,9203939004.0,8041328855.0,10919760588.0,12184181554.0,12922170786.0,12138595961.0,14491697985.0,15593389152.0
348,삼성증권,58552648425.0,59626558211.0,47652352674.0,49885200114.0,63869722094.0,65707487000.0,53848261017.0,56507909509.0
349,삼성출판사,118739112.0,115319935.0,35896218.0,30442278.0,292398203.0,338722413.0,211487638.0,196570540.0
350,삼성카드,16279312176.0,19630914160.0,21733666279.0,20670643152.0,23398860283.0,27144187002.0,29623192873.0,28806533713.0
351,삼성화재,76313844152.0,79441679330.0,68272537720.0,68874631708.0,92596378892.0,94934011110.0,80796010435.0,85019029989.0
352,삼아알미늄,97148386.0,105209850.0,150214355.0,149310133.0,207542630.0,227237961.0,288153290.0,404298806.0
353,삼양식품,208948913.0,357388871.0,470165749.0,593512455.0,556224426.0,753080321.0,924929491.0,1170302771.0
354,삼양통상,46525861.0,52591297.0,40424121.0,22832802.0,422110653.0,459013786.0,457536776.0,454751843.0
355,삼양홀딩스,1737778055.0,2035181761.0,2024270110.0,2340123862.0,3893564668.0,4460588689.0,4547780622.0,5136660179.0
356,삼영무역,111949319.0,114637440.0,112174818.0,120001033.0,533231525.0,578816472.0,624208063.0,675612521.0
357,삼영전자,22979317.0,31882386.0,20693875.0,14416675.0,513873622.0,543640907.0,543607710.0,544042880.0
358,삼영,63239100.0,67128160.0,83735128.0,64933628.0,108988417.0,117674616.0,135833316.0,132156559.0
359,삼익THK,197639469.0,180808728.0,233318683.0,270907977.0,387615060.0,378200330.0,444027584.0,473605961.0
360,삼익악기,399474701.0,331393678.0,260906133.0,271955667.0,622371934.0,585304800.0,521558833.0,534158280.0
361,삼일제약,128109718.0,160658491.0,230880901.0,242852725.0,191660927.0,226404983.0,356700497.0,370680097.0
362,삼정펄프,21806867.0,23293618.0,19657538.0,18538669.0,232780513.0,239413229.0,232663819.0,242673645.0
363,삼진제약,55577253.0,98327947.0,130692791.0,154536239.0,269033498.0,332495965.0,406556944.0,419901237.0
364,삼천리,2469141404.0,2785181548.0,3482673623.0,2757736685.0,3859947628.0,4245308851.0,5021952466.0,4432766185.0
365,삼호개발,101420081.0,76141633.0,63537093.0,101025496.0,312804376.0,296852078.0,282392862.0,328385016.0
366,삼화왕관,101925753.0,99670369.0,103072772.0,95306705.0,246083352.0,243315828.0,222783557.0,201158073.0
367,삼화전기,69343133.0,71761025.0,50062915.0,45172484.0,137039897.0,158640156.0,139115270.0,139238489.0
368,삼화전자,41201050.0,49263944.0,51007478.0,44398806.0,55038202.0,66900329.0,68742293.0,73014232.0
369,삼화콘덴서,60145259.0,66356721.0,62021312.0,62806573.0,234968255.0,269298659.0,287453833.0,308031065.0
370,삼화페인트,301977867.0,316175727.0,287461316.0,281560003.0,594292974.0,612097736.0,587186274.0,590613614.0
371,상신브레이크,269841443.0,305186258.0,346980657.0,353038165.0,440014845.0,493641122.0,544569686.0,564873379.0
372,새론오토모티브,30173636.0,29993562.0,26237447.0,27269308.0,248085258.0,268378498.0,256209762.0,257571092.0
373,샘표,90148032.0,129328227.0,138655949.0,144770085.0,381155550.0,442738149.0,465919907.0,474583603.0
374,서연,1324421697.0,1231606779.0,1319636711.0,1556642713.0,2151012180.0,2137879391.0,2323543347.0,2771870653.0
375,서울가스,655228369.0,623830584.0,818373686.0,709423037.0,1689713126.0,1662601876.0,1871342447.0,1777219780.0
376,서울식품,46385830.0,46261760.0,42534581.0,44090117.0,74752325.0,72278884.0,70853362.0,70814891.0
377,서원,120382590.0,154493744.0,129996556.0,123001609.0,225954131.0,293365978.0,266232857.0,246997269.0
378,서흥,389007506.0,380086403.0,456694418.0,516668522.0,765989776.0,809954854.0,926418536.0,993737056.0
379,선도전기,84878609.0,88951576.0,76037003.0,69366338.0,171389483.0,146217075.0,113976353.0,92323070.0
380,SUN&L,325109521.0,397875441.0,373988182.0,396711706.0,528379079.0,566176957.0,524434320.0,628100647.0
381,성문전자,13826330.0,23623581.0,25167616.0,24201250.0,40358770.0,54386004.0,57241316.0,60912720.0
382,성보화학,22532879.0,36424835.0,33383212.0,33110290.0,159209820.0,172156874.0,170785287.0,165627372.0
383,성신양회,682849243.0,707589359.0,791369380.0,772175804.0,1090267313.0,1121595053.0,1187583002.0,1310199053.0
384,성창기업지주,174455182.0,164488268.0,224541467.0,195769131.0,707392787.0,703740105.0,820314255.0,769067175.0
385,세기상사,19870637.0,27800153.0,25060643.0,23943612.0,40517199.0,46388873.0,51641841.0,50999114.0
386,세방,311208175.0,347791902.0,277495007.0,287005143.0,1164648378.0,1244948679.0,1280973787.0,1345241647.0
387,세방전지,378160846.0,472409464.0,430957932.0,498766535.0,1514339389.0,1684408564.0,1676981981.0,1840970162.0
388,세아베스틸지주,1566714422.0,1619635049.0,1846659305.0,1626121166.0,3280434991.0,3525996555.0,3818404052.0,3665171001.0
389,세아제강,456800611.0,548598492.0,636127563.0,538663133.0,1052052852.0,1228191226.0,1465129429.0,1535913845.0
390,세아홀딩스,2357914263.0,2674980509.0,2915366416.0,2681649313.0,5084932952.0,5537774299.0,5919958905.0,5789382239.0
391,세우글로벌,4114500.0,4426591.0,4030129.0,6056709.0,47098886.0,48681238.0,49888721.0,54508702.0
392,세원이앤씨,154627981.0,122542234.0,115300761.0,153770418.0,324723875.0,292675905.0,282702160.0,343623738.0
393,세원정공,94841140.0,70776213.0,77647409.0,92873802.0,612803378.0,622152014.0,628831844.0,674081857.0
394,세이브존I&C,107305935.0,106318459.0,109458880.0,110440387.0,559381457.0,564254721.0,573569548.0,584799204.0
395,에스제이지세종,770626000.0,777174141.0,748025818.0,739910936.0,1158750683.0,1180100054.0,1149427318.0,1151805424.0
396,송원산업,427645000.0,572395000.0,534689000.0,384152000.0,891142000.0,1115649000.0,1217311000.0,1089744000.0
397,수산중공업,132757189.0,114040079.0,123182487.0,87612992.0,236404221.0,236089652.0,261731135.0,263117530.0
398,신대양제지,209644030.0,219154384.0,227229978.0,189456582.0,809132235.0,845951512.0,884529890.0,876212193.0
399,신도리코,67712532.0,73933348.0,84787666.0,87555410.0,916234313.0,1022601243.0,1038493448.0,1078782999.0
400,신라교역,111067184.0,127921321.0,157356041.0,178568344.0,629072905.0,680457027.0,716401498.0,748620183.0
401,신성이엔지,231976448.0,268618297.0,366385475.0,345149056.0,423441771.0,476656365.0,577555245.0,587747541.0
402,신성통상,627550384.0,633484645.0,679481774.0,645814959.0,858316042.0,898483606.0,1022769919.0,1069740616.0
403,신세계,7711856252.0,7882059338.0,8096632950.0,8411994527.0,12769110974.0,13644510517.0,14348412323.0,14751983355.0
404,신세계I&C,72335931.0,77831503.0,118998740.0,94320452.0,283666197.0,354134942.0,482934080.0,476561498.0
405,신세계건설,563223277.0,602860756.0,751891779.0,1141761519.0,765614224.0,828998344.0,1035610954.0,1261721118.0
406,신영와코루,56262666.0,65750359.0,63083714.0,36041587.0,373426209.0,388668604.0,425804459.0,401719803.0
407,신영증권,8419702402.0,9592427579.0,8663574450.0,9355337865.0,9820753720.0,11085013453.0,10198800405.0,10980360381.0
408,신원,220186806.0,292127409.0,284616542.0,331223041.0,405804841.0,503617026.0,510124894.0,545009763.0
409,신일전자,35333284.0,39482255.0,70989813.0,43889322.0,110598654.0,122088681.0,152880655.0,126134087.0
410,신풍제약,112819609.0,38025375.0,30777771.0,79301495.0,492915057.0,398349775.0,361536058.0,350083640.0
411,신풍,7342670.0,4491678.0,30070256.0,32548431.0,107754752.0,93873256.0,112417897.0,104190909.0
412,신한지주,558877000000.0,598614000000.0,611010000000.0,635473000000.0,605234000000.0,648152000000.0,664433000000.0,691795000000.0
413,SHD,29596285.0,30435747.0,36836002.0,33500821.0,64200496.0,71036421.0,88291972.0,84766158.0
414,신흥,54274739.0,37195201.0,33759592.0,26440644.0,146176718.0,138612212.0,140622550.0,140331353.0
415,쌍방울,135141277.0,167330571.0,29093373.0,30263801.0,350525095.0,395643690.0,167746018.0,143820156.0
416,쌍용C&E,1637119316.0,1909294816.0,2281205119.0,2060600861.0,3326801073.0,3564764921.0,3874346066.0,3639543305.0
417,써니전자,1602323.0,9012295.0,3286137.0,1493834.0,65431757.0,77185258.0,76509690.0,82497512.0
418,씨아이테크,42371691.0,31715497.0,41507587.0,35659256.0,75094283.0,79538625.0,94190035.0,90579938.0
419,아남전자,133577436.0,193585924.0,172812424.0,105190755.0,192770243.0,271957635.0,270755696.0,211753779.0
420,아모레퍼시픽,1237520432.0,1372414055.0,1022508074.0,1013805678.0,5701918176.0,6116713933.0,5801783178.0,5886510889.0
421,아모레G,1516700822.0,1562518154.0,1117500460.0,1106298749.0,7788743600.0,8038142932.0,7651003801.0,7631430778.0
422,메타랩스,23555345.0,28601817.0,11129379.0,38453398.0,77019665.0,85034045.0,90016754.0,111855785.0
423,아세아,1359881772.0,1399054581.0,1317598874.0,1291990928.0,2887531024.0,3115270385.0,3182375948.0,3272086006.0
424,아세아제지,248826738.0,255172404.0,230662240.0,198420446.0,882326925.0,969593253.0,1034948262.0,1048177765.0
425,아시아나항공,12762122307.0,12561568437.0,12739695841.0,12206400393.0,13851459281.0,13082664860.0,13455341412.0,13016745781.0
426,아이에스동서,2231460472.0,2052891777.0,2131652334.0,2465162334.0,3621499080.0,3509755192.0,3737786456.0,4237373316.0
427,IHQ,27655370.0,120389630.0,158843225.0,43043155.0,146319857.0,238568446.0,246320129.0,151653101.0
428,알루코,439521686.0,487493321.0,506348249.0,502306306.0,701423268.0,780157703.0,816932966.0,861149661.0
429,에넥스,67681050.0,66492066.0,83739059.0,105063306.0,112937632.0,132906036.0,128080156.0,144034594.0
430,에스엘,913788518.0,1049018849.0,1225627791.0,1226615064.0,2338956946.0,2567493134.0,2931636940.0,3235734467.0
431,에스원,522505041.0,530076698.0,552669333.0,581598590.0,1906689693.0,1972972502.0,2075658596.0,2179505358.0
432,SJM홀딩스,60442219.0,66104871.0,65018743.0,64326933.0,308348208.0,329167360.0,328166067.0,339809517.0
433,에쓰씨엔지니어링,48922065.0,71886044.0,65881041.0,60269563.0,68596640.0,116426813.0,106506525.0,99303953.0
434,에이엔피,63222191.0,52058401.0,76747050.0,62786247.0,103907677.0,82030111.0,106799190.0,95035399.0
435,에이프로젠,144268553.0,478452841.0,138850905.0,176739762.0,834308436.0,477646399.0,599853282.0,594427763.0
436,에이프로젠바이오로직스,16952930.0,17440224.0,173729692.0,220705187.0,615309134.0,614621103.0,684140417.0,589396665.0
437,엔씨소프트,936521663.0,1430662643.0,1239083608.0,1140771883.0,4081208897.0,4581889369.0,4437632451.0,4393800424.0
438,엔케이,50718430.0,28011922.0,57514392.0,62956181.0,140196786.0,130726528.0,185745935.0,247666086.0
439,플레이그램,6899406.0,77794238.0,120092720.0,99973853.0,69040671.0,129521138.0,303643330.0,273648832.0
440,NPC,115195206.0,176774337.0,182861270.0,172746134.0,410578593.0,499980383.0,527275693.0,537632854.0
441,영보화학,27197470.0,24685850.0,22013068.0,15171621.0,174719741.0,179898107.0,180449397.0,179035625.0
442,영원무역,1044287669.0,1113408479.0,1399319640.0,1709153120.0,3038285285.0,3547620438.0,4513623781.0,5297123641.0
443,영원무역홀딩스,1115409879.0,1170497825.0,1503556313.0,1799444220.0,3732514860.0,4325576167.0,5490219711.0,6379343146.0
444,영진약품,73668890.0,89209751.0,113212626.0,136968480.0,188100730.0,194095213.0,203082817.0,226600824.0
445,영풍,1288719463.0,1618710698.0,1468547025.0,1285348175.0,5000855951.0,5521001406.0,5871933652.0,5568116970.0
446,영풍제지,75568184.0,77558899.0,67139876.0,79693711.0,202117558.0,209596339.0,203670380.0,199916289.0
447,영화금속,123903362.0,150705230.0,158037883.0,142474702.0,197590025.0,211560373.0,220738936.0,210002658.0
448,예스코홀딩스,1042780635.0,889444520.0,971855140.0,855030228.0,1564088965.0,1423002538.0,1491393801.0,1358039481.0
449,오뚜기,897375182.0,1067386662.0,1622240968.0,1432941730.0,2339299659.0,2605839009.0,3569760859.0,3496482529.0
450,오리엔트바이오,22973290.0,21764271.0,9657862.0,9754941.0,71518505.0,104952009.0,81050220.0,83254490.0
451,오리온홀딩스,1002841041.0,1090941457.0,977214308.0,818487035.0,4497550946.0,4961788340.0,5102168431.0,5138300058.0
452,웰바이오텍,51430394.0,102354210.0,23982588.0,23020936.0,70920912.0,139383374.0,59285485.0,60240632.0
453,우리금융지주,372355000000.0,418334000000.0,448847000000.0,464607000000.0,399081000000.0,447184000000.0,480474000000.0,498005000000.0
454,팜젠사이언스,51973965.0,93391563.0,110275883.0,107705788.0,135543934.0,220323823.0,317391477.0,335917099.0
455,에스메디,62166694.0,56902663.0,60277758.0,17600314.0,138292817.0,176303068.0,189857328.0,155304762.0
456,우성,136104556.0,172372494.0,228737289.0,242808034.0,313457406.0,344617741.0,401969273.0,425327564.0
457,우신시스템,224284592.0,220358555.0,192467200.0,284056762.0,324516702.0,309605708.0,282515716.0,380460470.0
458,우진플라임,206845326.0,194240951.0,182460325.0,211957809.0,267621933.0,276360691.0,285245048.0,318384839.0
459,웅진,897850726.0,845476888.0,868253314.0,835453231.0,1087018285.0,1065994370.0,1094417788.0,1027078032.0
460,웅진씽크빅,291360210.0,398095903.0,425863102.0,418313652.0,666079005.0,771639508.0,790792230.0,739376284.0
461,원림,43929962.0,34844419.0,26002568.0,23052297.0,177323382.0,170283437.0,169931826.0,174969479.0
462,윌비스,185657189.0,183381462.0,172118972.0,195506006.0,284787600.0,288026486.0,270394722.0,302851731.0
463,유나이티드제약,76542019.0,79323820.0,80034380.0,90179373.0,353433063.0,380032751.0,417890867.0,468860418.0
464,유니드,338797020.0,354619999.0,587712512.0,356024268.0,1120794923.0,1347710903.0,1489264678.0,1259135784.0
465,유니온,178419689.0,182516607.0,201552927.0,206746721.0,354433760.0,366165151.0,376111723.0,382846277.0
466,유니온머티리얼,101282697.0,102788774.0,120343647.0,123358031.0,184455805.0,186669511.0,204164785.0,187088687.0
467,유니퀘스트,143296166.0,181823563.0,262882234.0,240747286.0,379977750.0,490332218.0,610723418.0,454404381.0
468,유성기업,116177970.0,104854261.0,99811963.0,104498592.0,411316942.0,409968041.0,427046002.0,439604034.0
469,유수홀딩스,109944490.0,93662172.0,79255170.0,68107153.0,498245353.0,501707092.0,524926065.0,514472138.0
470,유안타증권,13561249167.0,13189879725.0,11862753297.0,14860352268.0,14948245614.0,14714933646.0,13419879837.0,16461846690.0
471,유엔젤,13146431.0,9512538.0,7242895.0,8118758.0,48567847.0,61716674.0,61023632.0,62948969.0
472,유유제약,37864566.0,64300209.0,71831031.0,77857872.0,154901007.0,192985288.0,195205073.0,198213527.0
473,유진투자증권,9211740033.0,8214653816.0,7100764279.0,7687427344.0,10076939662.0,9175464956.0,8076408299.0,8699332043.0
474,유한양행,547019907.0,527922717.0,464921703.0,712337878.0,2393522101.0,2463811805.0,2472728072.0,2814070522.0
475,유화증권,248010490.0,248858479.0,190957655.0,296900932.0,719642910.0,734694870.0,689335170.0,802953283.0
476,율촌화학,265701497.0,320650273.0,319324397.0,372689001.0,613344959.0,666716498.0,653136153.0,678951067.0
477,이건산업,210728508.0,229454184.0,242273570.0,250827068.0,383232664.0,419293457.0,442826933.0,443074731.0
478,이구산업,169397042.0,201231109.0,209999598.0,187965583.0,271665261.0,323941424.0,337212432.0,313891618.0
479,이수페타시스,324275898.0,324186856.0,323686082.0,359658155.0,389384713.0,449678765.0,546014161.0,626436319.0
480,이수화학,683246293.0,777122952.0,782591483.0,832802123.0,969058838.0,1168938576.0,1188076573.0,1093466714.0
481,이스타코,21867550.0,31761979.0,34487215.0,37121853.0,70696188.0,82087857.0,79791361.0,79504420.0
482,이아이디,78640063.0,261615873.0,384426714.0,243352948.0,225852507.0,519321207.0,566212896.0,467831375.0
483,이월드,85228987.0,194324048.0,185352588.0,186383287.0,447853890.0,433174726.0,431705015.0,421666524.0
484,이화산업,125529358.0,66332388.0,58496403.0,58674387.0,274857377.0,274689898.0,268217246.0,265952519.0
485,인디에프,97457009.0,87338281.0,81801083.0,75965446.0,138647755.0,129046719.0,119745167.0,115588583.0
486,인스코비,33050534.0,43461356.0,38132317.0,38133734.0,76233776.0,109349945.0,101183784.0,76484143.0
487,인지컨트롤스,324223298.0,346845570.0,400688874.0,428904725.0,511309877.0,543367175.0,606910470.0,649103362.0
488,인천도시가스,148540215.0,169182627.0,223143902.0,232331241.0,340211568.0,360580638.0,423143582.0,443887541.0
489,인팩,205338444.0,232862255.0,273499293.0,330515820.0,319762537.0,353962028.0,411164185.0,482869726.0
490,일동홀딩스,505381036.0,737422940.0,693452985.0,707097204.0,810988824.0,920762518.0,862553167.0,876999055.0
491,일성건설,208208371.0,269946371.0,292815448.0,284266785.0,298510508.0,379287374.0,413301997.0,409313433.0
492,일성아이에스,23748423.0,25472910.0,49747959.0,36436249.0,371224516.0,371382501.0,498743323.0,419189929.0
493,일신방직,234632046.0,249710018.0,272298157.0,178495604.0,964200063.0,1044004956.0,1176745986.0,1059230390.0
494,일신석재,41825961.0,39637444.0,60940447.0,41333554.0,94043686.0,91890080.0,116167864.0,98302188.0
495,일양약품,194194688.0,222513276.0,206331142.0,196428262.0,439116735.0,494271353.0,498185237.0,459455967.0
496,일정실업,20316038.0,22455076.0,28081176.0,28010994.0,40721796.0,34576440.0,33565989.0,31049305.0
497,일진다이아,59150952.0,106685387.0,71340431.0,62179847.0,247688526.0,641762242.0,599305652.0,594029355.0
498,일진디스플,85519736.0,106734302.0,88372906.0,86389552.0,113893786.0,117460184.0,117303570.0,111889655.0
499,일진전기,481494842.0,514885051.0,494610874.0,557745968.0,790379092.0,837942611.0,839513249.0,928888144.0
500,일진홀딩스,638963895.0,726755399.0,678227620.0,724215861.0,1158500912.0,1611593520.0,1586114519.0,1664779335.0
501,자화전자,83535079.0,139199345.0,162630932.0,312897493.0,355988092.0,437943843.0,505788674.0,692647471.0
502,전방,233102954.0,239288171.0,94123353.0,47159660.0,373432831.0,383313469.0,304781349.0,236979138.0
503,제이준코스메틱,28058348.0,19745647.0,6805876.0,8368375.0,87885496.0,79881575.0,48387027.0,48355454.0
504,제일기획,1226934683.0,1414844027.0,1530015562.0,1591740851.0,2242463952.0,2542111414.0,2751445128.0,2889504607.0
505,제일연마,12767542.0,13575873.0,11951005.0,10794722.0,98714752.0,106469253.0,104117876.0,106615085.0
506,제일파마홀딩스,388110851.0,392107688.0,445884553.0,477810922.0,887395067.0,892421378.0,865677012.0,879996991.0
507,조광페인트,147550487.0,172513434.0,216375249.0,207511535.0,349970175.0,347025302.0,386108212.0,382807997.0
508,조광피혁,28284868.0,63928944.0,63994596.0,69790235.0,343161525.0,440910560.0,442034876.0,504500386.0
509,조비,36652318.0,50521010.0,68561446.0,66303820.0,87855328.0,103778713.0,130041760.0,118588765.0
510,조일알미늄,163031549.0,181069785.0,180767714.0,199513686.0,274904170.0,347937580.0,367680590.0,390898369.0
511,조흥,115083266.0,121819557.0,279570332.0,244362081.0,248313869.0,267558823.0,433755477.0,394002200.0
512,종근당바이오,114714927.0,137048970.0,164791529.0,170760623.0,283462940.0,298540308.0,312590995.0,293785061.0
513,종근당홀딩스,418150785.0,527666927.0,577829023.0,632518934.0,1258451806.0,1367635165.0,1376372970.0,1456003651.0
514,주연테크,19927980.0,14445525.0,11699002.0,8902970.0,57589967.0,59714399.0,53242325.0,45913552.0
515,HS애드,385037788.0,403733028.0,368225320.0,364992855.0,530366843.0,564897384.0,542150546.0,547772703.0
516,진도,31364732.0,35781862.0,25027285.0,16788658.0,128453979.0,136444645.0,129200780.0,124296634.0
517,진양산업,27292881.0,30401133.0,31490483.0,33019849.0,70722584.0,77871278.0,82719955.0,90029703.0
518,진양폴리,17883675.0,18619837.0,15374878.0,19533006.0,44798058.0,48090927.0,46084521.0,51748835.0
519,진양홀딩스,159267419.0,176049121.0,194455945.0,216313549.0,548008472.0,566089269.0,597085262.0,643080913.0
520,진양화학,10653288.0,8263266.0,9828096.0,17339845.0,38258642.0,33655064.0,44569287.0,49908221.0
521,진원생명과학,38061744.0,44349792.0,41395394.0,39518498.0,136570536.0,250856561.0,222866687.0,151007705.0
522,진흥기업,164069257.0,163663633.0,227013990.0,306441209.0,282917478.0,334617162.0,451746879.0,574331455.0
523,참엔지니어링,663757434.0,613458318.0,653553595.0,605021127.0,750575298.0,699101613.0,739665589.0,678200011.0
524,천일고속,29080896.0,26777803.0,28229906.0,35683673.0,67019917.0,62706050.0,54845658.0,54742622.0
525,청호ICT,11560677.0,10304561.0,9745358.0,10811893.0,20683997.0,32380760.0,29966720.0,52595492.0
526,체시스,59095558.0,47882838.0,47279164.0,53298857.0,81849678.0,81159743.0,75915189.0,84258477.0
527,카프로,188330028.0,269292141.0,275602853.0,240136624.0,312112377.0,395298176.0,302205592.0,216804584.0
528,케이씨,214407497.0,217210674.0,213860829.0,197391479.0,873398777.0,964515631.0,1004623912.0,1062311270.0
529,KCC,7101577326.0,7502796337.0,7567347802.0,7905941669.0,12347572328.0,12878863209.0,13118486308.0,13353471078.0
530,KCTC,232150537.0,303256154.0,371680926.0,380738631.0,441446351.0,532345389.0,630078627.0,662097622.0
531,KT,18111112000.0,20592180000.0,22565958000.0,24148845000.0,33662545000.0,37159341000.0,40980681000.0,42709982000.0
532,KT&G,2376811496.0,2428409041.0,2943136000.0,3477517000.0,11468383152.0,11637271194.0,12301716000.0,12772452000.0
533,코리아써키트,355403556.0,412634245.0,541835924.0,526566695.0,921746308.0,1064620686.0,1293448547.0,1236457011.0
534,코리안리,10064018325.0,10589949239.0,8301594289.0,8813428442.0,12519947404.0,13115655265.0,11017223863.0,12066324171.0
535,코스맥스비티아이,549329618.0,612768103.0,610374632.0,625876970.0,881564731.0,954664614.0,936136657.0,878273229.0
536,코스모신소재,185519057.0,143034111.0,200117020.0,193891014.0,362322682.0,348482657.0,451321117.0,672673344.0
537,코스모화학,418518510.0,378544444.0,409208861.0,446543561.0,668524455.0,681344298.0,807858896.0,1091033171.0
538,코아스,49248700.0,60259190.0,58375881.0,59599079.0,73236024.0,79299246.0,76246125.0,70446618.0
539,코오롱,2899011452.0,2978410677.0,3358709490.0,3920885075.0,3708134499.0,3966282959.0,4659039218.0,5231418957.0
540,코오롱글로벌,1983579091.0,1962370838.0,2270737073.0,2017469543.0,2469880907.0,2575745972.0,2834147586.0,2571300488.0
541,코웨이,1539014181.0,1896190301.0,2053106159.0,2213210952.0,3029023073.0,3800627983.0,4365074875.0,4850965736.0
542,콤텍시스템,86103599.0,181589153.0,358528268.0,318405022.0,185294100.0,349140170.0,558409432.0,525378185.0
543,크라운해태홀딩스,606229982.0,626381107.0,635811692.0,611838014.0,1093370178.0,1115739132.0,1153770087.0,1155786932.0
544,키움증권,34706024507.0,40999237946.0,43444207178.0,47142321221.0,37590936294.0,45301100676.0,48037301113.0,52046420345.0
545,태경산업,195690172.0,199247651.0,204202010.0,185598432.0,541292144.0,584726246.0,625038863.0,635637932.0
546,태경케미컬,16477000.0,19762173.0,20054166.0,20900958.0,140679345.0,160745889.0,167391899.0,182882307.0
547,태광산업,677599574.0,951548817.0,698043531.0,708793032.0,4060159776.0,4922461632.0,4820743828.0,4738292443.0
548,태림포장,242365395.0,257262396.0,284710006.0,350120775.0,566786154.0,600863714.0,651217775.0,715955959.0
549,태양금속,342830888.0,355310136.0,378929146.0,390494101.0,442253642.0,447683663.0,490987941.0,499119800.0
550,태영건설,3151457432.0,3025556022.0,3633240699.0,5842979816.0,3798270930.0,3734783195.0,4651930465.0,5281235960.0
551,태원물산,6676001.0,6106382.0,5374971.0,8426156.0,38295004.0,37439041.0,34948504.0,37386714.0
552,TP,498737792.0,600094345.0,519858776.0,478794359.0,675981153.0,764951832.0,721226343.0,686463961.0
553,텔코웨어,13083158.0,12790697.0,20552807.0,14189707.0,123096514.0,122175454.0,132073841.0,126812371.0
554,TBH글로벌,61332793.0,62327748.0,52145159.0,47020622.0,139428591.0,117022490.0,112327632.0,110046703.0
555,티에이치엔,212845605.0,252248094.0,279919564.0,284771236.0,279629756.0,339937206.0,371353958.0,402977300.0
556,파미셀,12639165.0,30461553.0,32982274.0,12121807.0,69744383.0,94332951.0,109647189.0,92518753.0
557,팜스코,682191883.0,793651852.0,945322533.0,878222194.0,989343685.0,1107610571.0,1223174230.0,1119229512.0
558,팬오션,1852675000.0,2891942000.0,3056338000.0,3140595000.0,4659327000.0,6488779000.0,7548942000.0,7853946000.0
559,퍼스텍,135938847.0,142208454.0,154647755.0,202739372.0,180652738.0,185612511.0,211309948.0,265075748.0
560,퍼시스,38017302.0,77976680.0,71851941.0,67011502.0,498942807.0,575484571.0,544804538.0,597603860.0
561,페이퍼코리아,480849369.0,451786536.0,440215220.0,196513777.0,508899951.0,497167643.0,501830145.0,491668368.0
562,평화산업,177600642.0,194125632.0,195168304.0,209045458.0,203154750.0,220115438.0,236600606.0,252411569.0
563,평화홀딩스,403126368.0,417006666.0,435879831.0,432409688.0,522333834.0,518123304.0,558370415.0,560931482.0
564,POSCO홀딩스,31412381141.0,36666670760.0,40149380046.0,41281496792.0,79086973226.0,91471614112.0,98406780635.0,100945000000.0
565,포스코스틸리온,258126928.0,264010907.0,211361071.0,192037002.0,485428807.0,586432923.0,554542143.0,552186389.0
566,포스코인터내셔널,5167165003.0,7258594219.0,8118209853.0,9992986028.0,8328038736.0,10770734147.0,12516336931.0,16617748008.0
567,풀무원,1180634649.0,1379581563.0,1502570985.0,1650244942.0,1693573176.0,1969372521.0,2049217755.0,2156789583.0
568,풍산,1105623742.0,1462625455.0,1553056946.0,1694674159.0,2552025017.0,3148260459.0,3395297192.0,3660628679.0
569,풍산홀딩스,247429909.0,155681920.0,178221822.0,170346888.0,975300450.0,1051956004.0,1142781392.0,1194251205.0
570,KH필룩스,113136206.0,112111273.0,766469146.0,572780044.0,383138673.0,539371447.0,1246019564.0,1035818461.0
571,하나금융지주,429347000000.0,466946000000.0,530975000000.0,551744000000.0,460947000000.0,502445000000.0,568603000000.0,591926000000.0
572,BNK금융지주,104531000000.0,118064000000.0,126143000000.0,135110000000.0,114157000000.0,128287000000.0,136933000000.0,145784000000.0
573,DGB금융지주,74214723872.0,79578661104.0,83576192403.0,87076229658.0,79983329301.0,85905990882.0,89983920400.0,93359783776.0
574,KC코트렐,269571482.0,335125785.0,266719037.0,372977143.0,281917549.0,385076960.0,323473721.0,414426220.0
575,KTcs,215174666.0,234171975.0,224569291.0,234849615.0,384918649.0,416750372.0,416146080.0,434900095.0
576,금호타이어,2678607274.0,3060638117.0,3450429792.0,3431924259.0,3846201934.0,4342205986.0,4694985403.0,4830981257.0
577,대성산업,615662692.0,1206363221.0,1197506141.0,1119752089.0,1101676164.0,1727522535.0,1824588315.0,1733306522.0
578,대성에너지,387705959.0,425136421.0,520696425.0,483594707.0,702116962.0,742479535.0,834489958.0,803198158.0
579,도화엔지니어링,194845013.0,233288041.0,255273457.0,330735949.0,451680724.0,500216803.0,522590276.0,605100050.0
580,한화엔진,529172497.0,586523408.0,734604467.0,912709874.0,723300346.0,795624726.0,956230295.0,1136858165.0
581,락앤락,117856758.0,135773113.0,106428103.0,100343055.0,783185018.0,829724565.0,703428058.0,601807794.0
582,롯데하이마트,1423236080.0,1116187301.0,1168922512.0,1120890822.0,3349190376.0,2943544893.0,2464219074.0,2370680946.0
583,무학,74005602.0,148103725.0,125178899.0,99689197.0,598757759.0,646644150.0,605739795.0,639327517.0
584,벽산,172690898.0,215128919.0,299532317.0,289171147.0,464447680.0,505440465.0,601820034.0,620426944.0
585,삼부토건,300131648.0,312924661.0,307702230.0,411614797.0,458484439.0,519063459.0,498726794.0,513742450.0
586,삼성생명,292959000000.0,301757000000.0,254672000000.0,270318000000.0,336569000000.0,341383000000.0,296234000000.0,314655000000.0
587,삼양사,1223495037.0,1376110131.0,1418659358.0,1492906504.0,2576477891.0,2802047156.0,2949649128.0,3205001055.0
588,삼원강재,45217837.0,51952908.0,62909269.0,61223759.0,257974236.0,270679644.0,293690103.0,303735701.0
589,세아특수강,237585636.0,310772329.0,340157548.0,356275865.0,552376575.0,651146310.0,690192115.0,693805241.0
590,신세계인터내셔날,506237600.0,439493174.0,445005787.0,472354836.0,1147454446.0,1159127578.0,1278681815.0,1324069585.0
591,신세계푸드,603924637.0,594650867.0,611858316.0,585580594.0,887204824.0,879467974.0,903927240.0,875471407.0
592,아이마켓코리아,693884810.0,703385717.0,814780663.0,973345149.0,1110821080.0,1120159809.0,1224954676.0,1373717053.0
593,인바이오젠,18974863.0,96452041.0,37399819.0,2620540.0,96881140.0,274474964.0,141814848.0,151305409.0
594,SJM,51271896.0,55541851.0,56088467.0,52699057.0,224918995.0,241265788.0,243275368.0,251634549.0
595,에이블씨엔씨,97975944.0,79159923.0,79356397.0,86155959.0,254779587.0,193817470.0,195431757.0,173841490.0
596,영흥,191137321.0,321035330.0,337528199.0,314231666.0,337720311.0,518961056.0,535684495.0,544102827.0
597,우진,73838366.0,70225426.0,50483945.0,43017758.0,240174509.0,229794619.0,227053376.0,240301076.0
598,유니켐,182219406.0,207896481.0,295710102.0,73960755.0,285803950.0,335857581.0,434878231.0,219549496.0
599,이마트,11843844820.0,18841829087.0,19718359591.0,19609634816.0,22340423719.0,31242082401.0,33201721509.0,33443865586.0
600,이연제약,87520569.0,232741036.0,236926486.0,251150969.0,317609837.0,477978172.0,484691742.0,499775514.0
601,롯데에너지머티리얼즈,227381589.0,404284925.0,440193361.0,426413928.0,1081009989.0,1753565091.0,2430279802.0,2392246608.0
602,조선선재,9019080.0,13139110.0,9248179.0,9294844.0,125961386.0,139548941.0,145133297.0,155538184.0
603,지역난방공사,4269404295.0,4694183621.0,5811126778.0,5875165562.0,6073139097.0,6517362464.0,7478129880.0,7968409129.0
604,KTis,126893638.0,177618512.0,199203706.0,243518966.0,294288885.0,369360806.0,396208069.0,447609122.0
605,스카이라이프,175038682.0,469693813.0,503764190.0,478564858.0,919475828.0,1275644844.0,1361298311.0,1215697591.0
606,코오롱인더,2751644078.0,3050719238.0,3270361413.0,3073061698.0,5043688226.0,5601285266.0,6003463016.0,6002718765.0
607,코오롱플라스틱,119662333.0,148544686.0,131310108.0,81227507.0,317913470.0,369094511.0,387043504.0,362980211.0
608,티웨이홀딩스,628399403.0,716048793.0,45987386.0,48804665.0,766137055.0,805278646.0,210718177.0,215388360.0
609,하나투어,577946924.0,372839457.0,355727793.0,485292298.0,703260915.0,430595585.0,455429440.0,644596378.0
610,한국항공우주,3924790738.0,4557779985.0,6319189868.0,5519636411.0,5159070657.0,5855223993.0,7772406693.0,7139576929.0
611,한국화장품,45859375.0,26536427.0,21500164.0,23252166.0,75378062.0,48508446.0,43913330.0,48624289.0
612,HL홀딩스,1074612374.0,1280483945.0,1274667759.0,1287916030.0,1961514203.0,2294958467.0,2279864890.0,2298229319.0
613,한미약품,1050137119.0,1008469279.0,915359049.0,798457732.0,1882026593.0,1936728687.0,1924585731.0,1898668376.0
614,한세엠케이,71842627.0,82126554.0,186180877.0,180692521.0,149681758.0,129057654.0,224809704.0,268472037.0
615,한전산업,80406634.0,78116902.0,61835339.0,100167696.0,163588747.0,163320480.0,157781436.0,203640941.0
616,한화생명,135620000000.0,150172000000.0,126616000000.0,132427000000.0,148775000000.0,163591000000.0,146310000000.0,147902000000.0
617,현대위아,4194046000.0,4054243000.0,3812800000.0,3059151000.0,7719906000.0,7749507000.0,7546451000.0,6825905000.0
618,현대홈쇼핑,898307833.0,717965792.0,823288672.0,850516397.0,2693110904.0,2600338276.0,2782027992.0,3432527149.0
619,휠라홀딩스,1901113442.0,1982367579.0,2247238043.0,2426230646.0,3758441249.0,4288856815.0,4821801378.0,4980149551.0
620,GS리테일,4510588585.0,5041586938.0,5412417745.0,5608276835.0,7177767176.0,9455972982.0,9832423125.0,10042015943.0
621,메리츠금융지주,62687116178.0,75147647741.0,80435428575.0,92138657614.0,69564425579.0,82030936760.0,88977399370.0,102236000000.0
622,미원화학,12430856.0,13888348.0,15155439.0,20282131.0,125335557.0,133843310.0,147864036.0,164770958.0
623,선진,735683840.0,834028357.0,892994227.0,815022297.0,1119723429.0,1248892387.0,1333616177.0,1258124553.0
624,인터지스,196810354.0,181665920.0,178721965.0,164660989.0,385984504.0,388581566.0,433167238.0,428501449.0
625,제주은행,6022397000.0,6428269000.0,6798450000.0,6626863000.0,6531838000.0,6944214000.0,7320304000.0,7162714000.0
626,시디즈,46987721.0,23355362.0,21635673.0,30293307.0,95773293.0,84805501.0,85063020.0,95079295.0
627,한국종합기술,194606582.0,197119260.0,183900048.0,224519456.0,332119487.0,339419339.0,332695360.0,381181316.0
628,LG헬로비전,841615540.0,835732530.0,802491626.0,754107898.0,1472721456.0,1488116032.0,1428013437.0,1319446206.0
629,대한해운,2492265618.0,2341620169.0,2706138105.0,2880989160.0,3345588771.0,3859734559.0,4490260112.0,4727803814.0
630,동일고무벨트,75880980.0,104787335.0,163224625.0,150343280.0,275779246.0,313829242.0,381228402.0,374040833.0
631,사조씨푸드,100810804.0,106936375.0,111544269.0,102175106.0,311639371.0,336930665.0,350700455.0,320138050.0
632,애경케미칼,140944041.0,555841020.0,505938346.0,572037722.0,532149672.0,1244966460.0,1234083723.0,1308360653.0
633,지엠비코리아,260401844.0,273762237.0,282988579.0,309489580.0,488507776.0,522463825.0,550819603.0,579056069.0
634,한국콜마,1490357400.0,1246477583.0,1463836380.0,1590839241.0,2489599417.0,2606037352.0,2933309479.0,3009429378.0
635,한국타이어앤테크놀로지,3246400366.0,3498782298.0,3705654911.0,3133752512.0,10658547889.0,11694296588.0,12581364159.0,12763305688.0
636,휴비스,397071856.0,375572103.0,412487680.0,511335644.0,872859156.0,843415197.0,793759628.0,782722787.0
637,DSR,89984973.0,124579418.0,162383840.0,125278828.0,252937447.0,302598631.0,364710387.0,343481015.0
638,JB금융지주,49346603000.0,52068950000.0,55065152000.0,58288020000.0,53375463000.0,56395637000.0,59828165000.0,63403970000.0
639,NHN,706765823.0,928563862.0,1032762862.0,1459885157.0,2550930609.0,3027171507.0,3025182021.0,3449677276.0
640,동아에스티,338570602.0,459606409.0,467613931.0,581112696.0,980667424.0,1115985527.0,1157724934.0,1264420588.0
641,한진칼,1824304096.0,1930524164.0,1339020434.0,931046374.0,3488569253.0,3754742183.0,3915077621.0,3784921894.0
642,현대로템,2851222410.0,2838937571.0,3332399192.0,3594508619.0,4197373871.0,4107182672.0,4823869784.0,5241484775.0
643,신송홀딩스,77261904.0,152906425.0,146219644.0,139384802.0,167829010.0,248190231.0,242350721.0,242937273.0
644,아세아시멘트,1077786377.0,1117733668.0,1061327446.0,1071264422.0,1901368870.0,2037322290.0,2040009732.0,2120387916.0
645,종근당,394740342.0,480890429.0,503593996.0,586793267.0,946333120.0,1046700072.0,1124882798.0,1402428436.0
646,AJ네트웍스,1300162540.0,992534362.0,1119677499.0,1202505532.0,1588170350.0,1355044450.0,1483368740.0,1622157342.0
647,BGF,121105273.0,248858644.0,201490552.0,270623117.0,1658204362.0,1981622039.0,1938013971.0,2171266453.0
648,디와이파워,98753239.0,116073402.0,87153369.0,72837531.0,287809531.0,342046278.0,327522399.0,336728434.0
649,HL만도,3228765246.0,3660109900.0,3572095295.0,3930545236.0,4938346285.0,5704365860.0,5845841407.0,6286700392.0
650,미래에셋생명,38343942579.0,40095124685.0,30954564228.0,30181275853.0,40629025209.0,41997269887.0,35041511156.0,33092023489.0
651,코스맥스,917142783.0,946544204.0,952203952.0,1198515836.0,1189042898.0,1411928776.0,1396450505.0,1557077275.0
652,쿠쿠홀딩스,164151832.0,184150127.0,181757778.0,170371737.0,925062698.0,1051892517.0,1149528708.0,1248108718.0
653,화인베스틸,101455440.0,103741069.0,101359925.0,125305301.0,177774671.0,183238936.0,179622910.0,190295962.0
654,삼성에스디에스,2295810891.0,3073731543.0,3485454955.0,3345453419.0,9154919056.0,10517432175.0,11952424889.0,12321024561.0
655,서연이화,1171771809.0,1092786811.0,1173445902.0,1432265937.0,1803837513.0,1790525413.0,1930332276.0,2357850901.0
656,씨에스윈드,437128952.0,827324537.0,856500062.0,1888228796.0,880657689.0,1771100879.0,1784106978.0,2832647675.0
657,JW생명과학,81908139.0,87974591.0,112609683.0,96443271.0,214402016.0,219466609.0,252942118.0,255836393.0
658,LIG넥스원,1923097847.0,1813542650.0,2077548155.0,2763399824.0,2595606499.0,2576847035.0,3012727223.0,3815758833.0
659,LS에코에너지,267665701.0,322872795.0,348670310.0,252818005.0,416558419.0,495255400.0,506732778.0,408424610.0
660,SK디앤디,1180955926.0,1344174720.0,1494509955.0,1661198359.0,1712427674.0,1983430768.0,2191576214.0,2423076382.0
661,경보제약,97182383.0,91278423.0,96840887.0,121923596.0,253239177.0,236979153.0,240544942.0,266305017.0
662,금호에이치티,121158723.0,107985910.0,100833283.0,138647691.0,344298589.0,458795624.0,426633825.0,441768263.0
663,삼일씨엔에스,49036058.0,74842757.0,140597280.0,85844015.0,326398476.0,351874251.0,411440527.0,354907803.0
664,동서,128513682.0,133970703.0,82302460.0,71145080.0,1525770284.0,1582577880.0,1627852719.0,1694019808.0
665,동일제강,18773914.0,26964609.0,22028248.0,25996261.0,148570302.0,180512781.0,179708719.0,179232275.0
666,두산밥캣,2886803304.0,4259633657.0,4223998511.0,4416941196.0,6960607794.0,8580899465.0,9248386178.0,10371753748.0
667,두올,222317127.0,226828876.0,263998120.0,261501986.0,405736363.0,424141555.0,462171290.0,477089682.0
668,삼성바이오로직스,1825417993.0,2978908646.0,7597575863.0,6215704797.0,6424201165.0,7970010787.0,16582050258.0,16046197209.0
669,샘표식품,76452196.0,112576901.0,122931701.0,130234364.0,268629470.0,327531637.0,350286507.0,366709739.0
670,세진중공업,286959693.0,367209565.0,342503861.0,312332840.0,448124447.0,570404297.0,551849174.0,544018917.0
671,다이나믹디자인,86795204.0,74246404.0,49003937.0,54233105.0,150297443.0,116040977.0,97847548.0,106521397.0
672,HDC랩스,54086836.0,145584906.0,122062667.0,124811385.0,217997166.0,411391673.0,382579392.0,383332487.0
673,용평리조트,534133790.0,455244978.0,490578387.0,619154070.0,911905132.0,841499592.0,868285864.0,1004928193.0
674,이노션,1260002678.0,1366820754.0,1416175662.0,1622740343.0,2043977185.0,2201583495.0,2290142555.0,2560209103.0
675,일동제약,350729731.0,548385588.0,457585977.0,436995279.0,605277114.0,708970363.0,655810214.0,611260857.0
676,잇츠한불,39818212.0,36179264.0,30243345.0,31856499.0,508119345.0,494667178.0,486153356.0,498568312.0
677,제이에스코퍼레이션,353700901.0,350394618.0,278290252.0,470072217.0,504395888.0,552280908.0,533768141.0,762883958.0
678,제주항공,951754574.0,1082667274.0,1357023834.0,1669691472.0,1168566447.0,1266756061.0,1644674849.0,1980894334.0
679,토니모리,126955131.0,106805775.0,101679025.0,101250686.0,194228001.0,202095813.0,199062054.0,202609068.0
680,한국자산신탁,438773266.0,415397656.0,431361488.0,445001935.0,1207644740.0,1264658300.0,1363794175.0,1480050024.0
681,한국토지신탁,621544520.0,696633185.0,693138220.0,879258531.0,1544471451.0,1721448771.0,1718070656.0,1886596466.0
682,한솔제지,1105571983.0,1208499791.0,1467471504.0,1350306997.0,1740434461.0,1887832972.0,2210015517.0,2074407699.0
683,해성디에스,151373192.0,180632905.0,212318528.0,173676951.0,383211976.0,474947833.0,659613822.0,688727320.0
684,해태제과식품,357456830.0,395102131.0,437389312.0,416672705.0,621172370.0,654856443.0,691254955.0,684971451.0
685,핸즈코퍼레이션,529391928.0,632933750.0,667856104.0,724014059.0,844136127.0,894964069.0,862588714.0,1005365870.0
686,현대코퍼레이션홀딩스,39971352.0,48800192.0,71951244.0,72706510.0,216918776.0,250984791.0,296127566.0,344014187.0
687,화승엔터프라이즈,617494951.0,779838501.0,884648845.0,801186315.0,1154956254.0,1330258311.0,1475831731.0,1360570206.0
688,셀트리온,1592540900.0,1623747846.0,1617448041.0,2791739990.0,5020121254.0,5674122532.0,5891652311.0,19917534297.0
689,카카오,4542386717.0,9216225463.0,9447826639.0,11321369715.0,11954146191.0,22784559109.0,22963544024.0,25179968939.0
690,HDC,5271895148.0,5846684847.0,6759502439.0,6606454289.0,9617140797.0,10651491648.0,11592341238.0,11620863118.0
691,BGF리테일,1674341688.0,1787059387.0,1983607628.0,2144625475.0,2371169598.0,2596378757.0,2946235272.0,3219078523.0
692,F&F홀딩스,266105400.0,668029961.0,706086461.0,645468239.0,817829021.0,3171939343.0,3595118445.0,3840524558.0
693,HD한국조선해양,12822965818.0,14879338674.0,17571346490.0,19872465252.0,25244191252.0,27293093978.0,29883476300.0,32242568184.0
694,HD현대,15461098130.0,23926584846.0,42307197037.0,44750983788.0,26558952365.0,35778647923.0,65570861076.0,67982820888.0
695,HD현대건설기계,1768328167.0,2011758293.0,1781299828.0,1525880042.0,3355861001.0,3559565864.0,3448586770.0,3296953373.0
696,HD현대일렉트릭,1593446801.0,1568748135.0,1603861296.0,1853129752.0,2272620340.0,2214970250.0,2435030171.0,2910160078.0
697,LX세미콘,218317835.0,372198274.0,339257893.0,228301208.0,750602339.0,1172530982.0,1289618542.0,1205064945.0
698,LX인터내셔널,3637611206.0,4362644678.0,4682532061.0,4920385837.0,5395942204.0,6746889022.0,7719007334.0,7995340731.0
699,OCI홀딩스,2051507407.0,2580268702.0,2734136888.0,2141619139.0,4437236050.0,5704061113.0,6745534254.0,5956551773.0
700,SK케미칼,1161034164.0,1388894986.0,1236777051.0,1483000848.0,2119966957.0,3955632394.0,3945682880.0,4158774904.0
701,경동도시가스,342980474.0,529075279.0,672626336.0,530531232.0,699658165.0,904491766.0,1067615033.0,951329118.0
702,넷마블,2572832682.0,4656124187.0,3313765261.0,2836820601.0,8223428816.0,10663783074.0,8935573716.0,7915865389.0
703,대덕,292481242.0,351055476.0,419083389.0,340057451.0,1638748950.0,1723958191.0,1903351069.0,1835312626.0
704,더블유게임즈,95278856.0,197077448.0,229338874.0,91075430.0,1023166746.0,1381904218.0,1235636098.0,1287800689.0
705,덴티움,281634964.0,279104017.0,301420236.0,309896958.0,510235859.0,570202433.0,674583965.0,773770341.0
706,동국홀딩스,3282307853.0,3551698514.0,3178727259.0,644335386.0,5418538742.0,6334110919.0,6451247797.0,2421648337.0
707,동아타이어,28953954.0,50132557.0,96570090.0,68461549.0,395823339.0,420630889.0,474371544.0,455214202.0
708,동양피스톤,250480375.0,249350068.0,249740813.0,247492713.0,346056812.0,362628219.0,374266035.0,372634566.0
709,롯데웰푸드,1363139327.0,1339676736.0,1993627503.0,2056459477.0,2643035217.0,2666648727.0,4105259179.0,4199096313.0
710,롯데이노베이트,236151659.0,316885706.0,417980302.0,492995444.0,649501374.0,750130638.0,871931522.0,944050170.0
711,미원에스씨,66014614.0,111607731.0,96877962.0,88131934.0,327103637.0,438128598.0,475733781.0,461187881.0
712,비케이탑스,46182268.0,103067009.0,89909718.0,96097126.0,69231085.0,108096534.0,97463452.0,92993075.0
713,삼양패키징,256762736.0,291245808.0,281486642.0,267466067.0,564504328.0,612486514.0,642561004.0,642040554.0
714,성안머티리얼스,245341868.0,105396314.0,101656694.0,101383850.0,244986458.0,141555557.0,123872502.0,128439236.0
715,세아제강지주,984841925.0,1312346969.0,1591270345.0,1951857664.0,2315558157.0,2898999028.0,3572067659.0,4340755996.0
716,CR홀딩스,513632072.0,560656513.0,793378122.0,795117752.0,1246277916.0,1349335977.0,1620442053.0,1621801859.0
717,아시아나IDT,74658633.0,66556638.0,45626560.0,57936999.0,204901871.0,222135981.0,205577784.0,222741818.0
718,애경산업,101424443.0,85261291.0,123665920.0,94745877.0,434466866.0,431492645.0,482639615.0,482372595.0
719,에어부산,924223795.0,879205856.0,1101224122.0,1171269889.0,1034490515.0,1009737367.0,1227883088.0,1358083334.0
720,오리온,767898168.0,827878189.0,732455082.0,565908178.0,2665406434.0,3120428661.0,3371683914.0,3521385128.0
721,우진아이엔에스,19599445.0,17562306.0,18022751.0,17871794.0,121032450.0,114656381.0,111631385.0,113497687.0
722,제일약품,237184010.0,259139220.0,301294320.0,330294126.0,409663297.0,426486418.0,456891539.0,487326298.0
723,진에어,458608098.0,428845331.0,662850264.0,809343860.0,556768750.0,601593802.0,757789020.0,952331548.0
724,케이씨텍,59490143.0,67862265.0,57327965.0,47337825.0,407295413.0,453025638.0,483313332.0,499951266.0
725,콘텐트리중앙,1211631897.0,1547849543.0,1939086869.0,1942938339.0,1475541489.0,2245640003.0,2588133968.0,2453055023.0
726,콜마홀딩스,430896727.0,355074425.0,418764073.0,473544596.0,1218505783.0,1209726178.0,1269102053.0,1289735867.0
727,쿠쿠홈시스,172066718.0,276439251.0,222383618.0,238828611.0,708121273.0,929301624.0,1016960291.0,1138110387.0
728,크라운제과,174367097.0,164015182.0,137897080.0,133792953.0,327040458.0,324569692.0,330163311.0,338608142.0
729,테이팩스,48189380.0,49504456.0,49617920.0,47191194.0,162605488.0,180813732.0,197584861.0,199881922.0
730,티웨이항공,588803293.0,687706322.0,983093108.0,1126731303.0,705789065.0,735047689.0,1042495891.0,1283873354.0
731,포스코퓨처엠,1064436010.0,1484050372.0,1986831501.0,3723127308.0,2088053324.0,3922480304.0,4637476140.0,6334593298.0
732,하나제약,44197791.0,51596171.0,77567636.0,70401294.0,276579304.0,303497254.0,345964556.0,348386182.0
733,한일홀딩스,1496737898.0,1333699702.0,1220879131.0,1361965048.0,3320136776.0,3263832353.0,3268041346.0,3559790251.0
734,현대지에프홀딩스,878287782.0,899515814.0,990002238.0,1530728455.0,3068465672.0,3109986792.0,3188881449.0,5051682271.0
735,호전실업,164917411.0,182611848.0,180582899.0,164296055.0,272119291.0,302687738.0,316098137.0,315985636.0
736,화승코퍼레이션,963187378.0,959344260.0,926620109.0,884030134.0,1183882906.0,1183992948.0,1177218098.0,1154543398.0
737,효성중공업,2735203886.0,2985558692.0,3590259544.0,3537140809.0,3703454378.0,4022701435.0,4693470608.0,4761300218.0
738,효성첨단소재,1995482965.0,2187093122.0,2135155968.0,2284308008.0,2376593775.0,2908681838.0,2934713478.0,3034402592.0
739,효성티앤씨,2108771877.0,2762872543.0,2804355654.0,2501728753.0,2824127678.0,4526469189.0,4319879312.0,4070471419.0
740,효성화학,2015011905.0,2554748675.0,3016501814.0,3053727221.0,2417365034.0,3044049458.0,3131118899.0,3115610853.0
