,종목명,2020사회,2021사회,2022사회,2023사회,2024사회,종목코드,시장구분,업종명,시가총액,2021-2020사회차이,2022-2021사회차이,2023-2022사회차이,2024-2023사회차이
0,AK홀딩스,4.0,4.0,5.0,6.0,6.0,6840.0,KOSPI,기타금융,195931000000.0,0.0,1.0,1.0,0.0
1,BYC,3.0,3.0,1.0,1.0,1.0,1460.0,KOSPI,섬유의복,246411000000.0,0.0,-2.0,0.0,0.0
2,CJ,5.0,6.0,5.0,6.0,6.0,1040.0,KOSPI,기타금융,3574180000000.0,1.0,-1.0,1.0,0.0
3,CJCGV,5.0,5.0,4.0,6.0,6.0,79160.0,KOSPI,서비스업,710106000000.0,0.0,-1.0,2.0,0.0
4,CJ대한통운,3.0,6.0,6.0,6.0,6.0,120.0,KOSPI,운수창고업,2817320000000.0,3.0,0.0,0.0,0.0
5,CJ씨푸드,4.0,4.0,3.0,5.0,5.0,11150.0,KOSPI,음식료품,98809625750.0,0.0,-1.0,2.0,0.0
6,CJ제일제당,6.0,6.0,5.0,6.0,6.0,97950.0,KOSPI,음식료품,5223800000000.0,0.0,-1.0,1.0,0.0
7,CS홀딩스,2.0,2.0,1.0,1.0,1.0,590.0,KOSPI,기타금융,73540503400.0,0.0,-1.0,0.0,0.0
8,DB,3.0,4.0,3.0,3.0,3.0,12030.0,KOSPI,서비스업,291300000000.0,1.0,-1.0,0.0,0.0
9,DB금융투자,5.0,4.0,3.0,3.0,3.0,16610.0,KOSPI,증권,174030000000.0,-1.0,-1.0,0.0,0.0
10,DB손해보험,5.0,6.0,5.0,5.0,5.0,5830.0,KOSPI,보험,6605640000000.0,1.0,-1.0,0.0,0.0
11,DB하이텍,5.0,5.0,4.0,5.0,5.0,990.0,KOSPI,전기전자,1818120000000.0,0.0,-1.0,1.0,0.0
12,DRB동일,3.0,4.0,4.0,5.0,5.0,4840.0,KOSPI,화학,115793000000.0,1.0,0.0,1.0,0.0
13,DSR제강,3.0,2.0,2.0,2.0,2.0,69730.0,KOSPI,철강금속,59616000000.0,-1.0,0.0,0.0,0.0
14,E1,5.0,5.0,4.0,5.0,5.0,17940.0,KOSPI,유통업,454818000000.0,0.0,-1.0,1.0,0.0
15,GKL,5.0,4.0,5.0,5.0,5.0,114090.0,KOSPI,서비스업,856082000000.0,-1.0,1.0,0.0,0.0
16,GS,5.0,5.0,6.0,6.0,6.0,78930.0,KOSPI,기타금융,4157960000000.0,0.0,1.0,0.0,0.0
17,GS건설,4.0,6.0,5.0,4.0,4.0,6360.0,KOSPI,건설업,1258050000000.0,2.0,-1.0,-1.0,0.0
18,GS글로벌,4.0,4.0,4.0,4.0,4.0,1250.0,KOSPI,유통업,198081000000.0,0.0,0.0,0.0,0.0
19,JW중외제약,4.0,4.0,4.0,5.0,5.0,1060.0,KOSPI,의약품,690428000000.0,0.0,0.0,1.0,0.0
20,JW홀딩스,4.0,4.0,4.0,5.0,5.0,96760.0,KOSPI,기타금융,219927000000.0,0.0,0.0,1.0,0.0
21,KB금융,6.0,6.0,6.0,6.0,6.0,105560.0,KOSPI,기타금융,28044000000000.0,0.0,0.0,0.0,0.0
22,KC그린홀딩스,4.0,2.0,1.0,1.0,1.0,9440.0,KOSPI,기타금융,54404826500.0,-2.0,-1.0,0.0,0.0
23,KEC,4.0,4.0,1.0,2.0,2.0,92220.0,KOSPI,전기전자,260189000000.0,0.0,-3.0,1.0,0.0
24,주성코퍼레이션,2.0,2.0,1.0,1.0,1.0,109070.0,KOSPI,전기전자,216522000000.0,0.0,-1.0,0.0,0.0
25,KG케미칼,2.0,2.0,1.0,1.0,1.0,1390.0,KOSPI,화학,378634000000.0,0.0,-1.0,0.0,0.0
26,KISCO홀딩스,3.0,3.0,1.0,1.0,1.0,1940.0,KOSPI,철강금속,373674000000.0,0.0,-2.0,0.0,0.0
27,그린케미칼,3.0,2.0,1.0,2.0,2.0,83420.0,KOSPI,화학,171120000000.0,-1.0,-1.0,1.0,0.0
28,KPX케미칼,2.0,2.0,2.0,2.0,2.0,25000.0,KOSPI,화학,217074000000.0,0.0,0.0,0.0,0.0
29,KPX홀딩스,2.0,2.0,2.0,2.0,2.0,92230.0,KOSPI,화학,238270000000.0,0.0,0.0,0.0,0.0
30,KR모터스,2.0,2.0,1.0,1.0,1.0,40.0,KOSPI,운수장비,31696560384.0,0.0,-1.0,0.0,0.0
31,KSS해운,4.0,6.0,5.0,5.0,5.0,44450.0,KOSPI,운수창고업,187457000000.0,2.0,-1.0,0.0,0.0
32,다올투자증권,3.0,5.0,3.0,4.0,4.0,30210.0,KOSPI,증권,187911000000.0,2.0,-2.0,1.0,0.0
33,LF,3.0,3.0,3.0,3.0,3.0,93050.0,KOSPI,섬유의복,437138000000.0,0.0,0.0,0.0,0.0
34,LG,6.0,6.0,6.0,6.0,6.0,3550.0,KOSPI,기타금융,12426800000000.0,0.0,0.0,0.0,0.0
35,LG디스플레이,5.0,5.0,5.0,6.0,6.0,34220.0,KOSPI,전기전자,5065000000000.0,0.0,0.0,1.0,0.0
36,LG생활건강,6.0,6.0,6.0,6.0,6.0,51900.0,KOSPI,화학,5973960000000.0,0.0,0.0,0.0,0.0
37,LG유플러스,4.0,6.0,4.0,5.0,5.0,32640.0,KOSPI,통신업,4243860000000.0,2.0,-2.0,1.0,0.0
38,LG이노텍,6.0,6.0,6.0,6.0,6.0,11070.0,KOSPI,전기전자,4366580000000.0,0.0,0.0,0.0,0.0
39,LG전자,6.0,6.0,6.0,5.0,5.0,66570.0,KOSPI,전기전자,15055600000000.0,0.0,0.0,-1.0,0.0
40,LX하우시스,6.0,6.0,5.0,5.0,5.0,108670.0,KOSPI,화학,352878000000.0,0.0,-1.0,0.0,0.0
41,LG화학,5.0,5.0,5.0,6.0,6.0,51910.0,KOSPI,화학,26683900000000.0,0.0,0.0,1.0,0.0
42,LS,4.0,6.0,5.0,5.0,5.0,6260.0,KOSPI,기타금융,4079740000000.0,2.0,-1.0,0.0,0.0
43,LS네트웍스,4.0,2.0,4.0,5.0,5.0,680.0,KOSPI,유통업,344369000000.0,-2.0,2.0,1.0,0.0
44,LSELECTRIC,6.0,6.0,5.0,6.0,6.0,10120.0,KOSPI,전기전자,4758000000000.0,0.0,-1.0,1.0,0.0
45,MH에탄올,3.0,1.0,1.0,1.0,1.0,23150.0,KOSPI,음식료품,45082793860.0,-2.0,0.0,0.0,0.0
46,NAVER,4.0,5.0,5.0,6.0,6.0,35420.0,KOSPI,서비스업,29379700000000.0,1.0,0.0,1.0,0.0
47,NH투자증권,6.0,6.0,5.0,5.0,5.0,5940.0,KOSPI,증권,3853960000000.0,0.0,-1.0,0.0,0.0
48,NICE,3.0,5.0,4.0,5.0,5.0,34310.0,KOSPI,서비스업,461293000000.0,2.0,-1.0,1.0,0.0
49,NI스틸,2.0,2.0,1.0,1.0,1.0,8260.0,KOSPI,철강금속,126699000000.0,0.0,-1.0,0.0,0.0
50,SNT에너지,3.0,3.0,2.0,2.0,2.0,100840.0,KOSPI,기계,76193116650.0,0.0,-1.0,0.0,0.0
51,SNT모티브,4.0,3.0,1.0,2.0,2.0,64960.0,KOSPI,운수장비,666084000000.0,-1.0,-2.0,1.0,0.0
52,SNT다이내믹스,4.0,2.0,2.0,2.0,2.0,3570.0,KOSPI,운수장비,540356000000.0,-2.0,0.0,0.0,0.0
53,SNT홀딩스,4.0,3.0,2.0,2.0,2.0,36530.0,KOSPI,기타금융,366837000000.0,-1.0,-1.0,0.0,0.0
54,S-Oil,6.0,6.0,6.0,6.0,6.0,10950.0,KOSPI,화학,8567550000000.0,0.0,0.0,0.0,0.0
55,SBS,3.0,4.0,1.0,5.0,5.0,34120.0,KOSPI,서비스업,422968000000.0,1.0,-3.0,4.0,0.0
56,SG세계물산,3.0,3.0,1.0,1.0,1.0,4060.0,KOSPI,유통업,82791808640.0,0.0,-2.0,0.0,0.0
57,SG글로벌,2.0,2.0,1.0,1.0,1.0,1380.0,KOSPI,운수장비,91502031005.0,0.0,-1.0,0.0,0.0
58,SH에너지화학,2.0,1.0,1.0,1.0,1.0,2360.0,KOSPI,화학,71236720930.0,-1.0,0.0,0.0,0.0
59,SIMPAC,3.0,3.0,2.0,2.0,2.0,9160.0,KOSPI,철강금속,287236000000.0,0.0,-1.0,0.0,0.0
60,SK,6.0,6.0,5.0,6.0,6.0,34730.0,KOSPI,기타금융,11865400000000.0,0.0,-1.0,1.0,0.0
61,SKC,6.0,6.0,6.0,6.0,6.0,11790.0,KOSPI,화학,4161730000000.0,0.0,0.0,0.0,0.0
62,SK가스,6.0,6.0,6.0,6.0,6.0,18670.0,KOSPI,유통업,1426070000000.0,0.0,0.0,0.0,0.0
63,SK네트웍스,6.0,6.0,6.0,6.0,6.0,1740.0,KOSPI,유통업,1199330000000.0,0.0,0.0,0.0,0.0
64,SK디스커버리,5.0,6.0,6.0,6.0,6.0,6120.0,KOSPI,기타금융,830335000000.0,1.0,0.0,0.0,0.0
65,SK이노베이션,5.0,6.0,6.0,6.0,6.0,96770.0,KOSPI,화학,10588400000000.0,1.0,0.0,0.0,0.0
66,SK증권,5.0,5.0,4.0,4.0,4.0,1510.0,KOSPI,증권,281664000000.0,0.0,-1.0,0.0,0.0
67,SK텔레콤,5.0,6.0,5.0,5.0,5.0,17670.0,KOSPI,통신업,10954300000000.0,1.0,-1.0,0.0,0.0
68,SK하이닉스,6.0,6.0,5.0,6.0,6.0,660.0,KOSPI,전기전자,124925000000000.0,0.0,-1.0,1.0,0.0
69,SPC삼립,5.0,5.0,4.0,2.0,2.0,5610.0,KOSPI,음식료품,508249000000.0,0.0,-1.0,-2.0,0.0
70,STX,4.0,3.0,2.0,2.0,2.0,11810.0,KOSPI,유통업,240079000000.0,-1.0,-1.0,0.0,0.0
71,STX엔진,4.0,3.0,3.0,3.0,3.0,77970.0,KOSPI,기계,309470000000.0,-1.0,0.0,0.0,0.0
72,STX중공업,4.0,3.0,3.0,2.0,2.0,71970.0,KOSPI,기계,416298000000.0,-1.0,0.0,-1.0,0.0
73,TCC스틸,3.0,2.0,2.0,4.0,4.0,2710.0,KOSPI,철강금속,1420780000000.0,-1.0,0.0,2.0,0.0
74,WISCOM,2.0,2.0,1.0,2.0,2.0,24070.0,KOSPI,화학,36706819010.0,0.0,-1.0,1.0,0.0
75,YGPLUS,3.0,2.0,1.0,1.0,1.0,37270.0,KOSPI,서비스업,260378000000.0,-1.0,-1.0,0.0,0.0
76,가온전선,4.0,4.0,4.0,5.0,5.0,500.0,KOSPI,전기전자,274819000000.0,0.0,0.0,1.0,0.0
77,강남제비스코,2.0,3.0,3.0,4.0,4.0,860.0,KOSPI,화학,178100000000.0,1.0,0.0,1.0,0.0
78,강원랜드,5.0,5.0,6.0,6.0,6.0,35250.0,KOSPI,서비스업,3209110000000.0,0.0,1.0,0.0,0.0
79,갤럭시아에스엠,2.0,1.0,1.0,1.0,1.0,11420.0,KOSPI,서비스업,61573454340.0,-1.0,0.0,0.0,0.0
80,경농,4.0,3.0,1.0,1.0,1.0,2100.0,KOSPI,화학,191712000000.0,-1.0,-2.0,0.0,0.0
81,경동나비엔,4.0,4.0,3.0,5.0,5.0,9450.0,KOSPI,전기전자,789618000000.0,0.0,-1.0,2.0,0.0
82,경동인베스트,3.0,5.0,4.0,4.0,4.0,12320.0,KOSPI,기타금융,165552000000.0,2.0,-1.0,0.0,0.0
83,경방,3.0,2.0,1.0,1.0,1.0,50.0,KOSPI,유통업,210001000000.0,-1.0,-1.0,0.0,0.0
84,경인양행,2.0,3.0,4.0,4.0,4.0,12610.0,KOSPI,화학,137542000000.0,1.0,1.0,0.0,0.0
85,경인전자,2.0,2.0,1.0,1.0,1.0,9140.0,KOSPI,전기전자,33772135500.0,0.0,-1.0,0.0,0.0
86,계룡건설,3.0,1.0,3.0,4.0,4.0,13580.0,KOSPI,건설업,117888000000.0,-2.0,2.0,1.0,0.0
87,계양전기,4.0,4.0,3.0,2.0,2.0,12200.0,KOSPI,기계,50062782531.0,0.0,-1.0,-1.0,0.0
88,고려산업,2.0,1.0,1.0,1.0,1.0,2140.0,KOSPI,음식료품,78434491625.0,-1.0,0.0,0.0,0.0
89,고려아연,2.0,2.0,5.0,5.0,5.0,10130.0,KOSPI,철강금속,9847940000000.0,0.0,3.0,0.0,0.0
90,고려제강,4.0,3.0,2.0,3.0,3.0,2240.0,KOSPI,철강금속,511250000000.0,-1.0,-1.0,1.0,0.0
91,상상인증권,3.0,3.0,2.0,2.0,2.0,1290.0,KOSPI,증권,75835984000.0,0.0,-1.0,0.0,0.0
92,광동제약,4.0,4.0,3.0,3.0,3.0,9290.0,KOSPI,의약품,354365000000.0,0.0,-1.0,0.0,0.0
93,광명전기,2.0,1.0,2.0,2.0,2.0,17040.0,KOSPI,전기전자,110728000000.0,-1.0,1.0,0.0,0.0
94,광전자,3.0,3.0,1.0,1.0,1.0,17900.0,KOSPI,전기전자,121392000000.0,0.0,-2.0,0.0,0.0
95,광주신세계,5.0,5.0,5.0,6.0,6.0,37710.0,KOSPI,유통업,245479000000.0,0.0,0.0,1.0,0.0
96,교보증권,4.0,4.0,4.0,5.0,5.0,30610.0,KOSPI,증권,562977000000.0,0.0,0.0,1.0,0.0
97,국도화학,3.0,2.0,1.0,1.0,1.0,7690.0,KOSPI,화학,312668000000.0,-1.0,-1.0,0.0,0.0
98,국동,2.0,3.0,2.0,2.0,2.0,5320.0,KOSPI,유통업,40384171685.0,1.0,-1.0,0.0,0.0
99,국보,2.0,1.0,1.0,1.0,1.0,1140.0,KOSPI,운수창고업,32447620090.0,-1.0,0.0,0.0,0.0
100,국제약품,3.0,3.0,2.0,2.0,2.0,2720.0,KOSPI,의약품,106434000000.0,0.0,-1.0,0.0,0.0
101,극동유화,2.0,2.0,2.0,1.0,1.0,14530.0,KOSPI,화학,139652000000.0,0.0,0.0,-1.0,0.0
102,금강공업,3.0,2.0,1.0,1.0,1.0,14280.0,KOSPI,철강금속,156325000000.0,-1.0,-1.0,0.0,0.0
103,금비,3.0,2.0,1.0,1.0,1.0,8870.0,KOSPI,비금속광물,60100000000.0,-1.0,-1.0,0.0,0.0
104,금양,2.0,2.0,1.0,1.0,1.0,1570.0,KOSPI,화학,5572800000000.0,0.0,-1.0,0.0,0.0
105,금호건설,4.0,1.0,4.0,4.0,4.0,2990.0,KOSPI,건설업,155205000000.0,-3.0,3.0,0.0,0.0
106,금호석유,5.0,5.0,5.0,6.0,6.0,11780.0,KOSPI,화학,3406510000000.0,0.0,0.0,1.0,0.0
107,금호전기,3.0,3.0,2.0,2.0,2.0,1210.0,KOSPI,전기전자,27295981353.0,0.0,-1.0,0.0,0.0
108,기신정기,3.0,2.0,1.0,1.0,1.0,92440.0,KOSPI,기계,87600000000.0,-1.0,-1.0,0.0,0.0
109,기아,6.0,6.0,5.0,6.0,6.0,270.0,KOSPI,운수장비,46275300000000.0,0.0,-1.0,1.0,0.0
110,기업은행,5.0,6.0,6.0,6.0,6.0,24110.0,KOSPI,은행,10876900000000.0,1.0,0.0,0.0,0.0
111,까뮤이앤씨,2.0,2.0,1.0,1.0,1.0,13700.0,KOSPI,건설업,70753622760.0,0.0,-1.0,0.0,0.0
112,깨끗한나라,4.0,3.0,3.0,4.0,4.0,4540.0,KOSPI,종이목재,82115728065.0,-1.0,0.0,1.0,0.0
113,이엔플러스,2.0,3.0,2.0,1.0,1.0,74610.0,KOSPI,기계,210769000000.0,1.0,-1.0,-1.0,0.0
114,남광토건,3.0,2.0,1.0,1.0,1.0,1260.0,KOSPI,건설업,60666969240.0,-1.0,-1.0,0.0,0.0
115,남선알미늄,4.0,3.0,1.0,2.0,2.0,8350.0,KOSPI,철강금속,242669000000.0,-1.0,-2.0,1.0,0.0
116,남성,3.0,2.0,1.0,1.0,1.0,4270.0,KOSPI,유통업,65797494720.0,-1.0,-1.0,0.0,0.0
117,남양유업,3.0,4.0,4.0,5.0,5.0,3920.0,KOSPI,음식료품,361440000000.0,1.0,0.0,1.0,0.0
118,비비안,3.0,2.0,1.0,1.0,1.0,2070.0,KOSPI,섬유의복,30121723890.0,-1.0,-1.0,0.0,0.0
119,남해화학,3.0,3.0,2.0,2.0,2.0,25860.0,KOSPI,화학,356694000000.0,0.0,-1.0,0.0,0.0
120,넥센,4.0,5.0,5.0,5.0,5.0,5720.0,KOSPI,화학,223278000000.0,1.0,0.0,0.0,0.0
121,넥센타이어,4.0,5.0,5.0,5.0,5.0,2350.0,KOSPI,화학,899521000000.0,1.0,0.0,0.0,0.0
122,노루페인트,3.0,6.0,6.0,6.0,6.0,90350.0,KOSPI,화학,181400000000.0,3.0,0.0,0.0,0.0
123,노루홀딩스,3.0,6.0,6.0,6.0,6.0,320.0,KOSPI,기타금융,149658000000.0,3.0,0.0,0.0,0.0
124,녹십자,5.0,4.0,5.0,5.0,5.0,6280.0,KOSPI,의약품,1308890000000.0,-1.0,1.0,0.0,0.0
125,녹십자홀딩스,4.0,4.0,5.0,5.0,5.0,5250.0,KOSPI,서비스업,738813000000.0,0.0,1.0,0.0,0.0
126,농심,5.0,5.0,5.0,5.0,5.0,4370.0,KOSPI,음식료품,2405680000000.0,0.0,0.0,0.0,0.0
127,농심홀딩스,4.0,5.0,4.0,5.0,5.0,72710.0,KOSPI,기타금융,304239000000.0,1.0,-1.0,1.0,0.0
128,다우기술,4.0,5.0,5.0,6.0,6.0,23590.0,KOSPI,서비스업,847979000000.0,1.0,0.0,1.0,0.0
129,키다리스튜디오,3.0,3.0,1.0,1.0,1.0,20120.0,KOSPI,서비스업,165970000000.0,0.0,-2.0,0.0,0.0
130,KIB플러그에너지,2.0,2.0,2.0,1.0,1.0,15590.0,KOSPI,기계,103087000000.0,0.0,0.0,-1.0,0.0
131,대교,4.0,4.0,4.0,4.0,4.0,19680.0,KOSPI,서비스업,209640000000.0,0.0,0.0,0.0,0.0
132,대구백화점,3.0,4.0,1.0,2.0,2.0,6370.0,KOSPI,유통업,78132031420.0,1.0,-3.0,1.0,0.0
133,대동,3.0,3.0,2.0,5.0,5.0,490.0,KOSPI,기계,302818000000.0,0.0,-1.0,3.0,0.0
134,대동전자,2.0,2.0,1.0,1.0,1.0,8110.0,KOSPI,전기전자,117283000000.0,0.0,-1.0,0.0,0.0
135,대림B&Co,3.0,2.0,1.0,2.0,2.0,5750.0,KOSPI,비금속광물,66355515200.0,-1.0,-1.0,1.0,0.0
136,DL,4.0,6.0,6.0,5.0,5.0,210.0,KOSPI,화학,1058270000000.0,2.0,0.0,-1.0,0.0
137,대림통상,3.0,2.0,1.0,2.0,2.0,6570.0,KOSPI,기계,44761500000.0,-1.0,-1.0,1.0,0.0
138,대상,4.0,6.0,6.0,6.0,6.0,1680.0,KOSPI,음식료품,758792000000.0,2.0,0.0,0.0,0.0
139,대상홀딩스,3.0,6.0,6.0,6.0,6.0,84690.0,KOSPI,기타금융,320843000000.0,3.0,0.0,0.0,0.0
140,대성홀딩스,4.0,4.0,3.0,2.0,2.0,16710.0,KOSPI,서비스업,144322000000.0,0.0,-1.0,-1.0,0.0
141,대신증권,4.0,6.0,4.0,5.0,5.0,3540.0,KOSPI,증권,767694000000.0,2.0,-2.0,1.0,0.0
142,대양금속,2.0,2.0,1.0,2.0,2.0,9190.0,KOSPI,철강금속,76862071306.0,0.0,-1.0,1.0,0.0
143,대영포장,2.0,2.0,1.0,2.0,2.0,14160.0,KOSPI,종이목재,140371000000.0,0.0,-1.0,1.0,0.0
144,대우건설,3.0,5.0,4.0,4.0,4.0,47040.0,KOSPI,건설업,1541960000000.0,2.0,-1.0,0.0,0.0
145,대우부품,2.0,2.0,1.0,1.0,1.0,9320.0,KOSPI,운수장비,68428080760.0,0.0,-1.0,0.0,0.0
146,한화오션,3.0,6.0,4.0,4.0,4.0,42660.0,KOSPI,운수장비,9864760000000.0,3.0,-2.0,0.0,0.0
147,대웅,4.0,4.0,5.0,5.0,5.0,3090.0,KOSPI,의약품,1054700000000.0,0.0,1.0,0.0,0.0
148,대웅제약,4.0,3.0,5.0,5.0,5.0,69620.0,KOSPI,의약품,1283790000000.0,-1.0,2.0,0.0,0.0
149,대원강업,4.0,2.0,1.0,4.0,4.0,430.0,KOSPI,운수장비,341000000000.0,-2.0,-1.0,3.0,0.0
150,대원전선,2.0,2.0,1.0,1.0,1.0,6340.0,KOSPI,전기전자,170556000000.0,0.0,-1.0,0.0,0.0
151,대원제약,4.0,3.0,3.0,3.0,3.0,3220.0,KOSPI,의약품,337957000000.0,-1.0,0.0,0.0,0.0
152,대원화성,3.0,3.0,2.0,1.0,1.0,24890.0,KOSPI,화학,70618548224.0,0.0,-1.0,-1.0,0.0
153,대유에이텍,2.0,2.0,2.0,3.0,3.0,2880.0,KOSPI,운수장비,54643759380.0,0.0,0.0,1.0,0.0
154,대유플러스,2.0,2.0,1.0,1.0,1.0,300.0,KOSPI,전기전자,30475633069.0,0.0,-1.0,0.0,0.0
155,대창,3.0,3.0,2.0,1.0,1.0,12800.0,KOSPI,철강금속,137349000000.0,0.0,-1.0,-1.0,0.0
156,대창단조,3.0,2.0,2.0,1.0,1.0,15230.0,KOSPI,운수장비,166290000000.0,-1.0,0.0,-1.0,0.0
157,대한방직,2.0,2.0,1.0,1.0,1.0,1070.0,KOSPI,섬유의복,34768000000.0,0.0,-1.0,0.0,0.0
158,대한유화,4.0,3.0,3.0,4.0,4.0,6650.0,KOSPI,화학,869050000000.0,-1.0,0.0,1.0,0.0
159,대한전선,4.0,6.0,6.0,6.0,6.0,1440.0,KOSPI,전기전자,2321270000000.0,2.0,0.0,0.0,0.0
160,대한제강,3.0,3.0,1.0,2.0,2.0,84010.0,KOSPI,철강금속,325928000000.0,0.0,-2.0,1.0,0.0
161,대한제당,2.0,2.0,1.0,2.0,2.0,1790.0,KOSPI,음식료품,278059000000.0,0.0,-1.0,1.0,0.0
162,대한제분,3.0,2.0,1.0,1.0,1.0,1130.0,KOSPI,음식료품,221897000000.0,-1.0,-1.0,0.0,0.0
163,대한항공,6.0,6.0,5.0,6.0,6.0,3490.0,KOSPI,운수창고업,7640580000000.0,0.0,-1.0,1.0,0.0
164,대한화섬,4.0,4.0,2.0,1.0,1.0,3830.0,KOSPI,화학,143822000000.0,0.0,-2.0,-1.0,0.0
165,대현,2.0,3.0,1.0,1.0,1.0,16090.0,KOSPI,섬유의복,84667776720.0,1.0,-2.0,0.0,0.0
166,대호에이엘,2.0,2.0,1.0,1.0,1.0,69460.0,KOSPI,철강금속,75582738624.0,0.0,-1.0,0.0,0.0
167,더존비즈온,4.0,3.0,2.0,3.0,3.0,12510.0,KOSPI,서비스업,1637630000000.0,-1.0,-1.0,1.0,0.0
168,덕성,2.0,2.0,2.0,1.0,1.0,4830.0,KOSPI,화학,125440000000.0,0.0,0.0,-1.0,0.0
169,덕양산업,3.0,2.0,2.0,3.0,3.0,24900.0,KOSPI,운수장비,169989000000.0,-1.0,0.0,1.0,0.0
170,케이비아이동국실업,3.0,2.0,1.0,1.0,1.0,1620.0,KOSPI,운수장비,64661251011.0,-1.0,-1.0,0.0,0.0
171,하이스틸,2.0,3.0,2.0,2.0,2.0,71090.0,KOSPI,철강금속,65824195460.0,1.0,-1.0,0.0,0.0
172,하이트진로,3.0,5.0,4.0,5.0,5.0,80.0,KOSPI,음식료품,1476310000000.0,2.0,-1.0,1.0,0.0
173,하이트진로홀딩스,3.0,5.0,4.0,5.0,5.0,140.0,KOSPI,기타금융,208861000000.0,2.0,-1.0,1.0,0.0
174,한국가스공사,6.0,5.0,5.0,6.0,6.0,36460.0,KOSPI,전기가스업,2372440000000.0,-1.0,0.0,1.0,0.0
175,한국공항,3.0,3.0,4.0,3.0,3.0,5430.0,KOSPI,운수창고업,216262000000.0,0.0,1.0,-1.0,0.0
176,한국금융지주,4.0,5.0,4.0,4.0,4.0,71050.0,KOSPI,기타금융,3672340000000.0,1.0,-1.0,0.0,0.0
177,한국내화,3.0,3.0,4.0,4.0,4.0,10040.0,KOSPI,비금속광물,114577000000.0,0.0,1.0,0.0,0.0
178,한국단자,3.0,2.0,2.0,3.0,3.0,25540.0,KOSPI,전기전자,655104000000.0,-1.0,0.0,1.0,0.0
179,한국석유,2.0,4.0,3.0,4.0,4.0,4090.0,KOSPI,비금속광물,203741000000.0,2.0,-1.0,1.0,0.0
180,한국수출포장,2.0,2.0,1.0,1.0,1.0,2200.0,KOSPI,종이목재,105800000000.0,0.0,-1.0,0.0,0.0
181,한국쉘석유,4.0,4.0,2.0,2.0,2.0,2960.0,KOSPI,화학,350350000000.0,0.0,-2.0,0.0,0.0
182,한국전력,5.0,4.0,3.0,5.0,5.0,15760.0,KOSPI,전기가스업,13417000000000.0,-1.0,-1.0,2.0,0.0
183,한국전자홀딩스,3.0,4.0,1.0,2.0,2.0,6200.0,KOSPI,기타금융,42731263168.0,1.0,-3.0,1.0,0.0
185,한국주강,2.0,1.0,1.0,1.0,1.0,25890.0,KOSPI,기계,26859490125.0,-1.0,0.0,0.0,0.0
186,한국주철관,2.0,2.0,2.0,1.0,1.0,970.0,KOSPI,철강금속,147063000000.0,0.0,0.0,-1.0,0.0
187,한국철강,3.0,3.0,1.0,1.0,1.0,104700.0,KOSPI,철강금속,514494000000.0,0.0,-2.0,0.0,0.0
188,한국카본,3.0,4.0,5.0,4.0,4.0,17960.0,KOSPI,기계,573069000000.0,1.0,1.0,-1.0,0.0
189,한국앤컴퍼니,4.0,6.0,3.0,5.0,5.0,240.0,KOSPI,기타금융,1471500000000.0,2.0,-3.0,2.0,0.0
190,한국특강,3.0,3.0,2.0,2.0,2.0,7280.0,KOSPI,철강금속,104356000000.0,0.0,-1.0,0.0,0.0
191,한국무브넥스,4.0,4.0,2.0,2.0,2.0,10100.0,KOSPI,운수장비,145858000000.0,0.0,-2.0,0.0,0.0
192,한국화장품제조,3.0,3.0,2.0,2.0,2.0,3350.0,KOSPI,화학,117379000000.0,0.0,-1.0,0.0,0.0
193,한농화성,2.0,3.0,1.0,2.0,2.0,11500.0,KOSPI,화학,276776000000.0,1.0,-2.0,1.0,0.0
194,한독,4.0,5.0,5.0,6.0,6.0,2390.0,KOSPI,의약품,183606000000.0,1.0,0.0,1.0,0.0
195,HLD&I,4.0,4.0,5.0,6.0,6.0,14790.0,KOSPI,건설업,74354292364.0,0.0,1.0,1.0,0.0
196,한미글로벌,4.0,5.0,5.0,6.0,6.0,53690.0,KOSPI,서비스업,167431000000.0,1.0,0.0,1.0,0.0
197,한미반도체,2.0,1.0,1.0,1.0,1.0,42700.0,KOSPI,기계,12371800000000.0,-1.0,0.0,0.0,0.0
198,한미사이언스,3.0,6.0,6.0,5.0,5.0,8930.0,KOSPI,기타금융,2298090000000.0,3.0,0.0,-1.0,0.0
199,한샘,6.0,6.0,5.0,5.0,5.0,9240.0,KOSPI,유통업,1195520000000.0,0.0,-1.0,0.0,0.0
200,한섬,5.0,6.0,5.0,6.0,6.0,20000.0,KOSPI,섬유의복,446911000000.0,1.0,-1.0,1.0,0.0
201,한성기업,3.0,3.0,1.0,3.0,3.0,3680.0,KOSPI,음식료품,31979002250.0,0.0,-2.0,2.0,0.0
202,한세실업,3.0,3.0,4.0,5.0,5.0,105630.0,KOSPI,섬유의복,854000000000.0,0.0,1.0,1.0,0.0
203,한세예스24홀딩스,3.0,3.0,4.0,5.0,5.0,16450.0,KOSPI,섬유의복,187200000000.0,0.0,1.0,1.0,0.0
204,한솔로지스틱스,4.0,4.0,5.0,4.0,4.0,9180.0,KOSPI,운수창고업,62026222875.0,0.0,1.0,-1.0,0.0
205,한솔케미칼,4.0,5.0,4.0,4.0,4.0,14680.0,KOSPI,화학,2157090000000.0,1.0,-1.0,0.0,0.0
206,한솔테크닉스,4.0,5.0,5.0,5.0,5.0,4710.0,KOSPI,전기전자,176604000000.0,1.0,0.0,0.0,0.0
207,한솔PNS,4.0,4.0,3.0,3.0,3.0,10420.0,KOSPI,유통업,25226897772.0,0.0,-1.0,0.0,0.0
208,한솔홀딩스,5.0,5.0,5.0,5.0,5.0,4150.0,KOSPI,기타금융,115734000000.0,0.0,0.0,0.0,0.0
209,한솔홈데코,4.0,5.0,3.0,4.0,4.0,25750.0,KOSPI,종이목재,60182166303.0,1.0,-2.0,1.0,0.0
210,한신공영,3.0,2.0,2.0,2.0,2.0,4960.0,KOSPI,건설업,74631027900.0,-1.0,0.0,0.0,0.0
211,한신기계,2.0,2.0,1.0,1.0,1.0,11700.0,KOSPI,기계,142763000000.0,0.0,-1.0,0.0,0.0
212,한양증권,4.0,4.0,1.0,3.0,3.0,1750.0,KOSPI,증권,130849000000.0,0.0,-3.0,2.0,0.0
213,한온시스템,3.0,4.0,5.0,6.0,6.0,18880.0,KOSPI,기계,2749070000000.0,1.0,1.0,1.0,0.0
214,한올바이오파마,4.0,3.0,2.0,1.0,1.0,9420.0,KOSPI,의약품,1810140000000.0,-1.0,-1.0,-1.0,0.0
215,한익스프레스,2.0,3.0,2.0,2.0,2.0,14130.0,KOSPI,운수창고업,53760000000.0,1.0,-1.0,0.0,0.0
216,한일시멘트,4.0,4.0,5.0,6.0,6.0,300720.0,KOSPI,비금속광물,873388000000.0,0.0,1.0,1.0,0.0
217,한일철강,1.0,2.0,1.0,1.0,1.0,2220.0,KOSPI,철강금속,64207391300.0,1.0,-1.0,0.0,0.0
218,한전KPS,5.0,3.0,5.0,5.0,5.0,51600.0,KOSPI,건설업,1539000000000.0,-2.0,2.0,0.0,0.0
219,한전기술,5.0,4.0,4.0,6.0,6.0,52690.0,KOSPI,서비스업,2262620000000.0,-1.0,0.0,2.0,0.0
220,한진,2.0,4.0,5.0,5.0,5.0,2320.0,KOSPI,운수창고업,316142000000.0,2.0,1.0,0.0,0.0
221,HJ중공업,3.0,3.0,4.0,4.0,4.0,97230.0,KOSPI,건설업,250656000000.0,0.0,1.0,0.0,0.0
222,한진중공업홀딩스,2.0,2.0,1.0,2.0,2.0,3480.0,KOSPI,전기가스업,101730000000.0,0.0,-1.0,1.0,0.0
223,한창,3.0,3.0,1.0,1.0,1.0,5110.0,KOSPI,유통업,23332434378.0,0.0,-2.0,0.0,0.0
224,한창제지,2.0,2.0,2.0,2.0,2.0,9460.0,KOSPI,종이목재,49285343436.0,0.0,0.0,0.0,0.0
225,한화,5.0,6.0,6.0,4.0,4.0,880.0,KOSPI,화학,2001400000000.0,1.0,0.0,-2.0,0.0
226,한화손해보험,5.0,6.0,5.0,5.0,5.0,370.0,KOSPI,보험,544587000000.0,1.0,-1.0,0.0,0.0
227,한화솔루션,5.0,6.0,5.0,6.0,6.0,9830.0,KOSPI,화학,4314500000000.0,1.0,-1.0,1.0,0.0
228,한화에어로스페이스,5.0,5.0,5.0,5.0,5.0,12450.0,KOSPI,운수장비,11138600000000.0,0.0,0.0,0.0,0.0
229,한화투자증권,5.0,5.0,5.0,6.0,6.0,3530.0,KOSPI,증권,736972000000.0,0.0,0.0,1.0,0.0
230,HDC현대EP,4.0,4.0,3.0,4.0,4.0,89470.0,KOSPI,화학,130471000000.0,0.0,-1.0,1.0,0.0
231,현대건설,5.0,5.0,5.0,5.0,5.0,720.0,KOSPI,건설업,3786100000000.0,0.0,0.0,0.0,0.0
232,현대글로비스,6.0,6.0,6.0,6.0,6.0,86280.0,KOSPI,운수창고업,6671250000000.0,0.0,0.0,0.0,0.0
233,현대리바트,5.0,6.0,5.0,6.0,6.0,79430.0,KOSPI,기타제조업,153193000000.0,1.0,-1.0,1.0,0.0
234,현대모비스,6.0,6.0,6.0,6.0,6.0,12330.0,KOSPI,운수장비,22383600000000.0,0.0,0.0,0.0,0.0
235,HD현대미포,6.0,6.0,5.0,6.0,6.0,10620.0,KOSPI,운수장비,2923770000000.0,0.0,-1.0,1.0,0.0
236,현대백화점,5.0,6.0,5.0,6.0,6.0,69960.0,KOSPI,유통업,1170120000000.0,1.0,-1.0,1.0,0.0
237,현대비앤지스틸,5.0,6.0,4.0,4.0,4.0,4560.0,KOSPI,철강금속,303838000000.0,1.0,-2.0,0.0,0.0
238,HDC현대산업개발,2.0,2.0,2.0,5.0,5.0,294870.0,KOSPI,건설업,1065060000000.0,0.0,0.0,3.0,0.0
239,HMM,6.0,6.0,5.0,6.0,6.0,11200.0,KOSPI,운수창고업,11107300000000.0,0.0,-1.0,1.0,0.0
240,한일현대시멘트,4.0,4.0,4.0,6.0,6.0,6390.0,KOSPI,비금속광물,287982000000.0,0.0,0.0,2.0,0.0
241,현대약품,4.0,3.0,2.0,2.0,2.0,4310.0,KOSPI,의약품,121280000000.0,-1.0,-1.0,0.0,0.0
242,현대엘리베이,5.0,5.0,3.0,5.0,5.0,17800.0,KOSPI,기계,1581290000000.0,0.0,-2.0,2.0,0.0
243,현대차,6.0,5.0,4.0,5.0,5.0,5380.0,KOSPI,운수장비,51307000000000.0,-1.0,-1.0,1.0,0.0
244,현대제철,3.0,4.0,5.0,5.0,5.0,4020.0,KOSPI,철강금속,4276940000000.0,1.0,1.0,0.0,0.0
245,현대코퍼레이션,3.0,5.0,3.0,4.0,4.0,11760.0,KOSPI,유통업,218543000000.0,2.0,-2.0,1.0,0.0
246,현대차증권,6.0,6.0,6.0,6.0,6.0,1500.0,KOSPI,증권,274314000000.0,0.0,0.0,0.0,0.0
247,현대해상,5.0,6.0,5.0,6.0,6.0,1450.0,KOSPI,보험,2749050000000.0,1.0,-1.0,1.0,0.0
248,형지엘리트,3.0,3.0,2.0,1.0,1.0,93240.0,KOSPI,섬유의복,37697305580.0,0.0,-1.0,-1.0,0.0
249,혜인,2.0,3.0,1.0,1.0,1.0,3010.0,KOSPI,유통업,69284471150.0,1.0,-2.0,0.0,0.0
250,호텔신라,5.0,6.0,5.0,5.0,5.0,8770.0,KOSPI,유통업,2276390000000.0,1.0,-1.0,0.0,0.0
251,화성산업,3.0,4.0,4.0,2.0,2.0,2460.0,KOSPI,건설업,101297000000.0,1.0,0.0,-2.0,0.0
252,화승인더,3.0,4.0,2.0,4.0,4.0,6060.0,KOSPI,화학,221003000000.0,1.0,-2.0,2.0,0.0
253,화신,4.0,5.0,5.0,5.0,5.0,10690.0,KOSPI,운수장비,367363000000.0,1.0,0.0,0.0,0.0
254,화천기계,3.0,2.0,1.0,2.0,2.0,10660.0,KOSPI,기계,80960000000.0,-1.0,-1.0,1.0,0.0
255,화천기공,2.0,3.0,1.0,2.0,2.0,850.0,KOSPI,기계,66880000000.0,1.0,-2.0,1.0,0.0
256,환인제약,4.0,3.0,4.0,2.0,2.0,16580.0,KOSPI,의약품,256495000000.0,-1.0,1.0,-2.0,0.0
257,황금에스티,2.0,2.0,1.0,1.0,1.0,32560.0,KOSPI,철강금속,116280000000.0,0.0,-1.0,0.0,0.0
258,효성,6.0,6.0,6.0,6.0,6.0,4800.0,KOSPI,기타금융,1224230000000.0,0.0,0.0,0.0,0.0
259,효성ITX,4.0,4.0,5.0,6.0,6.0,94280.0,KOSPI,서비스업,144478000000.0,0.0,1.0,1.0,0.0
260,후성,2.0,3.0,4.0,5.0,5.0,93370.0,KOSPI,화학,748212000000.0,1.0,1.0,1.0,0.0
261,휴니드,3.0,4.0,2.0,1.0,1.0,5870.0,KOSPI,전기전자,103753000000.0,1.0,-2.0,-1.0,0.0
262,휴스틸,3.0,2.0,1.0,2.0,2.0,5010.0,KOSPI,철강금속,251161000000.0,-1.0,-1.0,1.0,0.0
263,TKG휴켐스,4.0,5.0,4.0,5.0,5.0,69260.0,KOSPI,화학,791001000000.0,1.0,-1.0,1.0,0.0
264,흥국화재,5.0,5.0,4.0,4.0,4.0,540.0,KOSPI,보험,260825000000.0,0.0,-1.0,0.0,0.0
265,흥아해운,2.0,2.0,3.0,4.0,4.0,3280.0,KOSPI,운수창고업,688817000000.0,0.0,1.0,1.0,0.0
266,동남합성,2.0,2.0,1.0,1.0,1.0,23450.0,KOSPI,화학,108500000000.0,0.0,-1.0,0.0,0.0
267,동방,2.0,1.0,2.0,3.0,3.0,4140.0,KOSPI,운수창고업,106497000000.0,-1.0,1.0,1.0,0.0
268,동방아그로,2.0,2.0,1.0,2.0,2.0,7590.0,KOSPI,화학,85654559330.0,0.0,-1.0,1.0,0.0
269,동부건설,3.0,1.0,4.0,4.0,4.0,5960.0,KOSPI,건설업,113919000000.0,-2.0,3.0,0.0,0.0
270,KG스틸,4.0,3.0,4.0,5.0,5.0,16380.0,KOSPI,철강금속,696062000000.0,-1.0,1.0,1.0,0.0
271,동성제약,3.0,2.0,1.0,2.0,2.0,2210.0,KOSPI,의약품,136769000000.0,-1.0,-1.0,1.0,0.0
272,동성케미컬,4.0,4.0,5.0,6.0,6.0,102260.0,KOSPI,서비스업,223604000000.0,0.0,1.0,1.0,0.0
273,동아쏘시오홀딩스,5.0,6.0,5.0,6.0,6.0,640.0,KOSPI,기타금융,721871000000.0,1.0,-1.0,1.0,0.0
274,다스코,3.0,2.0,1.0,2.0,2.0,58730.0,KOSPI,기계,65852614695.0,-1.0,-1.0,1.0,0.0
275,동아지질,2.0,1.0,1.0,1.0,1.0,28100.0,KOSPI,건설업,172707000000.0,-1.0,0.0,0.0,0.0
276,동양,2.0,2.0,1.0,1.0,1.0,1520.0,KOSPI,비금속광물,219112000000.0,0.0,-1.0,0.0,0.0
277,동양고속,3.0,2.0,1.0,1.0,1.0,84670.0,KOSPI,운수창고업,33588600400.0,-1.0,-1.0,0.0,0.0
278,TYM,4.0,6.0,4.0,5.0,5.0,2900.0,KOSPI,기계,210388000000.0,2.0,-2.0,1.0,0.0
279,동양생명,4.0,5.0,3.0,3.0,3.0,82640.0,KOSPI,보험,855201000000.0,1.0,-2.0,0.0,0.0
280,동양철관,2.0,1.0,1.0,2.0,2.0,8970.0,KOSPI,철강금속,83100817710.0,-1.0,0.0,1.0,0.0
281,HLB글로벌,3.0,2.0,2.0,1.0,1.0,3580.0,KOSPI,광업,325019000000.0,-1.0,0.0,-1.0,0.0
282,동원F&B,4.0,5.0,5.0,5.0,5.0,49770.0,KOSPI,음식료품,749635000000.0,1.0,0.0,0.0,0.0
283,동원금속,3.0,2.0,1.0,2.0,2.0,18500.0,KOSPI,운수장비,76865109852.0,-1.0,-1.0,1.0,0.0
284,동원산업,3.0,4.0,4.0,4.0,4.0,6040.0,KOSPI,기타금융,1722180000000.0,1.0,0.0,0.0,0.0
285,동원수산,3.0,2.0,1.0,1.0,1.0,30720.0,KOSPI,"농업, 임업 및 어업",27690139750.0,-1.0,-1.0,0.0,0.0
286,동원시스템즈,3.0,4.0,4.0,5.0,5.0,14820.0,KOSPI,화학,1174150000000.0,1.0,0.0,1.0,0.0
287,DI동일,2.0,2.0,2.0,1.0,1.0,1530.0,KOSPI,유통업,675780000000.0,0.0,0.0,-1.0,0.0
288,동일산업,2.0,2.0,1.0,1.0,1.0,4890.0,KOSPI,철강금속,105012000000.0,0.0,-1.0,0.0,0.0
289,동화약품,4.0,4.0,4.0,3.0,3.0,20.0,KOSPI,의약품,243004000000.0,0.0,0.0,-1.0,0.0
290,두산,6.0,6.0,5.0,6.0,6.0,150.0,KOSPI,기타금융,2204280000000.0,0.0,-1.0,1.0,0.0
291,HD현대인프라코어,6.0,6.0,5.0,6.0,6.0,42670.0,KOSPI,기계,1536950000000.0,0.0,-1.0,1.0,0.0
292,두산에너빌리티,6.0,5.0,5.0,6.0,6.0,34020.0,KOSPI,기계,10076000000000.0,-1.0,0.0,1.0,0.0
293,디씨엠,2.0,2.0,2.0,2.0,2.0,24090.0,KOSPI,철강금속,124260000000.0,0.0,0.0,0.0,0.0
294,디아이,3.0,3.0,2.0,2.0,2.0,3160.0,KOSPI,의료정밀,538549000000.0,0.0,-1.0,0.0,0.0
295,디아이씨,3.0,2.0,2.0,2.0,2.0,92200.0,KOSPI,운수장비,240331000000.0,-1.0,0.0,0.0,0.0
296,디와이,2.0,2.0,1.0,2.0,2.0,13570.0,KOSPI,기타금융,150285000000.0,0.0,-1.0,1.0,0.0
297,DN오토모티브,2.0,2.0,1.0,3.0,3.0,7340.0,KOSPI,전기전자,790526000000.0,0.0,-1.0,2.0,0.0
298,롯데관광개발,3.0,3.0,2.0,2.0,2.0,32350.0,KOSPI,서비스업,740527000000.0,0.0,-1.0,0.0,0.0
299,롯데손해보험,5.0,6.0,4.0,4.0,4.0,400.0,KOSPI,보험,1013250000000.0,1.0,-2.0,0.0,0.0
300,롯데쇼핑,6.0,6.0,6.0,6.0,6.0,23530.0,KOSPI,유통업,1892520000000.0,0.0,0.0,0.0,0.0
301,롯데정밀화학,6.0,6.0,6.0,6.0,6.0,4000.0,KOSPI,화학,1111980000000.0,0.0,0.0,0.0,0.0
302,롯데지주,5.0,6.0,6.0,6.0,6.0,4990.0,KOSPI,기타금융,2774850000000.0,1.0,0.0,0.0,0.0
303,롯데칠성,5.0,6.0,5.0,5.0,5.0,5300.0,KOSPI,음식료품,1183060000000.0,1.0,-1.0,0.0,0.0
304,롯데케미칼,5.0,6.0,6.0,6.0,6.0,11170.0,KOSPI,화학,4290370000000.0,1.0,0.0,0.0,0.0
305,마니커,4.0,3.0,1.0,1.0,1.0,27740.0,KOSPI,음식료품,69227238520.0,-1.0,-2.0,0.0,0.0
306,만호제강,3.0,2.0,2.0,2.0,2.0,1080.0,KOSPI,철강금속,195673000000.0,-1.0,0.0,0.0,0.0
307,명문제약,3.0,3.0,1.0,1.0,1.0,17180.0,KOSPI,의약품,69434813430.0,0.0,-2.0,0.0,0.0
308,모나리자,3.0,2.0,2.0,5.0,5.0,12690.0,KOSPI,종이목재,114834000000.0,-1.0,0.0,3.0,0.0
309,모나미,2.0,2.0,1.0,2.0,2.0,5360.0,KOSPI,유통업,51117215435.0,0.0,-1.0,1.0,0.0
310,모토닉,3.0,3.0,3.0,2.0,2.0,9680.0,KOSPI,운수장비,274560000000.0,0.0,0.0,-1.0,0.0
311,무림P&P,4.0,5.0,5.0,5.0,5.0,9580.0,KOSPI,종이목재,190535000000.0,1.0,0.0,0.0,0.0
312,무림페이퍼,4.0,4.0,4.0,5.0,5.0,9200.0,KOSPI,종이목재,89251969950.0,0.0,0.0,1.0,0.0
313,문배철강,2.0,2.0,1.0,1.0,1.0,8420.0,KOSPI,철강금속,56999743900.0,0.0,-1.0,0.0,0.0
314,미래산업,2.0,2.0,1.0,1.0,1.0,25560.0,KOSPI,의료정밀,66641196300.0,0.0,-1.0,0.0,0.0
315,미래아이앤지,2.0,2.0,1.0,1.0,1.0,7120.0,KOSPI,서비스업,31257497664.0,0.0,-1.0,0.0,0.0
316,미래에셋증권,6.0,6.0,6.0,6.0,6.0,6800.0,KOSPI,증권,4458920000000.0,0.0,0.0,0.0,0.0
317,미원상사,3.0,1.0,1.0,1.0,1.0,2840.0,KOSPI,화학,907725000000.0,-2.0,0.0,0.0,0.0
318,미원홀딩스,2.0,2.0,2.0,3.0,3.0,107590.0,KOSPI,기타금융,179336000000.0,0.0,0.0,1.0,0.0
319,미창석유,2.0,2.0,1.0,1.0,1.0,3650.0,KOSPI,화학,136738000000.0,0.0,-1.0,0.0,0.0
320,방림,2.0,2.0,1.0,1.0,1.0,3610.0,KOSPI,섬유의복,88224877650.0,0.0,-1.0,0.0,0.0
321,백광산업,2.0,2.0,1.0,1.0,1.0,1340.0,KOSPI,화학,360246000000.0,0.0,-1.0,0.0,0.0
322,태경비케이,3.0,3.0,2.0,2.0,2.0,14580.0,KOSPI,비금속광물,145639000000.0,0.0,-1.0,0.0,0.0
323,백산,3.0,3.0,1.0,2.0,2.0,35150.0,KOSPI,화학,297198000000.0,0.0,-2.0,1.0,0.0
324,범양건영,2.0,3.0,2.0,2.0,2.0,2410.0,KOSPI,건설업,40103650930.0,1.0,-1.0,0.0,0.0
325,보락,2.0,2.0,1.0,1.0,1.0,2760.0,KOSPI,화학,67567200000.0,0.0,-1.0,0.0,0.0
326,보령,3.0,5.0,5.0,5.0,5.0,3850.0,KOSPI,의약품,763833000000.0,2.0,0.0,0.0,0.0
327,보해양조,3.0,2.0,1.0,1.0,1.0,890.0,KOSPI,음식료품,67890622952.0,-1.0,-1.0,0.0,0.0
328,부광약품,2.0,1.0,1.0,5.0,5.0,3000.0,KOSPI,의약품,437748000000.0,-1.0,0.0,4.0,0.0
329,부국증권,3.0,3.0,2.0,3.0,3.0,1270.0,KOSPI,증권,249914000000.0,0.0,-1.0,1.0,0.0
330,부국철강,2.0,2.0,1.0,1.0,1.0,26940.0,KOSPI,철강금속,60300000000.0,0.0,-1.0,0.0,0.0
331,부산산업,2.0,1.0,1.0,1.0,1.0,11390.0,KOSPI,비금속광물,55756800000.0,-1.0,0.0,0.0,0.0
332,부산주공,2.0,1.0,1.0,2.0,2.0,5030.0,KOSPI,운수장비,38288532168.0,-1.0,0.0,1.0,0.0
333,비상교육,4.0,4.0,3.0,3.0,3.0,100220.0,KOSPI,서비스업,62384356800.0,0.0,-1.0,0.0,0.0
334,빙그레,6.0,6.0,5.0,6.0,6.0,5180.0,KOSPI,음식료품,682691000000.0,0.0,-1.0,1.0,0.0
335,사조대림,3.0,5.0,3.0,5.0,5.0,3960.0,KOSPI,음식료품,343209000000.0,2.0,-2.0,2.0,0.0
336,사조동아원,2.0,3.0,4.0,3.0,3.0,8040.0,KOSPI,음식료품,136487000000.0,1.0,1.0,-1.0,0.0
337,사조산업,2.0,3.0,3.0,4.0,4.0,7160.0,KOSPI,"농업, 임업 및 어업",179500000000.0,1.0,0.0,1.0,0.0
338,사조오양,3.0,3.0,3.0,4.0,4.0,6090.0,KOSPI,음식료품,84804651000.0,0.0,0.0,1.0,0.0
339,SGC에너지,3.0,5.0,5.0,5.0,5.0,5090.0,KOSPI,전기가스업,330694000000.0,2.0,0.0,0.0,0.0
340,삼성SDI,5.0,6.0,6.0,6.0,6.0,6400.0,KOSPI,전기전자,28984200000000.0,1.0,0.0,0.0,0.0
341,삼성공조,2.0,2.0,2.0,2.0,2.0,6660.0,KOSPI,운수장비,73543141700.0,0.0,0.0,0.0,0.0
342,삼성물산,5.0,6.0,5.0,6.0,6.0,28260.0,KOSPI,유통업,27356200000000.0,1.0,-1.0,1.0,0.0
343,삼성E&A,6.0,6.0,6.0,6.0,6.0,28050.0,KOSPI,서비스업,5154800000000.0,0.0,0.0,0.0,0.0
344,삼성전기,6.0,6.0,6.0,6.0,6.0,9150.0,KOSPI,전기전자,10823100000000.0,0.0,0.0,0.0,0.0
345,삼성전자,6.0,6.0,6.0,6.0,6.0,5930.0,KOSPI,전기전자,454300000000000.0,0.0,0.0,0.0,0.0
346,삼성제약,2.0,2.0,1.0,1.0,1.0,1360.0,KOSPI,의약품,153955000000.0,0.0,-1.0,0.0,0.0
347,삼성중공업,3.0,5.0,4.0,6.0,6.0,10140.0,KOSPI,운수장비,8342400000000.0,2.0,-1.0,2.0,0.0
348,삼성증권,6.0,6.0,6.0,6.0,6.0,16360.0,KOSPI,증권,3344290000000.0,0.0,0.0,0.0,0.0
349,삼성출판사,2.0,1.0,1.0,1.0,1.0,68290.0,KOSPI,서비스업,179100000000.0,-1.0,0.0,0.0,0.0
350,삼성카드,4.0,6.0,6.0,6.0,6.0,29780.0,KOSPI,기타금융,4373670000000.0,2.0,0.0,0.0,0.0
351,삼성화재,6.0,6.0,5.0,6.0,6.0,810.0,KOSPI,보험,14236100000000.0,0.0,-1.0,1.0,0.0
352,삼아알미늄,2.0,2.0,1.0,1.0,1.0,6110.0,KOSPI,철강금속,1119580000000.0,0.0,-1.0,0.0,0.0
353,삼양식품,3.0,6.0,6.0,6.0,6.0,3230.0,KOSPI,음식료품,2207170000000.0,3.0,0.0,0.0,0.0
354,삼양통상,2.0,2.0,1.0,1.0,1.0,2170.0,KOSPI,기타제조업,148800000000.0,0.0,-1.0,0.0,0.0
355,삼양홀딩스,4.0,5.0,5.0,5.0,5.0,70.0,KOSPI,기타금융,586653000000.0,1.0,0.0,0.0,0.0
356,삼영무역,2.0,2.0,2.0,1.0,1.0,2810.0,KOSPI,유통업,235269000000.0,0.0,0.0,-1.0,0.0
357,삼영전자,4.0,3.0,1.0,2.0,2.0,5680.0,KOSPI,전기전자,190400000000.0,-1.0,-2.0,1.0,0.0
358,삼영,2.0,2.0,1.0,1.0,1.0,3720.0,KOSPI,화학,129880000000.0,0.0,-1.0,0.0,0.0
359,삼익THK,3.0,3.0,2.0,2.0,2.0,4380.0,KOSPI,기계,278250000000.0,0.0,-1.0,0.0,0.0
360,삼익악기,2.0,2.0,1.0,1.0,1.0,2450.0,KOSPI,기타제조업,116513000000.0,0.0,-1.0,0.0,0.0
361,삼일제약,4.0,3.0,1.0,2.0,2.0,520.0,KOSPI,의약품,183800000000.0,-1.0,-2.0,1.0,0.0
362,삼정펄프,3.0,1.0,2.0,2.0,2.0,9770.0,KOSPI,종이목재,62499275000.0,-2.0,1.0,0.0,0.0
363,삼진제약,4.0,3.0,1.0,1.0,1.0,5500.0,KOSPI,의약품,273830000000.0,-1.0,-2.0,0.0,0.0
364,삼천리,5.0,5.0,4.0,3.0,3.0,4690.0,KOSPI,전기가스업,369818000000.0,0.0,-1.0,-1.0,0.0
365,삼호개발,2.0,1.0,4.0,5.0,5.0,10960.0,KOSPI,건설업,81750000000.0,-1.0,3.0,1.0,0.0
366,삼화왕관,2.0,2.0,1.0,1.0,1.0,4450.0,KOSPI,기계,70448193300.0,0.0,-1.0,0.0,0.0
367,삼화전기,3.0,2.0,1.0,2.0,2.0,9470.0,KOSPI,전기전자,251325000000.0,-1.0,-1.0,1.0,0.0
368,삼화전자,2.0,2.0,1.0,1.0,1.0,11230.0,KOSPI,전기전자,67526286500.0,0.0,-1.0,0.0,0.0
369,삼화콘덴서,3.0,3.0,2.0,2.0,2.0,1820.0,KOSPI,전기전자,466736000000.0,0.0,-1.0,0.0,0.0
370,삼화페인트,4.0,4.0,4.0,5.0,5.0,390.0,KOSPI,화학,202666000000.0,0.0,0.0,1.0,0.0
371,상신브레이크,3.0,3.0,2.0,3.0,3.0,41650.0,KOSPI,운수장비,82020939000.0,0.0,-1.0,1.0,0.0
372,새론오토모티브,3.0,2.0,2.0,1.0,1.0,75180.0,KOSPI,운수장비,72960000000.0,-1.0,0.0,-1.0,0.0
373,샘표,4.0,4.0,2.0,3.0,3.0,7540.0,KOSPI,기타금융,142496000000.0,0.0,-2.0,1.0,0.0
374,서연,4.0,5.0,5.0,5.0,5.0,7860.0,KOSPI,기타금융,214136000000.0,1.0,0.0,0.0,0.0
375,서울가스,4.0,4.0,3.0,3.0,3.0,17390.0,KOSPI,전기가스업,284000000000.0,0.0,-1.0,0.0,0.0
376,서울식품,3.0,3.0,1.0,1.0,1.0,4410.0,KOSPI,음식료품,64457956148.0,0.0,-2.0,0.0,0.0
377,서원,2.0,2.0,1.0,1.0,1.0,21050.0,KOSPI,철강금속,64375544040.0,0.0,-1.0,0.0,0.0
378,서흥,2.0,3.0,3.0,5.0,5.0,8490.0,KOSPI,화학,249314000000.0,1.0,0.0,2.0,0.0
379,선도전기,2.0,2.0,1.0,2.0,2.0,7610.0,KOSPI,전기전자,54000000000.0,0.0,-1.0,1.0,0.0
380,SUN&L,3.0,3.0,2.0,2.0,2.0,2820.0,KOSPI,종이목재,32591651565.0,0.0,-1.0,0.0,0.0
381,성문전자,3.0,2.0,2.0,1.0,1.0,14910.0,KOSPI,전기전자,32029364610.0,-1.0,0.0,-1.0,0.0
382,성보화학,3.0,3.0,2.0,2.0,2.0,3080.0,KOSPI,화학,58258200000.0,0.0,-1.0,0.0,0.0
383,성신양회,3.0,4.0,3.0,5.0,5.0,4980.0,KOSPI,비금속광물,206670000000.0,1.0,-1.0,2.0,0.0
384,성창기업지주,2.0,2.0,1.0,1.0,1.0,180.0,KOSPI,서비스업,132737000000.0,0.0,-1.0,0.0,0.0
385,세기상사,2.0,2.0,1.0,1.0,1.0,2420.0,KOSPI,유통업,43581368320.0,0.0,-1.0,0.0,0.0
386,세방,4.0,1.0,2.0,4.0,4.0,4360.0,KOSPI,운수창고업,224946000000.0,-3.0,1.0,2.0,0.0
387,세방전지,3.0,3.0,2.0,2.0,2.0,4490.0,KOSPI,전기전자,1303400000000.0,0.0,-1.0,0.0,0.0
388,세아베스틸지주,3.0,3.0,3.0,6.0,6.0,1430.0,KOSPI,철강금속,747725000000.0,0.0,0.0,3.0,0.0
389,세아제강,4.0,4.0,4.0,5.0,5.0,306200.0,KOSPI,철강금속,384886000000.0,0.0,0.0,1.0,0.0
390,세아홀딩스,3.0,4.0,4.0,6.0,6.0,58650.0,KOSPI,철강금속,429200000000.0,1.0,0.0,2.0,0.0
391,세우글로벌,2.0,2.0,1.0,1.0,1.0,13000.0,KOSPI,유통업,40387978617.0,0.0,-1.0,0.0,0.0
392,세원이앤씨,3.0,2.0,2.0,1.0,1.0,91090.0,KOSPI,기계,54838923850.0,-1.0,0.0,-1.0,0.0
393,세원정공,4.0,3.0,2.0,2.0,2.0,21820.0,KOSPI,운수장비,78200000000.0,-1.0,-1.0,0.0,0.0
394,세이브존I&C,3.0,2.0,2.0,2.0,2.0,67830.0,KOSPI,유통업,96446103250.0,-1.0,0.0,0.0,0.0
395,에스제이지세종,4.0,3.0,3.0,2.0,2.0,33530.0,KOSPI,운수장비,158858000000.0,-1.0,0.0,-1.0,0.0
396,송원산업,4.0,3.0,2.0,4.0,4.0,4430.0,KOSPI,화학,324000000000.0,-1.0,-1.0,2.0,0.0
397,수산중공업,3.0,2.0,1.0,1.0,1.0,17550.0,KOSPI,기계,124611000000.0,-1.0,-1.0,0.0,0.0
398,신대양제지,2.0,2.0,2.0,1.0,1.0,16590.0,KOSPI,종이목재,229698000000.0,0.0,0.0,-1.0,0.0
399,신도리코,4.0,2.0,1.0,1.0,1.0,29530.0,KOSPI,전기전자,373969000000.0,-2.0,-1.0,0.0,0.0
400,신라교역,2.0,1.0,1.0,1.0,1.0,4970.0,KOSPI,"농업, 임업 및 어업",135680000000.0,-1.0,0.0,0.0,0.0
401,신성이엔지,2.0,2.0,2.0,1.0,1.0,11930.0,KOSPI,전기전자,428164000000.0,0.0,0.0,-1.0,0.0
402,신성통상,1.0,2.0,1.0,1.0,1.0,5390.0,KOSPI,유통업,255657000000.0,1.0,-1.0,0.0,0.0
403,신세계,5.0,6.0,6.0,6.0,6.0,4170.0,KOSPI,유통업,1618550000000.0,1.0,0.0,0.0,0.0
404,신세계I&C,4.0,4.0,5.0,6.0,6.0,35510.0,KOSPI,서비스업,193500000000.0,0.0,1.0,1.0,0.0
405,신세계건설,3.0,5.0,5.0,5.0,5.0,34300.0,KOSPI,건설업,80709761600.0,2.0,0.0,0.0,0.0
406,신영와코루,3.0,3.0,1.0,1.0,1.0,5800.0,KOSPI,섬유의복,82620000000.0,0.0,-2.0,0.0,0.0
407,신영증권,3.0,2.0,4.0,5.0,5.0,1720.0,KOSPI,증권,625509000000.0,-1.0,2.0,1.0,0.0
408,신원,2.0,3.0,2.0,3.0,3.0,9270.0,KOSPI,섬유의복,131311000000.0,1.0,-1.0,1.0,0.0
409,신일전자,2.0,1.0,1.0,1.0,1.0,2700.0,KOSPI,유통업,132362000000.0,-1.0,0.0,0.0,0.0
410,신풍제약,3.0,3.0,2.0,1.0,1.0,19170.0,KOSPI,의약품,722715000000.0,0.0,-1.0,-1.0,0.0
411,신풍,2.0,3.0,1.0,1.0,1.0,2870.0,KOSPI,유통업,29470184100.0,1.0,-2.0,0.0,0.0
412,신한지주,5.0,6.0,6.0,6.0,6.0,55550.0,KOSPI,기타금융,22566100000000.0,1.0,0.0,0.0,0.0
413,SHD,2.0,2.0,1.0,1.0,1.0,1770.0,KOSPI,철강금속,21928547900.0,0.0,-1.0,0.0,0.0
414,신흥,3.0,3.0,2.0,2.0,2.0,4080.0,KOSPI,유통업,142120000000.0,0.0,-1.0,0.0,0.0
415,쌍방울,3.0,3.0,2.0,1.0,1.0,102280.0,KOSPI,섬유의복,70637282701.0,0.0,-1.0,-1.0,0.0
416,쌍용C&E,4.0,5.0,3.0,3.0,3.0,3410.0,KOSPI,비금속광물,3495870000000.0,1.0,-2.0,0.0,0.0
417,써니전자,3.0,3.0,1.0,2.0,2.0,4770.0,KOSPI,전기전자,72304681480.0,0.0,-2.0,1.0,0.0
418,씨아이테크,2.0,2.0,1.0,1.0,1.0,4920.0,KOSPI,기타제조업,59628359463.0,0.0,-1.0,0.0,0.0
419,아남전자,2.0,2.0,2.0,2.0,2.0,8700.0,KOSPI,전기전자,141987000000.0,0.0,0.0,0.0,0.0
420,아모레퍼시픽,6.0,6.0,6.0,6.0,6.0,90430.0,KOSPI,화학,8288420000000.0,0.0,0.0,0.0,0.0
421,아모레G,6.0,6.0,6.0,6.0,6.0,2790.0,KOSPI,화학,2506730000000.0,0.0,0.0,0.0,0.0
422,메타랩스,3.0,2.0,1.0,1.0,1.0,90370.0,KOSPI,섬유의복,44828440200.0,-1.0,-1.0,0.0,0.0
423,아세아,3.0,4.0,4.0,4.0,4.0,2030.0,KOSPI,서비스업,490830000000.0,1.0,0.0,0.0,0.0
424,아세아제지,3.0,4.0,4.0,4.0,4.0,2310.0,KOSPI,종이목재,385577000000.0,1.0,0.0,0.0,0.0
425,아시아나항공,4.0,5.0,5.0,5.0,5.0,20560.0,KOSPI,운수창고업,798438000000.0,1.0,0.0,0.0,0.0
426,아이에스동서,3.0,4.0,5.0,5.0,5.0,10780.0,KOSPI,비금속광물,781843000000.0,1.0,1.0,0.0,0.0
427,IHQ,3.0,2.0,1.0,2.0,2.0,3560.0,KOSPI,서비스업,58906362440.0,-1.0,-1.0,1.0,0.0
428,알루코,3.0,1.0,2.0,2.0,2.0,1780.0,KOSPI,철강금속,314699000000.0,-2.0,1.0,0.0,0.0
429,에넥스,4.0,3.0,2.0,2.0,2.0,11090.0,KOSPI,기타제조업,28915970962.0,-1.0,-1.0,0.0,0.0
430,에스엘,4.0,4.0,4.0,5.0,5.0,5850.0,KOSPI,운수장비,1439900000000.0,0.0,0.0,1.0,0.0
431,에스원,5.0,5.0,5.0,5.0,5.0,12750.0,KOSPI,서비스업,2317950000000.0,0.0,0.0,0.0,0.0
432,SJM홀딩스,3.0,3.0,2.0,2.0,2.0,25530.0,KOSPI,유통업,54882479400.0,0.0,-1.0,0.0,0.0
433,에쓰씨엔지니어링,3.0,2.0,1.0,1.0,1.0,23960.0,KOSPI,건설업,49423494464.0,-1.0,-1.0,0.0,0.0
434,에이엔피,2.0,2.0,1.0,1.0,1.0,15260.0,KOSPI,전기전자,52019778782.0,0.0,-1.0,0.0,0.0
435,에이프로젠,1.0,2.0,1.0,1.0,1.0,7460.0,KOSPI,기계,384544000000.0,1.0,-1.0,0.0,0.0
436,에이프로젠바이오로직스,2.0,2.0,1.0,1.0,1.0,3060.0,KOSPI,의약품,101062000000.0,0.0,-1.0,0.0,0.0
437,엔씨소프트,4.0,5.0,5.0,5.0,5.0,36570.0,KOSPI,서비스업,3740970000000.0,1.0,0.0,0.0,0.0
438,엔케이,2.0,2.0,1.0,2.0,2.0,85310.0,KOSPI,기계,70705283168.0,0.0,-1.0,1.0,0.0
439,플레이그램,2.0,2.0,1.0,1.0,1.0,9810.0,KOSPI,유통업,73895359021.0,0.0,-1.0,0.0,0.0
440,NPC,2.0,1.0,2.0,2.0,2.0,4250.0,KOSPI,화학,188006000000.0,-1.0,1.0,0.0,0.0
441,영보화학,3.0,2.0,2.0,2.0,2.0,14440.0,KOSPI,화학,68800000000.0,-1.0,0.0,0.0,0.0
442,영원무역,3.0,4.0,4.0,4.0,4.0,111770.0,KOSPI,유통업,1699340000000.0,1.0,0.0,0.0,0.0
443,영원무역홀딩스,3.0,4.0,4.0,4.0,4.0,9970.0,KOSPI,기타금융,1206750000000.0,1.0,0.0,0.0,0.0
444,영진약품,4.0,5.0,4.0,5.0,5.0,3520.0,KOSPI,의약품,375845000000.0,1.0,-1.0,1.0,0.0
445,영풍,3.0,2.0,4.0,4.0,4.0,670.0,KOSPI,철강금속,723922000000.0,-1.0,2.0,0.0,0.0
446,영풍제지,2.0,2.0,1.0,1.0,1.0,6740.0,KOSPI,종이목재,86038455948.0,0.0,-1.0,0.0,0.0
447,영화금속,2.0,2.0,1.0,1.0,1.0,12280.0,KOSPI,운수장비,45361435390.0,0.0,-1.0,0.0,0.0
448,예스코홀딩스,4.0,4.0,3.0,3.0,3.0,15360.0,KOSPI,서비스업,233400000000.0,0.0,-1.0,0.0,0.0
449,오뚜기,5.0,6.0,4.0,5.0,5.0,7310.0,KOSPI,음식료품,1649220000000.0,1.0,-2.0,1.0,0.0
450,오리엔트바이오,3.0,2.0,1.0,1.0,1.0,2630.0,KOSPI,의약품,62848992650.0,-1.0,-1.0,0.0,0.0
451,오리온홀딩스,4.0,5.0,5.0,5.0,5.0,1800.0,KOSPI,기타금융,888939000000.0,1.0,0.0,0.0,0.0
452,웰바이오텍,3.0,3.0,1.0,1.0,1.0,10600.0,KOSPI,유통업,49553256815.0,0.0,-2.0,0.0,0.0
453,우리금융지주,4.0,6.0,6.0,6.0,6.0,316140.0,KOSPI,기타금융,10507700000000.0,2.0,0.0,0.0,0.0
454,팜젠사이언스,3.0,2.0,1.0,2.0,2.0,4720.0,KOSPI,의약품,94164759500.0,-1.0,-1.0,1.0,0.0
455,에스메디,2.0,3.0,1.0,1.0,1.0,118000.0,KOSPI,유통업,74672560849.0,1.0,-2.0,0.0,0.0
456,우성,2.0,2.0,2.0,2.0,2.0,6980.0,KOSPI,음식료품,60193200000.0,0.0,0.0,0.0,0.0
457,우신시스템,3.0,2.0,1.0,1.0,1.0,17370.0,KOSPI,기계,163911000000.0,-1.0,-1.0,0.0,0.0
458,우진플라임,3.0,2.0,1.0,1.0,1.0,49800.0,KOSPI,기계,54200000000.0,-1.0,-1.0,0.0,0.0
459,웅진,3.0,4.0,4.0,5.0,5.0,16880.0,KOSPI,서비스업,90397527480.0,1.0,0.0,1.0,0.0
460,웅진씽크빅,3.0,5.0,4.0,6.0,6.0,95720.0,KOSPI,서비스업,250648000000.0,2.0,-1.0,2.0,0.0
461,원림,3.0,3.0,1.0,1.0,1.0,5820.0,KOSPI,섬유의복,42857140500.0,0.0,-2.0,0.0,0.0
462,윌비스,2.0,1.0,1.0,2.0,2.0,8600.0,KOSPI,유통업,32609478915.0,-1.0,0.0,1.0,0.0
463,유나이티드제약,4.0,3.0,2.0,3.0,3.0,33270.0,KOSPI,의약품,372411000000.0,-1.0,-1.0,1.0,0.0
464,유니드,3.0,4.0,4.0,4.0,4.0,14830.0,KOSPI,화학,550883000000.0,1.0,0.0,0.0,0.0
465,유니온,3.0,3.0,2.0,2.0,2.0,910.0,KOSPI,비금속광물,85707788310.0,0.0,-1.0,0.0,0.0
466,유니온머티리얼,3.0,2.0,1.0,1.0,1.0,47400.0,KOSPI,비금속광물,120750000000.0,-1.0,-1.0,0.0,0.0
467,유니퀘스트,2.0,2.0,1.0,1.0,1.0,77500.0,KOSPI,유통업,145584000000.0,0.0,-1.0,0.0,0.0
468,유성기업,2.0,1.0,2.0,2.0,2.0,2920.0,KOSPI,운수장비,69669037500.0,-1.0,1.0,0.0,0.0
469,유수홀딩스,3.0,3.0,4.0,5.0,5.0,700.0,KOSPI,서비스업,141928000000.0,0.0,1.0,1.0,0.0
470,유안타증권,4.0,2.0,2.0,1.0,1.0,3470.0,KOSPI,증권,539909000000.0,-2.0,0.0,-1.0,0.0
471,유엔젤,2.0,2.0,1.0,1.0,1.0,72130.0,KOSPI,서비스업,44600634520.0,0.0,-1.0,0.0,0.0
472,유유제약,2.0,3.0,3.0,2.0,2.0,220.0,KOSPI,의약품,80052049700.0,1.0,0.0,-1.0,0.0
473,유진투자증권,4.0,2.0,4.0,3.0,3.0,1200.0,KOSPI,증권,398605000000.0,-2.0,2.0,-1.0,0.0
474,유한양행,4.0,5.0,5.0,6.0,6.0,100.0,KOSPI,의약품,5742970000000.0,1.0,0.0,1.0,0.0
475,유화증권,2.0,2.0,1.0,2.0,2.0,3460.0,KOSPI,증권,125312000000.0,0.0,-1.0,1.0,0.0
476,율촌화학,4.0,3.0,2.0,2.0,2.0,8730.0,KOSPI,화학,820880000000.0,-1.0,-1.0,0.0,0.0
477,이건산업,3.0,2.0,2.0,2.0,2.0,8250.0,KOSPI,종이목재,59253755350.0,-1.0,0.0,0.0,0.0
478,이구산업,2.0,2.0,2.0,1.0,1.0,25820.0,KOSPI,철강금속,221720000000.0,0.0,0.0,-1.0,0.0
479,이수페타시스,4.0,5.0,4.0,4.0,4.0,7660.0,KOSPI,전기전자,2270550000000.0,1.0,-1.0,0.0,0.0
480,이수화학,3.0,4.0,4.0,3.0,3.0,5950.0,KOSPI,화학,266311000000.0,1.0,0.0,-1.0,0.0
481,이스타코,2.0,2.0,1.0,1.0,1.0,15020.0,KOSPI,서비스업,32995732000.0,0.0,-1.0,0.0,0.0
482,이아이디,2.0,2.0,1.0,1.0,1.0,93230.0,KOSPI,유통업,354103000000.0,0.0,-1.0,0.0,0.0
483,이월드,2.0,2.0,2.0,1.0,1.0,84680.0,KOSPI,기타제조업,279075000000.0,0.0,0.0,-1.0,0.0
484,이화산업,2.0,2.0,1.0,1.0,1.0,760.0,KOSPI,유통업,40012000000.0,0.0,-1.0,0.0,0.0
485,인디에프,3.0,3.0,1.0,1.0,1.0,14990.0,KOSPI,섬유의복,51076836600.0,0.0,-2.0,0.0,0.0
486,인스코비,2.0,2.0,1.0,1.0,1.0,6490.0,KOSPI,통신업,141532000000.0,0.0,-1.0,0.0,0.0
487,인지컨트롤스,3.0,2.0,2.0,2.0,2.0,23800.0,KOSPI,운수장비,118253000000.0,-1.0,0.0,0.0,0.0
488,인천도시가스,3.0,2.0,3.0,3.0,3.0,34590.0,KOSPI,전기가스업,110900000000.0,-1.0,1.0,0.0,0.0
489,인팩,2.0,2.0,2.0,2.0,2.0,23810.0,KOSPI,운수장비,83800000000.0,0.0,0.0,0.0,0.0
490,일동홀딩스,5.0,5.0,6.0,6.0,6.0,230.0,KOSPI,의약품,99593652000.0,0.0,1.0,0.0,0.0
491,일성건설,3.0,2.0,1.0,1.0,1.0,13360.0,KOSPI,건설업,78282051120.0,-1.0,-1.0,0.0,0.0
492,일성아이에스,3.0,2.0,1.0,2.0,2.0,3120.0,KOSPI,의약품,255626000000.0,-1.0,-1.0,1.0,0.0
493,일신방직,3.0,3.0,2.0,2.0,2.0,3200.0,KOSPI,섬유의복,200441000000.0,0.0,-1.0,0.0,0.0
494,일신석재,2.0,2.0,1.0,1.0,1.0,7110.0,KOSPI,유통업,82491289650.0,0.0,-1.0,0.0,0.0
495,일양약품,3.0,2.0,2.0,2.0,2.0,7570.0,KOSPI,의약품,264527000000.0,-1.0,0.0,0.0,0.0
496,일정실업,2.0,2.0,1.0,1.0,1.0,8500.0,KOSPI,섬유의복,18840000000.0,0.0,-1.0,0.0,0.0
497,일진다이아,3.0,2.0,1.0,1.0,1.0,81000.0,KOSPI,화학,181656000000.0,-1.0,-1.0,0.0,0.0
498,일진디스플,3.0,3.0,1.0,1.0,1.0,20760.0,KOSPI,전기전자,55171216611.0,0.0,-2.0,0.0,0.0
499,일진전기,3.0,2.0,2.0,2.0,2.0,103590.0,KOSPI,전기전자,911268000000.0,-1.0,0.0,0.0,0.0
500,일진홀딩스,3.0,2.0,2.0,2.0,2.0,15860.0,KOSPI,기타금융,202078000000.0,-1.0,0.0,0.0,0.0
501,자화전자,4.0,2.0,2.0,2.0,2.0,33240.0,KOSPI,전기전자,533956000000.0,-2.0,0.0,0.0,0.0
502,전방,4.0,3.0,2.0,2.0,2.0,950.0,KOSPI,섬유의복,33684000000.0,-1.0,-1.0,0.0,0.0
503,제이준코스메틱,2.0,2.0,1.0,1.0,1.0,25620.0,KOSPI,화학,28792711320.0,0.0,-1.0,0.0,0.0
504,제일기획,5.0,5.0,5.0,6.0,6.0,30000.0,KOSPI,서비스업,2160470000000.0,0.0,0.0,1.0,0.0
505,제일연마,2.0,2.0,1.0,1.0,1.0,1560.0,KOSPI,비금속광물,85100000000.0,0.0,-1.0,0.0,0.0
506,제일파마홀딩스,3.0,3.0,1.0,4.0,4.0,2620.0,KOSPI,서비스업,163887000000.0,0.0,-2.0,3.0,0.0
507,조광페인트,3.0,4.0,2.0,3.0,3.0,4910.0,KOSPI,화학,79232000000.0,1.0,-2.0,1.0,0.0
508,조광피혁,2.0,2.0,1.0,1.0,1.0,4700.0,KOSPI,기타제조업,335117000000.0,0.0,-1.0,0.0,0.0
509,조비,3.0,2.0,1.0,1.0,1.0,1550.0,KOSPI,화학,66201047250.0,-1.0,-1.0,0.0,0.0
510,조일알미늄,2.0,2.0,2.0,2.0,2.0,18470.0,KOSPI,철강금속,298218000000.0,0.0,0.0,0.0,0.0
511,조흥,2.0,2.0,2.0,3.0,3.0,2600.0,KOSPI,음식료품,104520000000.0,0.0,0.0,1.0,0.0
512,종근당바이오,2.0,5.0,5.0,5.0,5.0,63160.0,KOSPI,의약품,128646000000.0,3.0,0.0,0.0,0.0
513,종근당홀딩스,4.0,5.0,5.0,5.0,5.0,1630.0,KOSPI,의약품,309609000000.0,1.0,0.0,0.0,0.0
514,주연테크,3.0,2.0,1.0,1.0,1.0,44380.0,KOSPI,전기전자,27350050728.0,-1.0,-1.0,0.0,0.0
515,HS애드,4.0,3.0,3.0,2.0,2.0,35000.0,KOSPI,서비스업,103215000000.0,-1.0,0.0,-1.0,0.0
516,진도,3.0,1.0,1.0,1.0,1.0,88790.0,KOSPI,유통업,29252198400.0,-2.0,0.0,0.0,0.0
517,진양산업,2.0,2.0,1.0,1.0,1.0,3780.0,KOSPI,화학,85540000000.0,0.0,-1.0,0.0,0.0
518,진양폴리,2.0,2.0,1.0,1.0,1.0,10640.0,KOSPI,화학,62700000000.0,0.0,-1.0,0.0,0.0
519,진양홀딩스,2.0,2.0,1.0,1.0,1.0,100250.0,KOSPI,화학,179703000000.0,0.0,-1.0,0.0,0.0
520,진양화학,2.0,2.0,1.0,1.0,1.0,51630.0,KOSPI,화학,56248000000.0,0.0,-1.0,0.0,0.0
521,진원생명과학,2.0,2.0,1.0,2.0,2.0,11000.0,KOSPI,의약품,194895000000.0,0.0,-1.0,1.0,0.0
522,진흥기업,3.0,2.0,2.0,2.0,2.0,2780.0,KOSPI,건설업,137180000000.0,-1.0,0.0,0.0,0.0
523,참엔지니어링,3.0,3.0,2.0,1.0,1.0,9310.0,KOSPI,기계,37171929522.0,0.0,-1.0,-1.0,0.0
524,천일고속,3.0,2.0,1.0,1.0,1.0,650.0,KOSPI,운수창고업,67459184000.0,-1.0,-1.0,0.0,0.0
525,청호ICT,2.0,2.0,1.0,1.0,1.0,12600.0,KOSPI,기계,116120000000.0,0.0,-1.0,0.0,0.0
526,체시스,3.0,3.0,1.0,1.0,1.0,33250.0,KOSPI,운수장비,39520000000.0,0.0,-2.0,0.0,0.0
527,카프로,3.0,2.0,1.0,2.0,2.0,6380.0,KOSPI,화학,29280000000.0,-1.0,-1.0,1.0,0.0
528,케이씨,3.0,2.0,3.0,5.0,5.0,29460.0,KOSPI,의료정밀,284635000000.0,-1.0,1.0,2.0,0.0
529,KCC,5.0,6.0,5.0,5.0,5.0,2380.0,KOSPI,화학,2146080000000.0,1.0,-1.0,0.0,0.0
530,KCTC,3.0,2.0,2.0,2.0,2.0,9070.0,KOSPI,운수창고업,113100000000.0,-1.0,0.0,0.0,0.0
531,KT,5.0,4.0,4.0,5.0,5.0,30200.0,KOSPI,통신업,8820760000000.0,-1.0,0.0,1.0,0.0
532,KT&G,6.0,6.0,6.0,6.0,6.0,33780.0,KOSPI,기타제조업,11846300000000.0,0.0,0.0,0.0,0.0
533,코리아써키트,3.0,2.0,1.0,2.0,2.0,7810.0,KOSPI,전기전자,365413000000.0,-1.0,-1.0,1.0,0.0
534,코리안리,3.0,4.0,4.0,5.0,5.0,3690.0,KOSPI,보험,1319630000000.0,1.0,0.0,1.0,0.0
535,코스맥스비티아이,3.0,5.0,5.0,5.0,5.0,44820.0,KOSPI,기타금융,91333288710.0,2.0,0.0,0.0,0.0
536,코스모신소재,3.0,2.0,2.0,2.0,2.0,5070.0,KOSPI,화학,4931880000000.0,-1.0,0.0,0.0,0.0
537,코스모화학,2.0,2.0,1.0,2.0,2.0,5420.0,KOSPI,화학,1219460000000.0,0.0,-1.0,1.0,0.0
538,코아스,3.0,2.0,1.0,2.0,2.0,71950.0,KOSPI,기타제조업,14062780550.0,-1.0,-1.0,1.0,0.0
539,코오롱,4.0,4.0,5.0,5.0,5.0,2020.0,KOSPI,기타금융,202780000000.0,0.0,1.0,0.0,0.0
540,코오롱글로벌,3.0,3.0,2.0,4.0,4.0,3070.0,KOSPI,건설업,161496000000.0,0.0,-1.0,2.0,0.0
541,코웨이,6.0,6.0,5.0,6.0,6.0,21240.0,KOSPI,서비스업,4125400000000.0,0.0,-1.0,1.0,0.0
542,콤텍시스템,3.0,3.0,1.0,1.0,1.0,31820.0,KOSPI,서비스업,82557099812.0,0.0,-2.0,0.0,0.0
543,크라운해태홀딩스,4.0,4.0,3.0,2.0,2.0,5740.0,KOSPI,기타금융,88341714650.0,0.0,-1.0,-1.0,0.0
544,키움증권,4.0,5.0,2.0,5.0,5.0,39490.0,KOSPI,증권,3435700000000.0,1.0,-3.0,3.0,0.0
545,태경산업,3.0,3.0,2.0,2.0,2.0,15890.0,KOSPI,화학,172157000000.0,0.0,-1.0,0.0,0.0
546,태경케미컬,2.0,3.0,2.0,1.0,1.0,6890.0,KOSPI,화학,157180000000.0,1.0,-1.0,-1.0,0.0
547,태광산업,4.0,5.0,2.0,2.0,2.0,3240.0,KOSPI,화학,702555000000.0,1.0,-3.0,0.0,0.0
548,태림포장,2.0,2.0,4.0,5.0,5.0,11280.0,KOSPI,종이목재,199673000000.0,0.0,2.0,1.0,0.0
549,태양금속,3.0,2.0,1.0,2.0,2.0,4100.0,KOSPI,운수장비,72188900000.0,-1.0,-1.0,1.0,0.0
550,태영건설,3.0,3.0,3.0,5.0,5.0,9410.0,KOSPI,건설업,89856916380.0,0.0,0.0,2.0,0.0
551,태원물산,2.0,2.0,1.0,1.0,1.0,1420.0,KOSPI,운수장비,31464000000.0,0.0,-1.0,0.0,0.0
552,TP,4.0,4.0,3.0,2.0,2.0,7980.0,KOSPI,섬유의복,85001890930.0,0.0,-1.0,-1.0,0.0
553,텔코웨어,3.0,2.0,1.0,1.0,1.0,78000.0,KOSPI,서비스업,99452736500.0,-1.0,-1.0,0.0,0.0
554,TBH글로벌,3.0,4.0,1.0,1.0,1.0,84870.0,KOSPI,섬유의복,36979140087.0,1.0,-3.0,0.0,0.0
555,티에이치엔,3.0,3.0,2.0,3.0,3.0,19180.0,KOSPI,전기전자,63900000000.0,0.0,-1.0,1.0,0.0
556,파미셀,2.0,3.0,1.0,1.0,1.0,5690.0,KOSPI,의약품,340296000000.0,1.0,-2.0,0.0,0.0
557,팜스코,4.0,5.0,5.0,5.0,5.0,36580.0,KOSPI,음식료품,106327000000.0,1.0,0.0,0.0,0.0
558,팬오션,3.0,1.0,4.0,5.0,5.0,28670.0,KOSPI,운수창고업,2205100000000.0,-2.0,3.0,1.0,0.0
559,퍼스텍,3.0,2.0,1.0,2.0,2.0,10820.0,KOSPI,기계,163630000000.0,-1.0,-1.0,1.0,0.0
560,퍼시스,3.0,4.0,2.0,2.0,2.0,16800.0,KOSPI,기타제조업,407100000000.0,1.0,-2.0,0.0,0.0
561,페이퍼코리아,3.0,2.0,1.0,2.0,2.0,1020.0,KOSPI,종이목재,150574000000.0,-1.0,-1.0,1.0,0.0
562,평화산업,3.0,2.0,2.0,2.0,2.0,90080.0,KOSPI,운수장비,61490530080.0,-1.0,0.0,0.0,0.0
563,평화홀딩스,3.0,2.0,1.0,2.0,2.0,10770.0,KOSPI,운수장비,43876398000.0,-1.0,-1.0,1.0,0.0
564,POSCO홀딩스,3.0,4.0,5.0,6.0,6.0,5490.0,KOSPI,철강금속,33405600000000.0,1.0,1.0,1.0,0.0
565,포스코스틸리온,6.0,6.0,6.0,6.0,6.0,58430.0,KOSPI,철강금속,279300000000.0,0.0,0.0,0.0,0.0
566,포스코인터내셔널,6.0,6.0,6.0,6.0,6.0,47050.0,KOSPI,유통업,7890140000000.0,0.0,0.0,0.0,0.0
567,풀무원,6.0,6.0,6.0,6.0,6.0,17810.0,KOSPI,음식료품,470026000000.0,0.0,0.0,0.0,0.0
568,풍산,5.0,5.0,4.0,4.0,4.0,103140.0,KOSPI,철강금속,1670250000000.0,0.0,-1.0,0.0,0.0
569,풍산홀딩스,4.0,5.0,4.0,4.0,4.0,5810.0,KOSPI,기타금융,418822000000.0,1.0,-1.0,0.0,0.0
570,KH필룩스,3.0,3.0,2.0,2.0,2.0,33180.0,KOSPI,전기전자,120579000000.0,0.0,-1.0,0.0,0.0
571,하나금융지주,5.0,6.0,6.0,6.0,6.0,86790.0,KOSPI,기타금융,16664300000000.0,1.0,0.0,0.0,0.0
572,BNK금융지주,6.0,6.0,5.0,6.0,6.0,138930.0,KOSPI,기타금융,2589590000000.0,0.0,-1.0,1.0,0.0
573,DGB금융지주,6.0,6.0,6.0,6.0,6.0,139130.0,KOSPI,기타금융,1400530000000.0,0.0,0.0,0.0,0.0
574,KC코트렐,3.0,2.0,1.0,1.0,1.0,119650.0,KOSPI,기계,79395600889.0,-1.0,-1.0,0.0,0.0
575,KTcs,4.0,5.0,5.0,5.0,5.0,58850.0,KOSPI,서비스업,134244000000.0,1.0,0.0,0.0,0.0
576,금호타이어,2.0,5.0,5.0,6.0,6.0,73240.0,KOSPI,화학,1835590000000.0,3.0,0.0,1.0,0.0
577,대성산업,3.0,2.0,2.0,1.0,1.0,128820.0,KOSPI,유통업,169633000000.0,-1.0,0.0,-1.0,0.0
578,대성에너지,4.0,3.0,3.0,2.0,2.0,117580.0,KOSPI,전기가스업,244750000000.0,-1.0,0.0,-1.0,0.0
579,도화엔지니어링,3.0,3.0,2.0,3.0,3.0,2150.0,KOSPI,서비스업,251214000000.0,0.0,-1.0,1.0,0.0
580,한화엔진,5.0,5.0,5.0,5.0,5.0,82740.0,KOSPI,기계,959642000000.0,0.0,0.0,0.0,0.0
581,락앤락,4.0,2.0,4.0,2.0,2.0,115390.0,KOSPI,화학,376073000000.0,-2.0,2.0,-2.0,0.0
582,롯데하이마트,6.0,6.0,6.0,6.0,6.0,71840.0,KOSPI,유통업,217899000000.0,0.0,0.0,0.0,0.0
583,무학,2.0,3.0,2.0,1.0,1.0,33920.0,KOSPI,음식료품,145065000000.0,1.0,-1.0,-1.0,0.0
584,벽산,3.0,3.0,2.0,4.0,4.0,7210.0,KOSPI,비금속광물,143903000000.0,0.0,-1.0,2.0,0.0
585,삼부토건,3.0,1.0,1.0,2.0,2.0,1470.0,KOSPI,건설업,344177000000.0,-2.0,0.0,1.0,0.0
586,삼성생명,5.0,6.0,6.0,6.0,6.0,32830.0,KOSPI,보험,16840000000000.0,1.0,0.0,0.0,0.0
587,삼양사,4.0,5.0,5.0,5.0,5.0,145990.0,KOSPI,음식료품,503296000000.0,1.0,0.0,0.0,0.0
588,삼원강재,2.0,1.0,1.0,3.0,3.0,23000.0,KOSPI,운수장비,109600000000.0,-1.0,0.0,2.0,0.0
589,세아특수강,2.0,4.0,4.0,5.0,5.0,19440.0,KOSPI,철강금속,116381000000.0,2.0,0.0,1.0,0.0
590,신세계인터내셔날,5.0,5.0,4.0,5.0,5.0,31430.0,KOSPI,유통업,637245000000.0,0.0,-1.0,1.0,0.0
591,신세계푸드,4.0,5.0,4.0,5.0,5.0,31440.0,KOSPI,서비스업,132439000000.0,1.0,-1.0,1.0,0.0
592,아이마켓코리아,3.0,4.0,4.0,4.0,4.0,122900.0,KOSPI,유통업,280468000000.0,1.0,0.0,0.0,0.0
593,인바이오젠,3.0,2.0,1.0,1.0,1.0,101140.0,KOSPI,유통업,93812977440.0,-1.0,-1.0,0.0,0.0
594,SJM,3.0,3.0,2.0,2.0,2.0,123700.0,KOSPI,운수장비,54461094020.0,0.0,-1.0,0.0,0.0
595,에이블씨엔씨,3.0,4.0,3.0,3.0,3.0,78520.0,KOSPI,화학,169612000000.0,1.0,-1.0,0.0,0.0
596,영흥,3.0,3.0,1.0,2.0,2.0,12160.0,KOSPI,철강금속,50047323768.0,0.0,-2.0,1.0,0.0
597,우진,3.0,2.0,2.0,2.0,2.0,105840.0,KOSPI,의료정밀,167873000000.0,-1.0,0.0,0.0,0.0
598,유니켐,2.0,2.0,1.0,2.0,2.0,11330.0,KOSPI,기타제조업,159327000000.0,0.0,-1.0,1.0,0.0
599,이마트,6.0,5.0,5.0,4.0,4.0,139480.0,KOSPI,유통업,1714360000000.0,-1.0,0.0,-1.0,0.0
600,이연제약,3.0,3.0,1.0,1.0,1.0,102460.0,KOSPI,의약품,247948000000.0,0.0,-2.0,0.0,0.0
601,롯데에너지머티리얼즈,2.0,2.0,1.0,3.0,3.0,20150.0,KOSPI,전기전자,2051930000000.0,0.0,-1.0,2.0,0.0
602,조선선재,2.0,2.0,1.0,1.0,1.0,120030.0,KOSPI,기계,122747000000.0,0.0,-1.0,0.0,0.0
603,지역난방공사,6.0,6.0,6.0,6.0,6.0,71320.0,KOSPI,전기가스업,470097000000.0,0.0,0.0,0.0,0.0
604,KTis,4.0,6.0,4.0,5.0,5.0,58860.0,KOSPI,서비스업,98315650000.0,2.0,-2.0,1.0,0.0
605,스카이라이프,4.0,5.0,6.0,5.0,5.0,53210.0,KOSPI,서비스업,257574000000.0,1.0,1.0,-1.0,0.0
606,코오롱인더,4.0,5.0,5.0,6.0,6.0,120110.0,KOSPI,화학,983808000000.0,1.0,0.0,1.0,0.0
607,코오롱플라스틱,4.0,4.0,3.0,3.0,3.0,138490.0,KOSPI,화학,267140000000.0,0.0,-1.0,0.0,0.0
608,티웨이홀딩스,3.0,1.0,2.0,2.0,2.0,4870.0,KOSPI,비금속광물,47993027990.0,-2.0,1.0,0.0,0.0
609,하나투어,3.0,5.0,4.0,5.0,5.0,39130.0,KOSPI,서비스업,936688000000.0,2.0,-1.0,1.0,0.0
610,한국항공우주,6.0,6.0,5.0,5.0,5.0,47810.0,KOSPI,운수장비,4883500000000.0,0.0,-1.0,0.0,0.0
611,한국화장품,4.0,3.0,2.0,2.0,2.0,123690.0,KOSPI,유통업,107495000000.0,-1.0,-1.0,0.0,0.0
612,HL홀딩스,4.0,6.0,5.0,6.0,6.0,60980.0,KOSPI,기타금융,343726000000.0,2.0,-1.0,1.0,0.0
613,한미약품,6.0,6.0,6.0,5.0,5.0,128940.0,KOSPI,의약품,4016250000000.0,0.0,0.0,-1.0,0.0
614,한세엠케이,2.0,2.0,3.0,4.0,4.0,69640.0,KOSPI,유통업,64277381770.0,0.0,1.0,1.0,0.0
615,한전산업,4.0,4.0,3.0,1.0,1.0,130660.0,KOSPI,서비스업,230156000000.0,0.0,-1.0,-2.0,0.0
616,한화생명,6.0,6.0,6.0,6.0,6.0,88350.0,KOSPI,보험,2410170000000.0,0.0,0.0,0.0,0.0
617,현대위아,6.0,6.0,5.0,6.0,6.0,11210.0,KOSPI,운수장비,1558280000000.0,0.0,-1.0,1.0,0.0
618,현대홈쇼핑,5.0,6.0,6.0,6.0,6.0,57050.0,KOSPI,유통업,684000000000.0,1.0,0.0,0.0,0.0
619,휠라홀딩스,4.0,6.0,5.0,5.0,5.0,81660.0,KOSPI,유통업,2460460000000.0,2.0,-1.0,0.0,0.0
620,GS리테일,3.0,5.0,5.0,5.0,5.0,7070.0,KOSPI,유통업,2043050000000.0,2.0,0.0,0.0,0.0
621,메리츠금융지주,4.0,4.0,2.0,5.0,5.0,138040.0,KOSPI,기타금융,15456900000000.0,0.0,-2.0,3.0,0.0
622,미원화학,2.0,2.0,1.0,2.0,2.0,134380.0,KOSPI,화학,155488000000.0,0.0,-1.0,1.0,0.0
623,선진,3.0,5.0,4.0,3.0,3.0,136490.0,KOSPI,음식료품,176920000000.0,2.0,-1.0,-1.0,0.0
624,인터지스,3.0,2.0,3.0,2.0,2.0,129260.0,KOSPI,운수창고업,68122631460.0,-1.0,1.0,-1.0,0.0
625,제주은행,5.0,6.0,5.0,5.0,5.0,6220.0,KOSPI,은행,491892000000.0,1.0,-1.0,0.0,0.0
626,시디즈,2.0,2.0,2.0,1.0,1.0,134790.0,KOSPI,기타제조업,59000000000.0,0.0,0.0,-1.0,0.0
627,한국종합기술,2.0,2.0,2.0,2.0,2.0,23350.0,KOSPI,서비스업,59349000000.0,0.0,0.0,0.0,0.0
628,LG헬로비전,4.0,5.0,5.0,6.0,6.0,37560.0,KOSPI,서비스업,254413000000.0,1.0,0.0,1.0,0.0
629,대한해운,3.0,3.0,4.0,4.0,4.0,5880.0,KOSPI,운수창고업,576754000000.0,0.0,1.0,0.0,0.0
630,동일고무벨트,4.0,4.0,4.0,5.0,5.0,163560.0,KOSPI,화학,111339000000.0,0.0,0.0,1.0,0.0
631,사조씨푸드,3.0,4.0,3.0,4.0,4.0,14710.0,KOSPI,음식료품,58198675340.0,1.0,-1.0,1.0,0.0
632,애경케미칼,2.0,2.0,5.0,5.0,5.0,161000.0,KOSPI,화학,586217000000.0,0.0,3.0,0.0,0.0
633,지엠비코리아,3.0,2.0,2.0,2.0,2.0,13870.0,KOSPI,운수장비,80771105800.0,-1.0,0.0,0.0,0.0
634,한국콜마,4.0,5.0,4.0,6.0,6.0,161890.0,KOSPI,화학,1156650000000.0,1.0,-1.0,2.0,0.0
635,한국타이어앤테크놀로지,5.0,5.0,5.0,6.0,6.0,161390.0,KOSPI,화학,7209530000000.0,0.0,0.0,1.0,0.0
636,휴비스,4.0,6.0,5.0,6.0,6.0,79980.0,KOSPI,화학,127650000000.0,2.0,-1.0,1.0,0.0
637,DSR,3.0,3.0,2.0,2.0,2.0,155660.0,KOSPI,철강금속,66160000000.0,0.0,-1.0,0.0,0.0
638,JB금융지주,5.0,6.0,6.0,5.0,5.0,175330.0,KOSPI,기타금융,2450240000000.0,1.0,0.0,-1.0,0.0
639,NHN,4.0,5.0,5.0,6.0,6.0,181710.0,KOSPI,서비스업,771556000000.0,1.0,0.0,1.0,0.0
640,동아에스티,4.0,6.0,5.0,6.0,6.0,170900.0,KOSPI,의약품,611349000000.0,2.0,-1.0,1.0,0.0
641,한진칼,3.0,5.0,5.0,6.0,6.0,180640.0,KOSPI,운수창고업,3925620000000.0,2.0,0.0,1.0,0.0
642,현대로템,5.0,6.0,6.0,6.0,6.0,64350.0,KOSPI,운수장비,4376610000000.0,1.0,0.0,0.0,0.0
643,신송홀딩스,3.0,2.0,1.0,1.0,1.0,6880.0,KOSPI,유통업,88479857840.0,-1.0,-1.0,0.0,0.0
644,아세아시멘트,4.0,4.0,4.0,5.0,5.0,183190.0,KOSPI,비금속광물,386944000000.0,0.0,0.0,1.0,0.0
645,종근당,4.0,6.0,5.0,5.0,5.0,185750.0,KOSPI,의약품,1343790000000.0,2.0,-1.0,0.0,0.0
646,AJ네트웍스,3.0,3.0,4.0,5.0,5.0,95570.0,KOSPI,서비스업,213593000000.0,0.0,1.0,1.0,0.0
647,BGF,5.0,6.0,6.0,6.0,6.0,27410.0,KOSPI,기타금융,351281000000.0,1.0,0.0,0.0,0.0
648,디와이파워,3.0,2.0,1.0,1.0,1.0,210540.0,KOSPI,기계,141223000000.0,-1.0,-1.0,0.0,0.0
649,HL만도,6.0,6.0,5.0,6.0,6.0,204320.0,KOSPI,운수장비,1537850000000.0,0.0,-1.0,1.0,0.0
650,미래에셋생명,4.0,6.0,5.0,4.0,4.0,85620.0,KOSPI,보험,873575000000.0,2.0,-1.0,-1.0,0.0
651,코스맥스,4.0,5.0,5.0,5.0,5.0,192820.0,KOSPI,화학,1503810000000.0,1.0,0.0,0.0,0.0
652,쿠쿠홀딩스,3.0,2.0,1.0,2.0,2.0,192400.0,KOSPI,기타금융,663946000000.0,-1.0,-1.0,1.0,0.0
653,화인베스틸,2.0,2.0,1.0,2.0,2.0,133820.0,KOSPI,철강금속,39796518338.0,0.0,-1.0,1.0,0.0
654,삼성에스디에스,6.0,6.0,6.0,6.0,6.0,18260.0,KOSPI,서비스업,11676300000000.0,0.0,0.0,0.0,0.0
655,서연이화,4.0,5.0,5.0,5.0,5.0,200880.0,KOSPI,운수장비,480836000000.0,1.0,0.0,0.0,0.0
656,씨에스윈드,2.0,2.0,3.0,4.0,4.0,112610.0,KOSPI,기계,2146520000000.0,0.0,1.0,1.0,0.0
657,JW생명과학,4.0,4.0,4.0,5.0,5.0,234080.0,KOSPI,의약품,193657000000.0,0.0,0.0,1.0,0.0
658,LIG넥스원,5.0,6.0,6.0,6.0,6.0,79550.0,KOSPI,기계,3489200000000.0,1.0,0.0,0.0,0.0
659,LS에코에너지,2.0,2.0,1.0,2.0,2.0,229640.0,KOSPI,기타금융,600248000000.0,0.0,-1.0,1.0,0.0
660,SK디앤디,3.0,6.0,5.0,6.0,6.0,210980.0,KOSPI,서비스업,199643000000.0,3.0,-1.0,1.0,0.0
661,경보제약,3.0,5.0,5.0,5.0,5.0,214390.0,KOSPI,의약품,177867000000.0,2.0,0.0,0.0,0.0
662,금호에이치티,2.0,2.0,1.0,2.0,2.0,214330.0,KOSPI,운수장비,128776000000.0,0.0,-1.0,1.0,0.0
663,삼일씨엔에스,3.0,3.0,1.0,1.0,1.0,4440.0,KOSPI,비금속광물,56084226535.0,0.0,-2.0,0.0,0.0
664,동서,3.0,2.0,2.0,2.0,2.0,26960.0,KOSPI,유통업,1847440000000.0,-1.0,0.0,0.0,0.0
665,동일제강,2.0,2.0,1.0,1.0,1.0,2690.0,KOSPI,철강금속,36682750520.0,0.0,-1.0,0.0,0.0
666,두산밥캣,5.0,5.0,5.0,5.0,5.0,241560.0,KOSPI,기계,5363330000000.0,0.0,0.0,0.0,0.0
667,두올,3.0,3.0,2.0,3.0,3.0,16740.0,KOSPI,운수장비,117883000000.0,0.0,-1.0,1.0,0.0
668,삼성바이오로직스,5.0,6.0,6.0,5.0,5.0,207940.0,KOSPI,의약품,57081500000000.0,1.0,0.0,-1.0,0.0
669,샘표식품,4.0,4.0,2.0,3.0,3.0,248170.0,KOSPI,음식료품,126998000000.0,0.0,-2.0,1.0,0.0
670,세진중공업,4.0,2.0,1.0,1.0,1.0,75580.0,KOSPI,운수장비,400789000000.0,-2.0,-1.0,0.0,0.0
671,다이나믹디자인,2.0,2.0,1.0,1.0,1.0,145210.0,KOSPI,기계,120070000000.0,0.0,-1.0,0.0,0.0
672,HDC랩스,2.0,3.0,1.0,1.0,1.0,39570.0,KOSPI,건설업,209997000000.0,1.0,-2.0,0.0,0.0
673,용평리조트,3.0,2.0,1.0,1.0,1.0,70960.0,KOSPI,서비스업,134292000000.0,-1.0,-1.0,0.0,0.0
674,이노션,5.0,5.0,5.0,5.0,5.0,214320.0,KOSPI,서비스업,876000000000.0,0.0,0.0,0.0,0.0
675,일동제약,6.0,5.0,6.0,6.0,6.0,249420.0,KOSPI,의약품,416167000000.0,-1.0,1.0,0.0,0.0
676,잇츠한불,3.0,3.0,2.0,2.0,2.0,226320.0,KOSPI,화학,260520000000.0,0.0,-1.0,0.0,0.0
677,제이에스코퍼레이션,2.0,2.0,1.0,1.0,1.0,194370.0,KOSPI,기타제조업,248976000000.0,0.0,-1.0,0.0,0.0
678,제주항공,4.0,4.0,4.0,6.0,6.0,89590.0,KOSPI,운수창고업,874955000000.0,0.0,0.0,2.0,0.0
679,토니모리,2.0,2.0,1.0,1.0,1.0,214420.0,KOSPI,화학,195084000000.0,0.0,-1.0,0.0,0.0
680,한국자산신탁,3.0,4.0,1.0,2.0,2.0,123890.0,KOSPI,기타금융,380612000000.0,1.0,-3.0,1.0,0.0
681,한국토지신탁,3.0,2.0,2.0,2.0,2.0,34830.0,KOSPI,기타금융,254004000000.0,-1.0,0.0,0.0,0.0
682,한솔제지,5.0,5.0,5.0,5.0,5.0,213500.0,KOSPI,종이목재,243956000000.0,0.0,0.0,0.0,0.0
683,해성디에스,5.0,6.0,5.0,6.0,6.0,195870.0,KOSPI,전기전자,802400000000.0,1.0,-1.0,1.0,0.0
684,해태제과식품,4.0,4.0,3.0,2.0,2.0,101530.0,KOSPI,음식료품,153154000000.0,0.0,-1.0,-1.0,0.0
685,핸즈코퍼레이션,3.0,3.0,3.0,3.0,3.0,143210.0,KOSPI,운수장비,61470849070.0,0.0,0.0,0.0,0.0
686,현대코퍼레이션홀딩스,2.0,5.0,3.0,4.0,4.0,227840.0,KOSPI,유통업,98380037160.0,3.0,-2.0,1.0,0.0
687,화승엔터프라이즈,3.0,4.0,3.0,4.0,4.0,241590.0,KOSPI,기타제조업,553786000000.0,1.0,-1.0,1.0,0.0
688,셀트리온,3.0,4.0,4.0,6.0,6.0,68270.0,KOSPI,의약품,38965500000000.0,1.0,0.0,2.0,0.0
689,카카오,6.0,6.0,5.0,6.0,6.0,35720.0,KOSPI,서비스업,21817000000000.0,0.0,-1.0,1.0,0.0
690,HDC,4.0,4.0,3.0,5.0,5.0,12630.0,KOSPI,기타금융,523935000000.0,0.0,-1.0,2.0,0.0
691,BGF리테일,4.0,6.0,6.0,6.0,6.0,282330.0,KOSPI,유통업,2231350000000.0,2.0,0.0,0.0,0.0
692,F&F홀딩스,2.0,5.0,4.0,6.0,6.0,7700.0,KOSPI,기타금융,574590000000.0,3.0,-1.0,2.0,0.0
693,HD한국조선해양,2.0,4.0,5.0,6.0,6.0,9540.0,KOSPI,기타금융,8443230000000.0,2.0,1.0,1.0,0.0
694,HD현대,5.0,6.0,5.0,6.0,6.0,267250.0,KOSPI,기타금융,4929170000000.0,1.0,-1.0,1.0,0.0
695,HD현대건설기계,5.0,6.0,5.0,6.0,6.0,267270.0,KOSPI,기계,1020500000000.0,1.0,-1.0,1.0,0.0
696,HD현대일렉트릭,6.0,6.0,5.0,6.0,6.0,267260.0,KOSPI,전기전자,8200720000000.0,0.0,-1.0,1.0,0.0
697,LX세미콘,4.0,4.0,6.0,5.0,5.0,108320.0,KOSPI,전기전자,1244220000000.0,0.0,2.0,-1.0,0.0
698,LX인터내셔널,6.0,6.0,5.0,6.0,6.0,1120.0,KOSPI,유통업,1025200000000.0,0.0,-1.0,1.0,0.0
699,OCI홀딩스,6.0,6.0,5.0,5.0,5.0,10060.0,KOSPI,화학,1825340000000.0,0.0,-1.0,0.0,0.0
700,SK케미칼,5.0,6.0,6.0,6.0,6.0,285130.0,KOSPI,화학,1009350000000.0,1.0,0.0,0.0,0.0
701,경동도시가스,5.0,5.0,4.0,4.0,4.0,267290.0,KOSPI,전기가스업,114017000000.0,0.0,-1.0,0.0,0.0
702,넷마블,4.0,4.0,4.0,5.0,5.0,251270.0,KOSPI,서비스업,5036880000000.0,0.0,0.0,1.0,0.0
703,대덕,5.0,5.0,5.0,5.0,5.0,8060.0,KOSPI,기타금융,207747000000.0,0.0,0.0,0.0,0.0
704,더블유게임즈,4.0,4.0,2.0,2.0,2.0,192080.0,KOSPI,서비스업,900678000000.0,0.0,-2.0,0.0,0.0
705,덴티움,2.0,3.0,2.0,1.0,1.0,145720.0,KOSPI,의료정밀,1516430000000.0,1.0,-1.0,-1.0,0.0
706,동국홀딩스,4.0,3.0,3.0,5.0,5.0,1230.0,KOSPI,철강금속,263944000000.0,-1.0,0.0,2.0,0.0
707,동아타이어,3.0,2.0,1.0,1.0,1.0,282690.0,KOSPI,화학,163972000000.0,-1.0,-1.0,0.0,0.0
708,동양피스톤,3.0,2.0,3.0,3.0,3.0,92780.0,KOSPI,운수장비,60377389100.0,-1.0,1.0,0.0,0.0
709,롯데웰푸드,6.0,5.0,5.0,5.0,5.0,280360.0,KOSPI,음식료품,1246310000000.0,-1.0,0.0,0.0,0.0
710,롯데이노베이트,5.0,5.0,5.0,6.0,6.0,286940.0,KOSPI,서비스업,501151000000.0,0.0,0.0,1.0,0.0
711,미원에스씨,2.0,2.0,2.0,4.0,4.0,268280.0,KOSPI,화학,693500000000.0,0.0,0.0,2.0,0.0
712,비케이탑스,3.0,2.0,1.0,1.0,1.0,30790.0,KOSPI,서비스업,19208323080.0,-1.0,-1.0,0.0,0.0
713,삼양패키징,4.0,4.0,4.0,4.0,4.0,272550.0,KOSPI,화학,273776000000.0,0.0,0.0,0.0,0.0
714,성안머티리얼스,2.0,2.0,1.0,1.0,1.0,11300.0,KOSPI,섬유의복,90870699080.0,0.0,-1.0,0.0,0.0
715,세아제강지주,3.0,4.0,4.0,5.0,5.0,3030.0,KOSPI,기타금융,882173000000.0,1.0,0.0,1.0,0.0
716,CR홀딩스,3.0,3.0,2.0,1.0,1.0,480.0,KOSPI,비금속광물,268683000000.0,0.0,-1.0,-1.0,0.0
717,아시아나IDT,3.0,2.0,2.0,2.0,2.0,267850.0,KOSPI,서비스업,174381000000.0,-1.0,0.0,0.0,0.0
718,애경산업,4.0,6.0,6.0,6.0,6.0,18250.0,KOSPI,화학,530840000000.0,2.0,0.0,0.0,0.0
719,에어부산,4.0,3.0,2.0,3.0,3.0,298690.0,KOSPI,운수창고업,310262000000.0,-1.0,-1.0,1.0,0.0
720,오리온,4.0,5.0,5.0,5.0,5.0,271560.0,KOSPI,음식료품,3657090000000.0,1.0,0.0,0.0,0.0
721,우진아이엔에스,2.0,2.0,1.0,1.0,1.0,10400.0,KOSPI,건설업,33308140000.0,0.0,-1.0,0.0,0.0
722,제일약품,3.0,3.0,1.0,4.0,4.0,271980.0,KOSPI,의약품,244983000000.0,0.0,-2.0,3.0,0.0
723,진에어,4.0,5.0,4.0,5.0,5.0,272450.0,KOSPI,운수창고업,716706000000.0,1.0,-1.0,1.0,0.0
724,케이씨텍,3.0,3.0,2.0,3.0,3.0,281820.0,KOSPI,의료정밀,740585000000.0,0.0,-1.0,1.0,0.0
725,콘텐트리중앙,3.0,3.0,2.0,1.0,1.0,36420.0,KOSPI,서비스업,278148000000.0,0.0,-1.0,-1.0,0.0
726,콜마홀딩스,3.0,4.0,4.0,6.0,6.0,24720.0,KOSPI,기타금융,305922000000.0,1.0,0.0,2.0,0.0
727,쿠쿠홈시스,2.0,2.0,1.0,2.0,2.0,284740.0,KOSPI,서비스업,502596000000.0,0.0,-1.0,1.0,0.0
728,크라운제과,4.0,4.0,3.0,3.0,3.0,264900.0,KOSPI,음식료품,101944000000.0,0.0,-1.0,0.0,0.0
729,테이팩스,4.0,4.0,5.0,5.0,5.0,55490.0,KOSPI,화학,100296000000.0,0.0,1.0,0.0,0.0
730,티웨이항공,3.0,4.0,2.0,2.0,2.0,91810.0,KOSPI,운수창고업,575062000000.0,1.0,-2.0,0.0,0.0
731,포스코퓨처엠,6.0,6.0,5.0,6.0,6.0,3670.0,KOSPI,전기전자,21457300000000.0,0.0,-1.0,1.0,0.0
732,하나제약,3.0,3.0,2.0,2.0,2.0,293480.0,KOSPI,의약품,234603000000.0,0.0,-1.0,0.0,0.0
733,한일홀딩스,4.0,4.0,5.0,6.0,6.0,3300.0,KOSPI,비금속광물,384794000000.0,0.0,1.0,1.0,0.0
734,현대지에프홀딩스,5.0,6.0,5.0,6.0,6.0,5440.0,KOSPI,기타금융,730412000000.0,1.0,-1.0,1.0,0.0
735,호전실업,2.0,2.0,1.0,1.0,1.0,111110.0,KOSPI,섬유의복,72247381440.0,0.0,-1.0,0.0,0.0
736,화승코퍼레이션,3.0,3.0,2.0,3.0,3.0,13520.0,KOSPI,운수장비,87539639748.0,0.0,-1.0,1.0,0.0
737,효성중공업,6.0,6.0,6.0,6.0,6.0,298040.0,KOSPI,전기전자,2582900000000.0,0.0,0.0,0.0,0.0
738,효성첨단소재,6.0,6.0,6.0,6.0,6.0,298050.0,KOSPI,화학,1520940000000.0,0.0,0.0,0.0,0.0
739,효성티앤씨,6.0,6.0,6.0,6.0,6.0,298020.0,KOSPI,화학,1529840000000.0,0.0,0.0,0.0,0.0
740,효성화학,6.0,6.0,6.0,6.0,6.0,298000.0,KOSPI,화학,221063000000.0,0.0,0.0,0.0,0.0
