,종목명,2011통합등급,2012통합등급,2013통합등급,2014통합등급,2015통합등급,2016통합등급,2017통합등급,2018통합등급,종목코드,시장구분,업종명,시가총액,2012-2011통합등급차이,2013-2012통합등급차이,2014-2013통합등급차이,2015-2014통합등급차이,2016-2015통합등급차이,2017-2016통합등급차이,2018-2017통합등급차이
0,AK홀딩스,3,3,3,3,3,3,3,3,6840.0,KOSPI,기타금융,195931000000.0,0,0,0,0,0,0,0
1,BYC,3,3,3,3,3,3,3,3,1460.0,KOSPI,섬유의복,246411000000.0,0,0,0,0,0,0,0
2,CJ,3,3,4,4,4,4,5,5,1040.0,KOSPI,기타금융,3574180000000.0,0,1,0,0,0,1,0
3,CJCGV,3,3,3,3,3,3,3,4,79160.0,KOSPI,서비스업,710106000000.0,0,0,0,0,0,0,1
4,CJ대한통운,4,3,4,4,4,5,4,4,120.0,KOSPI,운수창고업,2817320000000.0,-1,1,0,0,1,-1,0
5,CJ제일제당,4,4,4,4,4,4,5,5,97950.0,KOSPI,음식료품,5223800000000.0,0,0,0,0,0,1,0
6,DB,3,3,3,3,3,3,3,3,12030.0,KOSPI,서비스업,291300000000.0,0,0,0,0,0,0,0
7,DB손해보험,5,4,4,5,5,5,5,4,5830.0,KOSPI,보험,6605640000000.0,-1,0,1,0,0,0,-1
8,DB하이텍,3,3,4,3,3,4,3,4,990.0,KOSPI,전기전자,1818120000000.0,0,1,-1,0,1,-1,1
9,DRB동일,3,3,3,3,3,3,3,3,4840.0,KOSPI,화학,115793000000.0,0,0,0,0,0,0,0
10,DSR제강,3,3,3,3,3,3,3,3,69730.0,KOSPI,철강금속,59616000000.0,0,0,0,0,0,0,0
11,E1,3,3,3,3,3,4,3,3,17940.0,KOSPI,유통업,454818000000.0,0,0,0,0,1,-1,0
12,GS건설,5,5,5,5,4,4,5,4,6360.0,KOSPI,건설업,1258050000000.0,0,0,0,-1,0,1,-1
13,GS글로벌,3,3,3,3,3,3,3,3,1250.0,KOSPI,유통업,198081000000.0,0,0,0,0,0,0,0
14,JW중외제약,3,3,3,3,3,3,3,4,1060.0,KOSPI,의약품,690428000000.0,0,0,0,0,0,0,1
15,JW홀딩스,3,3,3,3,3,3,3,3,96760.0,KOSPI,기타금융,219927000000.0,0,0,0,0,0,0,0
16,KB금융,6,6,6,5,4,6,5,6,105560.0,KOSPI,기타금융,28044000000000.0,0,0,-1,-1,2,-1,1
17,KEC,3,3,3,3,3,3,3,3,92220.0,KOSPI,전기전자,260189000000.0,0,0,0,0,0,0,0
18,KG케미칼,3,3,3,3,3,3,3,3,1390.0,KOSPI,화학,378634000000.0,0,0,0,0,0,0,0
19,KR모터스,3,3,3,3,3,3,3,3,40.0,KOSPI,운수장비,31696560384.0,0,0,0,0,0,0,0
20,KSS해운,3,3,3,3,3,4,4,3,44450.0,KOSPI,운수창고업,187457000000.0,0,0,0,0,1,0,-1
21,LF,3,3,3,3,3,3,3,3,93050.0,KOSPI,섬유의복,437138000000.0,0,0,0,0,0,0,0
22,LG,3,3,4,4,4,4,4,4,3550.0,KOSPI,기타금융,12426800000000.0,0,1,0,0,0,0,0
23,LG디스플레이,4,4,4,5,4,4,5,5,34220.0,KOSPI,전기전자,5065000000000.0,0,0,1,-1,0,1,0
24,LG생활건강,5,5,5,5,5,5,5,5,51900.0,KOSPI,화학,5973960000000.0,0,0,0,0,0,0,0
25,LG유플러스,3,3,4,5,4,4,4,4,32640.0,KOSPI,통신업,4243860000000.0,0,1,1,-1,0,0,0
26,LG이노텍,5,5,5,5,5,5,5,5,11070.0,KOSPI,전기전자,4366580000000.0,0,0,0,0,0,0,0
27,LG전자,5,5,5,5,4,5,4,4,66570.0,KOSPI,전기전자,15055600000000.0,0,0,0,-1,1,-1,0
28,LX하우시스,3,4,5,5,4,5,5,5,108670.0,KOSPI,화학,352878000000.0,1,1,0,-1,1,0,0
29,LG화학,5,5,5,5,4,4,5,5,51910.0,KOSPI,화학,26683900000000.0,0,0,0,-1,0,1,0
30,LS,3,3,3,3,3,3,3,3,6260.0,KOSPI,기타금융,4079740000000.0,0,0,0,0,0,0,0
31,LS네트웍스,3,3,3,3,3,3,3,3,680.0,KOSPI,유통업,344369000000.0,0,0,0,0,0,0,0
32,LSELECTRIC,3,4,4,4,4,5,4,4,10120.0,KOSPI,전기전자,4758000000000.0,1,0,0,0,1,-1,0
33,NAVER,4,4,4,4,3,4,4,4,35420.0,KOSPI,서비스업,29379700000000.0,0,0,0,-1,1,0,0
34,NH투자증권,4,5,4,4,4,4,4,4,5940.0,KOSPI,증권,3853960000000.0,1,-1,0,0,0,0,0
35,OCI,5,5,5,4,4,4,5,5,456040.0,KOSPI,화학,748013000000.0,0,0,-1,0,0,1,0
36,SNT에너지,3,3,3,3,3,3,3,3,100840.0,KOSPI,기계,76193116650.0,0,0,0,0,0,0,0
37,SNT모티브,3,3,3,3,3,3,4,3,64960.0,KOSPI,운수장비,666084000000.0,0,0,0,0,0,1,-1
38,SNT다이내믹스,3,3,3,3,3,3,4,3,3570.0,KOSPI,운수장비,540356000000.0,0,0,0,0,0,1,-1
39,SNT홀딩스,3,3,3,3,3,3,3,3,36530.0,KOSPI,기타금융,366837000000.0,0,0,0,0,0,0,0
40,S-Oil,5,5,6,6,5,6,6,6,10950.0,KOSPI,화학,8567550000000.0,0,1,0,-1,1,0,0
41,SG세계물산,3,3,3,3,3,3,3,3,4060.0,KOSPI,유통업,82791808640.0,0,0,0,0,0,0,0
42,SH에너지화학,3,3,3,3,3,3,3,3,2360.0,KOSPI,화학,71236720930.0,0,0,0,0,0,0,0
43,SIMPAC,3,3,3,3,3,3,3,3,9160.0,KOSPI,철강금속,287236000000.0,0,0,0,0,0,0,0
44,SK,3,5,5,5,5,5,6,6,34730.0,KOSPI,기타금융,11865400000000.0,2,0,0,0,0,1,0
45,SKC,5,5,5,5,5,4,4,4,11790.0,KOSPI,화학,4161730000000.0,0,0,0,0,-1,0,0
46,SK가스,3,3,4,4,3,3,3,4,18670.0,KOSPI,유통업,1426070000000.0,0,1,0,-1,0,0,1
47,SK네트웍스,6,4,4,4,3,4,4,5,1740.0,KOSPI,유통업,1199330000000.0,-2,0,0,-1,1,0,1
48,SK이노베이션,5,5,4,4,5,5,4,5,96770.0,KOSPI,화학,10588400000000.0,0,-1,0,1,0,-1,1
49,SK증권,4,4,3,3,3,4,4,3,1510.0,KOSPI,증권,281664000000.0,0,-1,0,0,1,0,-1
50,SK텔레콤,6,5,5,5,5,5,5,6,17670.0,KOSPI,통신업,10954300000000.0,-1,0,0,0,0,0,1
51,SK하이닉스,6,6,5,4,4,4,5,5,660.0,KOSPI,전기전자,124925000000000.0,0,-1,-1,0,0,1,0
52,SPC삼립,3,3,3,3,3,3,3,4,5610.0,KOSPI,음식료품,508249000000.0,0,0,0,0,0,0,1
53,TCC스틸,3,3,3,3,3,3,3,3,2710.0,KOSPI,철강금속,1420780000000.0,0,0,0,0,0,0,0
54,WISCOM,3,3,3,3,3,3,3,3,24070.0,KOSPI,화학,36706819010.0,0,0,0,0,0,0,0
55,강원랜드,3,4,4,4,4,5,4,4,35250.0,KOSPI,서비스업,3209110000000.0,1,0,0,0,1,-1,0
56,경농,3,3,3,3,3,3,3,3,2100.0,KOSPI,화학,191712000000.0,0,0,0,0,0,0,0
57,경동나비엔,3,3,3,3,3,3,3,4,9450.0,KOSPI,전기전자,789618000000.0,0,0,0,0,0,0,1
58,경동인베스트,3,3,3,3,3,3,3,3,12320.0,KOSPI,기타금융,165552000000.0,0,0,0,0,0,0,0
59,경방,3,3,3,3,3,3,3,3,50.0,KOSPI,유통업,210001000000.0,0,0,0,0,0,0,0
60,경인양행,3,3,3,3,3,3,3,3,12610.0,KOSPI,화학,137542000000.0,0,0,0,0,0,0,0
61,계룡건설,3,4,3,3,3,4,3,3,13580.0,KOSPI,건설업,117888000000.0,1,-1,0,0,1,-1,0
62,계양전기,3,3,3,3,3,3,3,3,12200.0,KOSPI,기계,50062782531.0,0,0,0,0,0,0,0
63,고려산업,3,3,3,3,3,3,3,3,2140.0,KOSPI,음식료품,78434491625.0,0,0,0,0,0,0,0
64,고려아연,3,4,3,4,4,3,3,3,10130.0,KOSPI,철강금속,9847940000000.0,1,-1,1,0,-1,0,0
65,고려제강,3,3,3,3,3,3,3,3,2240.0,KOSPI,철강금속,511250000000.0,0,0,0,0,0,0,0
66,광동제약,3,3,3,3,3,3,3,3,9290.0,KOSPI,의약품,354365000000.0,0,0,0,0,0,0,0
67,광주신세계,4,3,3,3,3,3,3,3,37710.0,KOSPI,유통업,245479000000.0,-1,0,0,0,0,0,0
68,교보증권,4,3,3,3,4,4,4,3,30610.0,KOSPI,증권,562977000000.0,-1,0,0,1,0,0,-1
69,국도화학,3,3,3,3,3,3,3,3,7690.0,KOSPI,화학,312668000000.0,0,0,0,0,0,0,0
70,국동,3,3,3,3,3,3,3,3,5320.0,KOSPI,유통업,40384171685.0,0,0,0,0,0,0,0
71,국보,3,3,3,3,3,3,3,3,1140.0,KOSPI,운수창고업,32447620090.0,0,0,0,0,0,0,0
72,국제약품,3,3,3,3,3,3,3,3,2720.0,KOSPI,의약품,106434000000.0,0,0,0,0,0,0,0
73,극동유화,3,3,3,3,3,3,3,3,14530.0,KOSPI,화학,139652000000.0,0,0,0,0,0,0,0
74,금강공업,3,3,3,3,3,3,3,3,14280.0,KOSPI,철강금속,156325000000.0,0,0,0,0,0,0,0
75,금호건설,4,3,3,4,3,3,3,3,2990.0,KOSPI,건설업,155205000000.0,-1,0,1,-1,0,0,0
76,금호석유,5,4,4,4,3,4,4,3,11780.0,KOSPI,화학,3406510000000.0,-1,0,0,-1,1,0,-1
77,금호전기,3,3,3,3,3,3,3,3,1210.0,KOSPI,전기전자,27295981353.0,0,0,0,0,0,0,0
78,기신정기,3,3,3,3,3,3,3,3,92440.0,KOSPI,기계,87600000000.0,0,0,0,0,0,0,0
79,기아,5,5,4,4,4,4,3,3,270.0,KOSPI,운수장비,46275300000000.0,0,-1,0,0,0,-1,0
80,기업은행,4,3,4,4,4,4,4,4,24110.0,KOSPI,은행,10876900000000.0,-1,1,0,0,0,0,0
81,까뮤이앤씨,3,3,3,3,3,3,3,3,13700.0,KOSPI,건설업,70753622760.0,0,0,0,0,0,0,0
82,깨끗한나라,3,3,3,3,3,3,3,3,4540.0,KOSPI,종이목재,82115728065.0,0,0,0,0,0,0,0
83,이엔플러스,3,3,3,3,3,3,3,3,74610.0,KOSPI,기계,210769000000.0,0,0,0,0,0,0,0
84,비비안,3,3,3,3,3,3,3,3,2070.0,KOSPI,섬유의복,30121723890.0,0,0,0,0,0,0,0
85,남해화학,3,3,3,3,3,3,3,3,25860.0,KOSPI,화학,356694000000.0,0,0,0,0,0,0,0
86,넥센,3,3,3,3,3,3,3,3,5720.0,KOSPI,화학,223278000000.0,0,0,0,0,0,0,0
87,넥센타이어,3,3,3,3,3,4,3,3,2350.0,KOSPI,화학,899521000000.0,0,0,0,0,1,-1,0
88,노루페인트,3,3,3,3,3,3,3,3,90350.0,KOSPI,화학,181400000000.0,0,0,0,0,0,0,0
89,녹십자,3,3,3,3,3,3,3,4,6280.0,KOSPI,의약품,1308890000000.0,0,0,0,0,0,0,1
90,녹십자홀딩스,3,3,3,3,3,3,3,3,5250.0,KOSPI,서비스업,738813000000.0,0,0,0,0,0,0,0
91,농심,3,3,3,3,3,3,3,3,4370.0,KOSPI,음식료품,2405680000000.0,0,0,0,0,0,0,0
92,농심홀딩스,3,3,3,3,3,3,3,3,72710.0,KOSPI,기타금융,304239000000.0,0,0,0,0,0,0,0
93,KIB플러그에너지,3,3,3,3,3,3,3,3,15590.0,KOSPI,기계,103087000000.0,0,0,0,0,0,0,0
94,대교,3,3,3,4,3,4,4,3,19680.0,KOSPI,서비스업,209640000000.0,0,0,1,-1,1,0,-1
95,대구백화점,3,3,3,3,3,3,3,3,6370.0,KOSPI,유통업,78132031420.0,0,0,0,0,0,0,0
96,대덕전자,3,3,4,4,3,3,3,4,353200.0,KOSPI,전기전자,1129180000000.0,0,1,0,-1,0,0,1
97,대동,3,3,3,3,3,3,3,3,490.0,KOSPI,기계,302818000000.0,0,0,0,0,0,0,0
98,DL,5,4,4,5,4,4,3,4,210.0,KOSPI,화학,1058270000000.0,-1,0,1,-1,0,-1,1
99,대림통상,3,3,3,3,3,3,3,3,6570.0,KOSPI,기계,44761500000.0,0,0,0,0,0,0,0
100,대상,3,3,3,3,3,3,3,3,1680.0,KOSPI,음식료품,758792000000.0,0,0,0,0,0,0,0
101,대신증권,3,4,3,3,4,3,3,3,3540.0,KOSPI,증권,767694000000.0,1,-1,0,1,-1,0,0
102,대영포장,3,3,3,3,3,3,3,3,14160.0,KOSPI,종이목재,140371000000.0,0,0,0,0,0,0,0
103,대우건설,3,3,5,3,3,4,5,5,47040.0,KOSPI,건설업,1541960000000.0,0,2,-2,0,1,1,0
104,대우부품,3,3,3,3,3,3,3,3,9320.0,KOSPI,운수장비,68428080760.0,0,0,0,0,0,0,0
105,한화오션,4,4,4,4,4,4,3,3,42660.0,KOSPI,운수장비,9864760000000.0,0,0,0,0,0,-1,0
106,대웅,3,3,3,3,3,3,3,3,3090.0,KOSPI,의약품,1054700000000.0,0,0,0,0,0,0,0
107,대웅제약,4,4,3,3,3,3,3,3,69620.0,KOSPI,의약품,1283790000000.0,0,-1,0,0,0,0,0
108,대원강업,3,3,3,3,3,3,3,4,430.0,KOSPI,운수장비,341000000000.0,0,0,0,0,0,0,1
109,대원제약,3,3,3,3,3,3,3,3,3220.0,KOSPI,의약품,337957000000.0,0,0,0,0,0,0,0
110,대유에이텍,3,3,3,3,3,3,3,3,2880.0,KOSPI,운수장비,54643759380.0,0,0,0,0,0,0,0
111,대유플러스,3,3,3,3,3,3,3,3,300.0,KOSPI,전기전자,30475633069.0,0,0,0,0,0,0,0
112,대창,3,3,3,3,3,3,3,3,12800.0,KOSPI,철강금속,137349000000.0,0,0,0,0,0,0,0
113,대한유화,3,3,3,3,3,3,3,3,6650.0,KOSPI,화학,869050000000.0,0,0,0,0,0,0,0
114,대한제강,4,4,3,3,3,3,3,3,84010.0,KOSPI,철강금속,325928000000.0,0,-1,0,0,0,0,0
115,대한제당,3,3,3,3,3,3,3,3,1790.0,KOSPI,음식료품,278059000000.0,0,0,0,0,0,0,0
116,대한제분,3,3,3,3,3,3,3,3,1130.0,KOSPI,음식료품,221897000000.0,0,0,0,0,0,0,0
117,대한항공,5,5,5,4,3,4,4,3,3490.0,KOSPI,운수창고업,7640580000000.0,0,0,-1,-1,1,0,-1
118,대한화섬,3,3,3,3,3,3,3,3,3830.0,KOSPI,화학,143822000000.0,0,0,0,0,0,0,0
119,하이스틸,3,3,3,3,3,3,3,3,71090.0,KOSPI,철강금속,65824195460.0,0,0,0,0,0,0,0
120,한국가스공사,5,4,4,5,4,4,4,4,36460.0,KOSPI,전기가스업,2372440000000.0,-1,0,1,-1,0,0,0
121,한국공항,3,3,3,3,3,3,3,3,5430.0,KOSPI,운수창고업,216262000000.0,0,0,0,0,0,0,0
122,한국내화,3,3,3,3,3,3,3,3,10040.0,KOSPI,비금속광물,114577000000.0,0,0,0,0,0,0,0
123,한국단자,3,3,3,3,3,3,3,3,25540.0,KOSPI,전기전자,655104000000.0,0,0,0,0,0,0,0
124,한국석유,3,3,3,3,3,3,3,3,4090.0,KOSPI,비금속광물,203741000000.0,0,0,0,0,0,0,0
125,한국쉘석유,3,4,4,4,4,3,3,3,2960.0,KOSPI,화학,350350000000.0,1,0,0,0,-1,0,0
126,한국전력,6,5,5,5,4,4,4,5,15760.0,KOSPI,전기가스업,13417000000000.0,-1,0,0,-1,0,0,1
128,한국주철관,3,3,3,3,3,3,3,3,970.0,KOSPI,철강금속,147063000000.0,0,0,0,0,0,0,0
129,한국철강,4,4,4,4,3,3,4,3,104700.0,KOSPI,철강금속,514494000000.0,0,0,0,-1,0,1,-1
130,한국카본,3,3,3,3,3,3,3,3,17960.0,KOSPI,기계,573069000000.0,0,0,0,0,0,0,0
131,한국앤컴퍼니,4,5,5,4,4,5,4,3,240.0,KOSPI,기타금융,1471500000000.0,1,0,-1,0,1,-1,-1
132,한국무브넥스,3,3,3,3,3,3,3,3,10100.0,KOSPI,운수장비,145858000000.0,0,0,0,0,0,0,0
133,한국화장품제조,3,3,3,3,3,3,3,3,3350.0,KOSPI,화학,117379000000.0,0,0,0,0,0,0,0
134,한농화성,3,3,3,3,3,3,3,3,11500.0,KOSPI,화학,276776000000.0,0,0,0,0,0,0,0
135,한독,4,4,4,4,3,4,4,4,2390.0,KOSPI,의약품,183606000000.0,0,0,0,-1,1,0,0
136,한미글로벌,4,3,3,3,3,3,3,3,53690.0,KOSPI,서비스업,167431000000.0,-1,0,0,0,0,0,0
137,한미반도체,3,3,3,3,3,3,3,3,42700.0,KOSPI,기계,12371800000000.0,0,0,0,0,0,0,0
138,한샘,4,3,3,3,3,3,3,3,9240.0,KOSPI,유통업,1195520000000.0,-1,0,0,0,0,0,0
139,한섬,3,3,3,3,3,3,3,3,20000.0,KOSPI,섬유의복,446911000000.0,0,0,0,0,0,0,0
140,한성기업,3,3,3,3,3,3,3,3,3680.0,KOSPI,음식료품,31979002250.0,0,0,0,0,0,0,0
141,한세실업,3,3,3,3,3,3,3,3,105630.0,KOSPI,섬유의복,854000000000.0,0,0,0,0,0,0,0
142,한솔로지스틱스,3,3,3,3,3,3,3,3,9180.0,KOSPI,운수창고업,62026222875.0,0,0,0,0,0,0,0
143,한솔케미칼,3,3,3,4,4,4,4,4,14680.0,KOSPI,화학,2157090000000.0,0,0,1,0,0,0,0
144,한솔테크닉스,3,3,3,3,3,3,4,4,4710.0,KOSPI,전기전자,176604000000.0,0,0,0,0,0,1,0
145,한솔PNS,3,3,3,3,3,3,3,3,10420.0,KOSPI,유통업,25226897772.0,0,0,0,0,0,0,0
146,한솔홀딩스,4,4,4,4,3,3,3,4,4150.0,KOSPI,기타금융,115734000000.0,0,0,0,-1,0,0,1
147,한양증권,4,3,3,3,3,3,3,3,1750.0,KOSPI,증권,130849000000.0,-1,0,0,0,0,0,0
148,한온시스템,3,3,3,3,3,3,3,4,18880.0,KOSPI,기계,2749070000000.0,0,0,0,0,0,0,1
149,한올바이오파마,4,3,3,3,3,3,3,3,9420.0,KOSPI,의약품,1810140000000.0,-1,0,0,0,0,0,0
150,한익스프레스,3,3,3,3,3,3,3,3,14130.0,KOSPI,운수창고업,53760000000.0,0,0,0,0,0,0,0
151,한전KPS,5,4,4,4,4,4,4,4,51600.0,KOSPI,건설업,1539000000000.0,-1,0,0,0,0,0,0
152,한전기술,5,4,3,3,3,4,4,4,52690.0,KOSPI,서비스업,2262620000000.0,-1,-1,0,0,1,0,0
153,한진,3,3,3,3,3,3,3,3,2320.0,KOSPI,운수창고업,316142000000.0,0,0,0,0,0,0,0
154,HJ중공업,3,3,3,3,3,3,3,3,97230.0,KOSPI,건설업,250656000000.0,0,0,0,0,0,0,0
155,한진중공업홀딩스,3,3,3,3,3,3,3,3,3480.0,KOSPI,전기가스업,101730000000.0,0,0,0,0,0,0,0
156,한창,3,3,3,3,3,3,3,3,5110.0,KOSPI,유통업,23332434378.0,0,0,0,0,0,0,0
157,한창제지,3,3,3,3,3,3,3,3,9460.0,KOSPI,종이목재,49285343436.0,0,0,0,0,0,0,0
158,한화,3,3,3,4,4,4,5,5,880.0,KOSPI,화학,2001400000000.0,0,0,1,0,0,1,0
159,한화손해보험,3,3,3,3,3,4,4,3,370.0,KOSPI,보험,544587000000.0,0,0,0,0,1,0,-1
160,한화솔루션,5,4,4,4,3,4,3,4,9830.0,KOSPI,화학,4314500000000.0,-1,0,0,-1,1,-1,1
161,한화에어로스페이스,4,5,5,5,4,4,4,4,12450.0,KOSPI,운수장비,11138600000000.0,1,0,0,-1,0,0,0
162,한화투자증권,3,3,3,3,3,4,4,3,3530.0,KOSPI,증권,736972000000.0,0,0,0,0,1,0,-1
163,HDC현대EP,3,3,3,3,3,3,3,3,89470.0,KOSPI,화학,130471000000.0,0,0,0,0,0,0,0
164,현대건설,5,4,4,4,4,4,3,5,720.0,KOSPI,건설업,3786100000000.0,-1,0,0,0,0,-1,2
165,현대그린푸드,3,3,3,3,3,3,4,4,453340.0,KOSPI,유통업,406910000000.0,0,0,0,0,0,1,0
166,현대글로비스,4,3,4,3,3,4,4,4,86280.0,KOSPI,운수창고업,6671250000000.0,-1,1,-1,0,1,0,0
167,현대리바트,3,3,3,3,3,4,4,4,79430.0,KOSPI,기타제조업,153193000000.0,0,0,0,0,1,0,0
168,현대모비스,5,4,4,5,3,4,3,4,12330.0,KOSPI,운수장비,22383600000000.0,-1,0,1,-2,1,-1,1
169,HD현대미포,4,3,5,5,4,4,4,4,10620.0,KOSPI,운수장비,2923770000000.0,-1,2,0,-1,0,0,0
170,현대백화점,4,3,3,3,4,4,4,3,69960.0,KOSPI,유통업,1170120000000.0,-1,0,0,1,0,0,-1
171,현대비앤지스틸,3,3,3,3,3,3,3,3,4560.0,KOSPI,철강금속,303838000000.0,0,0,0,0,0,0,0
172,HMM,5,4,4,3,3,3,4,4,11200.0,KOSPI,운수창고업,11107300000000.0,-1,0,-1,0,0,1,0
173,현대약품,3,4,3,4,3,3,4,3,4310.0,KOSPI,의약품,121280000000.0,1,-1,1,-1,0,1,-1
174,현대엘리베이,4,4,4,3,3,4,5,5,17800.0,KOSPI,기계,1581290000000.0,0,0,-1,0,1,1,0
175,현대차,6,5,5,4,3,4,4,4,5380.0,KOSPI,운수장비,51307000000000.0,-1,0,-1,-1,1,0,0
176,현대제철,5,5,4,4,4,3,3,3,4020.0,KOSPI,철강금속,4276940000000.0,0,-1,0,0,-1,0,0
177,HD현대중공업,3,4,5,5,4,5,4,4,329180.0,KOSPI,운수장비,10883600000000.0,1,1,0,-1,1,-1,0
178,현대해상,5,4,4,5,4,5,5,5,1450.0,KOSPI,보험,2749050000000.0,-1,0,1,-1,1,0,0
179,형지엘리트,3,3,3,3,3,3,3,3,93240.0,KOSPI,섬유의복,37697305580.0,0,0,0,0,0,0,0
180,혜인,3,3,3,3,3,3,3,3,3010.0,KOSPI,유통업,69284471150.0,0,0,0,0,0,0,0
181,호텔신라,3,3,3,3,3,3,4,5,8770.0,KOSPI,유통업,2276390000000.0,0,0,0,0,0,1,1
182,화성산업,4,3,3,3,3,3,3,3,2460.0,KOSPI,건설업,101297000000.0,-1,0,0,0,0,0,0
183,화승알앤에이,3,3,3,3,3,3,4,4,378850.0,KOSPI,운수장비,74265065930.0,0,0,0,0,0,1,0
184,화승인더,3,3,3,3,3,3,3,3,6060.0,KOSPI,화학,221003000000.0,0,0,0,0,0,0,0
185,화신,3,3,3,3,3,3,3,3,10690.0,KOSPI,운수장비,367363000000.0,0,0,0,0,0,0,0
186,화천기계,3,3,3,3,3,3,3,3,10660.0,KOSPI,기계,80960000000.0,0,0,0,0,0,0,0
187,화천기공,3,3,3,3,3,3,3,3,850.0,KOSPI,기계,66880000000.0,0,0,0,0,0,0,0
188,환인제약,3,3,3,3,3,3,3,3,16580.0,KOSPI,의약품,256495000000.0,0,0,0,0,0,0,0
189,황금에스티,3,3,3,3,3,3,3,3,32560.0,KOSPI,철강금속,116280000000.0,0,0,0,0,0,0,0
190,효성,3,4,4,3,3,3,3,3,4800.0,KOSPI,기타금융,1224230000000.0,1,0,-1,0,0,0,0
191,후성,3,3,3,3,3,3,3,3,93370.0,KOSPI,화학,748212000000.0,0,0,0,0,0,0,0
192,휴니드,4,3,3,3,3,3,3,3,5870.0,KOSPI,전기전자,103753000000.0,-1,0,0,0,0,0,0
193,TKG휴켐스,3,4,4,4,3,4,4,3,69260.0,KOSPI,화학,791001000000.0,1,0,0,-1,1,0,-1
194,흥국화재,3,3,3,3,3,4,4,3,540.0,KOSPI,보험,260825000000.0,0,0,0,0,1,0,-1
195,흥아해운,3,3,3,3,3,3,3,3,3280.0,KOSPI,운수창고업,688817000000.0,0,0,0,0,0,0,0
196,동국제강,3,4,4,4,3,3,3,3,460860.0,KOSPI,철강금속,557594000000.0,1,0,0,-1,0,0,0
197,동방,3,3,3,3,3,3,3,3,4140.0,KOSPI,운수창고업,106497000000.0,0,0,0,0,0,0,0
198,동방아그로,3,3,3,3,3,3,3,3,7590.0,KOSPI,화학,85654559330.0,0,0,0,0,0,0,0
199,KG스틸,4,4,3,3,4,4,4,3,16380.0,KOSPI,철강금속,696062000000.0,0,-1,0,1,0,0,-1
200,동성제약,3,3,3,3,3,3,3,3,2210.0,KOSPI,의약품,136769000000.0,0,0,0,0,0,0,0
201,동성케미컬,3,3,3,3,3,3,3,3,102260.0,KOSPI,서비스업,223604000000.0,0,0,0,0,0,0,0
202,동아쏘시오홀딩스,3,4,3,3,3,3,3,3,640.0,KOSPI,기타금융,721871000000.0,1,-1,0,0,0,0,0
203,다스코,3,3,3,3,3,3,3,3,58730.0,KOSPI,기계,65852614695.0,0,0,0,0,0,0,0
204,동아지질,3,3,3,3,3,3,3,3,28100.0,KOSPI,건설업,172707000000.0,0,0,0,0,0,0,0
205,동양고속,3,3,3,3,3,3,3,3,84670.0,KOSPI,운수창고업,33588600400.0,0,0,0,0,0,0,0
206,TYM,3,3,3,3,3,3,3,3,2900.0,KOSPI,기계,210388000000.0,0,0,0,0,0,0,0
207,동양생명,3,3,3,3,4,4,3,3,82640.0,KOSPI,보험,855201000000.0,0,0,0,1,0,-1,0
208,동양철관,3,3,3,3,3,3,3,3,8970.0,KOSPI,철강금속,83100817710.0,0,0,0,0,0,0,0
209,동원F&B,3,3,3,3,3,3,3,3,49770.0,KOSPI,음식료품,749635000000.0,0,0,0,0,0,0,0
210,동원산업,3,3,3,3,3,3,4,3,6040.0,KOSPI,기타금융,1722180000000.0,0,0,0,0,0,1,-1
211,동화약품,3,3,3,3,3,3,3,3,20.0,KOSPI,의약품,243004000000.0,0,0,0,0,0,0,0
212,두산,5,6,6,5,5,5,5,6,150.0,KOSPI,기타금융,2204280000000.0,1,0,-1,0,0,0,1
213,HD현대인프라코어,4,6,5,5,5,5,5,6,42670.0,KOSPI,기계,1536950000000.0,2,-1,0,0,0,0,1
214,두산에너빌리티,4,5,6,5,5,5,5,5,34020.0,KOSPI,기계,10076000000000.0,1,1,-1,0,0,0,0
215,디씨엠,3,3,3,3,3,3,3,3,24090.0,KOSPI,철강금속,124260000000.0,0,0,0,0,0,0,0
216,디아이,3,3,3,3,3,3,3,3,3160.0,KOSPI,의료정밀,538549000000.0,0,0,0,0,0,0,0
217,디아이씨,3,3,3,3,3,3,3,3,92200.0,KOSPI,운수장비,240331000000.0,0,0,0,0,0,0,0
218,디와이,3,3,3,3,3,3,3,3,13570.0,KOSPI,기타금융,150285000000.0,0,0,0,0,0,0,0
219,DN오토모티브,3,3,3,3,3,3,3,3,7340.0,KOSPI,전기전자,790526000000.0,0,0,0,0,0,0,0
220,스틱인베스트먼트,3,3,3,3,3,3,3,3,26890.0,KOSPI,기타금융,360099000000.0,0,0,0,0,0,0,0
221,롯데손해보험,3,4,3,4,4,5,5,5,400.0,KOSPI,보험,1013250000000.0,1,-1,1,0,1,0,0
222,롯데쇼핑,5,5,4,5,3,4,4,5,23530.0,KOSPI,유통업,1892520000000.0,0,-1,1,-2,1,0,1
223,롯데정밀화학,5,4,3,4,4,4,5,5,4000.0,KOSPI,화학,1111980000000.0,-1,-1,1,0,0,1,0
224,롯데칠성,3,4,4,4,4,4,4,4,5300.0,KOSPI,음식료품,1183060000000.0,1,0,0,0,0,0,0
225,롯데케미칼,6,5,5,5,5,5,5,5,11170.0,KOSPI,화학,4290370000000.0,-1,0,0,0,0,0,0
226,마니커,3,3,3,3,3,3,3,3,27740.0,KOSPI,음식료품,69227238520.0,0,0,0,0,0,0,0
227,만호제강,3,3,3,3,3,3,3,3,1080.0,KOSPI,철강금속,195673000000.0,0,0,0,0,0,0,0
228,명문제약,3,3,3,3,3,3,3,3,17180.0,KOSPI,의약품,69434813430.0,0,0,0,0,0,0,0
229,모나리자,3,3,3,3,3,3,3,3,12690.0,KOSPI,종이목재,114834000000.0,0,0,0,0,0,0,0
230,모나미,3,3,3,3,3,3,3,3,5360.0,KOSPI,유통업,51117215435.0,0,0,0,0,0,0,0
231,무림P&P,3,3,3,3,3,3,3,3,9580.0,KOSPI,종이목재,190535000000.0,0,0,0,0,0,0,0
232,무림페이퍼,3,3,3,3,3,3,3,3,9200.0,KOSPI,종이목재,89251969950.0,0,0,0,0,0,0,0
233,미래산업,3,3,3,3,3,3,3,3,25560.0,KOSPI,의료정밀,66641196300.0,0,0,0,0,0,0,0
234,미래아이앤지,3,3,3,3,3,3,3,3,7120.0,KOSPI,서비스업,31257497664.0,0,0,0,0,0,0,0
235,미원상사,3,3,3,3,3,3,3,3,2840.0,KOSPI,화학,907725000000.0,0,0,0,0,0,0,0
236,미원홀딩스,3,3,3,3,3,3,3,3,107590.0,KOSPI,기타금융,179336000000.0,0,0,0,0,0,0,0
237,미창석유,3,3,3,3,3,3,3,3,3650.0,KOSPI,화학,136738000000.0,0,0,0,0,0,0,0
238,태경비케이,3,3,3,3,3,3,3,3,14580.0,KOSPI,비금속광물,145639000000.0,0,0,0,0,0,0,0
239,백산,3,3,3,3,3,3,3,3,35150.0,KOSPI,화학,297198000000.0,0,0,0,0,0,0,0
240,보락,3,3,3,3,3,3,3,3,2760.0,KOSPI,화학,67567200000.0,0,0,0,0,0,0,0
241,보령,3,3,3,3,3,3,3,3,3850.0,KOSPI,의약품,763833000000.0,0,0,0,0,0,0,0
242,부광약품,3,3,3,3,3,3,3,3,3000.0,KOSPI,의약품,437748000000.0,0,0,0,0,0,0,0
243,부산주공,3,3,3,3,3,3,3,3,5030.0,KOSPI,운수장비,38288532168.0,0,0,0,0,0,0,0
244,빙그레,4,3,3,3,3,3,3,4,5180.0,KOSPI,음식료품,682691000000.0,-1,0,0,0,0,0,1
245,사조동아원,3,3,3,3,3,3,3,3,8040.0,KOSPI,음식료품,136487000000.0,0,0,0,0,0,0,0
246,사조산업,3,3,3,3,3,3,3,3,7160.0,KOSPI,"농업, 임업 및 어업",179500000000.0,0,0,0,0,0,0,0
247,SGC에너지,3,3,3,3,3,3,3,3,5090.0,KOSPI,전기가스업,330694000000.0,0,0,0,0,0,0,0
248,삼성SDI,6,5,5,5,5,5,4,5,6400.0,KOSPI,전기전자,28984200000000.0,-1,0,0,0,0,-1,1
249,삼성물산,6,5,5,4,3,6,5,6,28260.0,KOSPI,유통업,27356200000000.0,-1,0,-1,-1,3,-1,1
250,삼성E&A,4,4,4,5,5,4,5,5,28050.0,KOSPI,서비스업,5154800000000.0,0,0,1,0,-1,1,0
251,삼성전기,6,6,6,6,5,6,6,5,9150.0,KOSPI,전기전자,10823100000000.0,0,0,0,-1,1,0,-1
252,삼성전자,5,5,5,5,5,5,4,5,5930.0,KOSPI,전기전자,454300000000000.0,0,0,0,0,0,-1,1
253,삼성중공업,3,4,4,4,4,4,4,4,10140.0,KOSPI,운수장비,8342400000000.0,1,0,0,0,0,0,0
254,삼성증권,5,5,4,4,5,5,4,4,16360.0,KOSPI,증권,3344290000000.0,0,-1,0,1,0,-1,0
255,삼성카드,4,3,3,3,4,4,4,3,29780.0,KOSPI,기타금융,4373670000000.0,-1,0,0,1,0,0,-1
256,삼성화재,5,5,5,5,5,6,5,5,810.0,KOSPI,보험,14236100000000.0,0,0,0,0,1,-1,0
257,삼양식품,3,3,3,3,3,3,3,3,3230.0,KOSPI,음식료품,2207170000000.0,0,0,0,0,0,0,0
258,삼양홀딩스,3,3,3,3,3,3,3,3,70.0,KOSPI,기타금융,586653000000.0,0,0,0,0,0,0,0
259,삼영무역,3,3,3,3,3,3,3,3,2810.0,KOSPI,유통업,235269000000.0,0,0,0,0,0,0,0
260,삼영전자,4,4,4,3,3,4,3,3,5680.0,KOSPI,전기전자,190400000000.0,0,0,-1,0,1,-1,0
261,삼영,3,3,3,3,3,3,3,3,3720.0,KOSPI,화학,129880000000.0,0,0,0,0,0,0,0
262,삼익THK,3,3,3,3,3,3,3,3,4380.0,KOSPI,기계,278250000000.0,0,0,0,0,0,0,0
263,삼익악기,3,3,3,3,3,3,3,3,2450.0,KOSPI,기타제조업,116513000000.0,0,0,0,0,0,0,0
264,삼일제약,3,3,3,3,3,3,3,3,520.0,KOSPI,의약품,183800000000.0,0,0,0,0,0,0,0
265,삼정펄프,3,3,3,3,3,3,3,3,9770.0,KOSPI,종이목재,62499275000.0,0,0,0,0,0,0,0
266,삼진제약,3,3,3,3,3,3,3,3,5500.0,KOSPI,의약품,273830000000.0,0,0,0,0,0,0,0
267,삼천리,3,4,4,4,3,4,4,4,4690.0,KOSPI,전기가스업,369818000000.0,1,0,0,-1,1,0,0
268,삼호개발,3,3,3,3,3,3,3,3,10960.0,KOSPI,건설업,81750000000.0,0,0,0,0,0,0,0
269,삼화왕관,3,3,3,3,3,3,3,3,4450.0,KOSPI,기계,70448193300.0,0,0,0,0,0,0,0
270,삼화전기,3,3,3,3,3,3,3,3,9470.0,KOSPI,전기전자,251325000000.0,0,0,0,0,0,0,0
271,삼화전자,3,3,3,3,3,3,3,3,11230.0,KOSPI,전기전자,67526286500.0,0,0,0,0,0,0,0
272,삼화페인트,3,4,3,4,3,4,4,4,390.0,KOSPI,화학,202666000000.0,1,-1,1,-1,1,0,0
273,상신브레이크,3,3,3,3,3,3,3,3,41650.0,KOSPI,운수장비,82020939000.0,0,0,0,0,0,0,0
274,샘표,3,3,3,3,3,3,3,3,7540.0,KOSPI,기타금융,142496000000.0,0,0,0,0,0,0,0
275,서연,3,3,3,3,3,3,3,3,7860.0,KOSPI,기타금융,214136000000.0,0,0,0,0,0,0,0
276,서울가스,3,3,3,3,3,4,3,3,17390.0,KOSPI,전기가스업,284000000000.0,0,0,0,0,1,-1,0
277,서원,3,3,3,3,3,3,3,3,21050.0,KOSPI,철강금속,64375544040.0,0,0,0,0,0,0,0
278,서흥,3,3,3,3,3,3,3,3,8490.0,KOSPI,화학,249314000000.0,0,0,0,0,0,0,0
279,선도전기,3,3,3,3,3,3,3,3,7610.0,KOSPI,전기전자,54000000000.0,0,0,0,0,0,0,0
280,SUN&L,3,3,3,3,3,3,3,3,2820.0,KOSPI,종이목재,32591651565.0,0,0,0,0,0,0,0
281,성문전자,3,3,3,3,3,3,3,3,14910.0,KOSPI,전기전자,32029364610.0,0,0,0,0,0,0,0
282,성신양회,3,3,4,4,3,3,3,3,4980.0,KOSPI,비금속광물,206670000000.0,0,1,0,-1,0,0,0
283,성창기업지주,3,3,3,3,3,3,3,3,180.0,KOSPI,서비스업,132737000000.0,0,0,0,0,0,0,0
284,세방,3,3,3,3,3,4,3,3,4360.0,KOSPI,운수창고업,224946000000.0,0,0,0,0,1,-1,0
285,세방전지,3,4,3,3,3,4,3,3,4490.0,KOSPI,전기전자,1303400000000.0,1,-1,0,0,1,-1,0
286,세아베스틸지주,3,3,3,3,3,4,3,3,1430.0,KOSPI,철강금속,747725000000.0,0,0,0,0,1,-1,0
287,세아제강,3,3,3,3,3,3,3,3,306200.0,KOSPI,철강금속,384886000000.0,0,0,0,0,0,0,0
288,세아홀딩스,3,3,3,3,3,3,3,3,58650.0,KOSPI,철강금속,429200000000.0,0,0,0,0,0,0,0
289,세원이앤씨,3,3,3,3,3,3,3,3,91090.0,KOSPI,기계,54838923850.0,0,0,0,0,0,0,0
290,세원정공,3,3,3,3,3,3,3,3,21820.0,KOSPI,운수장비,78200000000.0,0,0,0,0,0,0,0
291,세이브존I&C,3,3,3,3,3,3,3,3,67830.0,KOSPI,유통업,96446103250.0,0,0,0,0,0,0,0
292,에스제이지세종,3,3,3,3,3,3,3,3,33530.0,KOSPI,운수장비,158858000000.0,0,0,0,0,0,0,0
293,송원산업,3,3,3,3,3,3,4,3,4430.0,KOSPI,화학,324000000000.0,0,0,0,0,0,1,-1
294,수산중공업,3,3,3,3,3,3,3,3,17550.0,KOSPI,기계,124611000000.0,0,0,0,0,0,0,0
295,신대양제지,3,3,3,3,3,3,3,3,16590.0,KOSPI,종이목재,229698000000.0,0,0,0,0,0,0,0
296,신도리코,3,3,4,3,4,3,4,3,29530.0,KOSPI,전기전자,373969000000.0,0,1,-1,1,-1,1,-1
297,신성이엔지,3,3,3,3,3,3,3,3,11930.0,KOSPI,전기전자,428164000000.0,0,0,0,0,0,0,0
298,신성통상,3,3,3,3,3,3,3,3,5390.0,KOSPI,유통업,255657000000.0,0,0,0,0,0,0,0
299,신세계,3,4,4,4,4,4,4,4,4170.0,KOSPI,유통업,1618550000000.0,1,0,0,0,0,0,0
300,신세계I&C,3,3,4,3,3,4,4,3,35510.0,KOSPI,서비스업,193500000000.0,0,1,-1,0,1,0,-1
301,신세계건설,3,3,3,3,3,4,3,4,34300.0,KOSPI,건설업,80709761600.0,0,0,0,0,1,-1,1
302,신영와코루,3,3,3,3,3,3,3,3,5800.0,KOSPI,섬유의복,82620000000.0,0,0,0,0,0,0,0
303,신원,3,3,3,3,3,3,3,3,9270.0,KOSPI,섬유의복,131311000000.0,0,0,0,0,0,0,0
304,신일전자,3,3,3,3,3,3,3,3,2700.0,KOSPI,유통업,132362000000.0,0,0,0,0,0,0,0
305,신풍제약,3,3,3,3,3,3,3,3,19170.0,KOSPI,의약품,722715000000.0,0,0,0,0,0,0,0
306,신풍,3,3,3,3,3,3,3,3,2870.0,KOSPI,유통업,29470184100.0,0,0,0,0,0,0,0
307,신한지주,5,5,6,5,6,6,6,6,55550.0,KOSPI,기타금융,22566100000000.0,0,1,-1,1,0,0,0
308,신흥,3,3,3,3,3,3,3,3,4080.0,KOSPI,유통업,142120000000.0,0,0,0,0,0,0,0
309,쌍방울,3,3,3,3,3,3,3,3,102280.0,KOSPI,섬유의복,70637282701.0,0,0,0,0,0,0,0
310,쌍용C&E,3,3,3,3,3,4,4,5,3410.0,KOSPI,비금속광물,3495870000000.0,0,0,0,0,1,0,1
311,써니전자,3,3,3,3,3,3,3,3,4770.0,KOSPI,전기전자,72304681480.0,0,0,0,0,0,0,0
312,아모레퍼시픽,5,5,4,4,4,5,5,4,90430.0,KOSPI,화학,8288420000000.0,0,-1,0,0,1,0,-1
313,아세아,3,4,4,3,3,3,3,3,2030.0,KOSPI,서비스업,490830000000.0,1,0,-1,0,0,0,0
314,아세아제지,3,3,3,3,3,3,3,3,2310.0,KOSPI,종이목재,385577000000.0,0,0,0,0,0,0,0
315,아시아나항공,4,4,4,4,4,4,4,3,20560.0,KOSPI,운수창고업,798438000000.0,0,0,0,0,0,0,-1
316,아이에스동서,3,3,3,3,3,3,3,3,10780.0,KOSPI,비금속광물,781843000000.0,0,0,0,0,0,0,0
317,알루코,3,3,3,3,3,3,3,3,1780.0,KOSPI,철강금속,314699000000.0,0,0,0,0,0,0,0
318,에넥스,3,3,3,3,3,3,3,3,11090.0,KOSPI,기타제조업,28915970962.0,0,0,0,0,0,0,0
319,에스엘,3,3,3,3,3,3,3,3,5850.0,KOSPI,운수장비,1439900000000.0,0,0,0,0,0,0,0
320,에스원,4,3,3,3,3,3,3,3,12750.0,KOSPI,서비스업,2317950000000.0,-1,0,0,0,0,0,0
321,SJM홀딩스,3,3,3,3,3,3,3,3,25530.0,KOSPI,유통업,54882479400.0,0,0,0,0,0,0,0
322,에쓰씨엔지니어링,3,3,3,3,3,3,3,3,23960.0,KOSPI,건설업,49423494464.0,0,0,0,0,0,0,0
323,에이프로젠,3,3,3,3,3,3,3,3,7460.0,KOSPI,기계,384544000000.0,0,0,0,0,0,0,0
324,엔씨소프트,3,4,3,3,3,3,3,3,36570.0,KOSPI,서비스업,3740970000000.0,1,-1,0,0,0,0,0
325,엔케이,3,3,3,3,3,3,3,3,85310.0,KOSPI,기계,70705283168.0,0,0,0,0,0,0,0
326,플레이그램,3,3,3,3,3,3,3,3,9810.0,KOSPI,유통업,73895359021.0,0,0,0,0,0,0,0
327,NPC,3,3,3,3,3,3,3,3,4250.0,KOSPI,화학,188006000000.0,0,0,0,0,0,0,0
328,영보화학,3,3,3,3,3,3,3,3,14440.0,KOSPI,화학,68800000000.0,0,0,0,0,0,0,0
329,영진약품,3,3,3,3,3,3,3,3,3520.0,KOSPI,의약품,375845000000.0,0,0,0,0,0,0,0
330,예스코홀딩스,4,3,3,4,3,3,4,3,15360.0,KOSPI,서비스업,233400000000.0,-1,0,1,-1,0,1,-1
331,오뚜기,3,3,3,3,3,3,3,4,7310.0,KOSPI,음식료품,1649220000000.0,0,0,0,0,0,0,1
332,오리온홀딩스,3,3,3,3,3,3,3,3,1800.0,KOSPI,기타금융,888939000000.0,0,0,0,0,0,0,0
333,우리금융지주,4,5,4,5,4,4,4,4,316140.0,KOSPI,기타금융,10507700000000.0,1,-1,1,-1,0,0,0
334,팜젠사이언스,3,3,3,3,3,3,3,3,4720.0,KOSPI,의약품,94164759500.0,0,0,0,0,0,0,0
335,에스메디,3,3,3,3,3,3,3,3,118000.0,KOSPI,유통업,74672560849.0,0,0,0,0,0,0,0
336,우성,3,3,3,3,3,3,3,3,6980.0,KOSPI,음식료품,60193200000.0,0,0,0,0,0,0,0
337,웅진씽크빅,4,4,3,3,3,3,3,3,95720.0,KOSPI,서비스업,250648000000.0,0,-1,0,0,0,0,0
338,윌비스,3,3,3,3,3,3,3,3,8600.0,KOSPI,유통업,32609478915.0,0,0,0,0,0,0,0
339,유나이티드제약,3,3,3,3,3,3,3,3,33270.0,KOSPI,의약품,372411000000.0,0,0,0,0,0,0,0
340,유니드,3,3,3,3,3,3,3,3,14830.0,KOSPI,화학,550883000000.0,0,0,0,0,0,0,0
341,유니온,3,3,3,3,3,3,3,3,910.0,KOSPI,비금속광물,85707788310.0,0,0,0,0,0,0,0
342,유성기업,3,3,3,3,3,3,3,3,2920.0,KOSPI,운수장비,69669037500.0,0,0,0,0,0,0,0
343,유수홀딩스,4,4,3,3,3,3,4,4,700.0,KOSPI,서비스업,141928000000.0,0,-1,0,0,0,1,0
344,유안타증권,3,3,3,3,3,3,4,3,3470.0,KOSPI,증권,539909000000.0,0,0,0,0,0,1,-1
345,유유제약,3,3,3,3,3,3,3,3,220.0,KOSPI,의약품,80052049700.0,0,0,0,0,0,0,0
346,유한양행,3,4,3,4,4,4,3,4,100.0,KOSPI,의약품,5742970000000.0,1,-1,1,0,0,-1,1
347,율촌화학,3,3,3,3,3,3,3,3,8730.0,KOSPI,화학,820880000000.0,0,0,0,0,0,0,0
348,이건산업,3,3,3,3,3,3,3,3,8250.0,KOSPI,종이목재,59253755350.0,0,0,0,0,0,0,0
349,이수페타시스,3,3,3,3,3,3,3,3,7660.0,KOSPI,전기전자,2270550000000.0,0,0,0,0,0,0,0
350,이수화학,3,3,3,3,3,3,4,3,5950.0,KOSPI,화학,266311000000.0,0,0,0,0,0,1,-1
351,이아이디,3,3,3,3,3,3,3,3,93230.0,KOSPI,유통업,354103000000.0,0,0,0,0,0,0,0
352,이월드,3,3,3,3,3,3,3,3,84680.0,KOSPI,기타제조업,279075000000.0,0,0,0,0,0,0,0
353,이화산업,3,3,3,3,3,3,3,3,760.0,KOSPI,유통업,40012000000.0,0,0,0,0,0,0,0
354,인디에프,3,3,3,3,3,3,3,3,14990.0,KOSPI,섬유의복,51076836600.0,0,0,0,0,0,0,0
355,인천도시가스,3,3,3,3,3,3,3,3,34590.0,KOSPI,전기가스업,110900000000.0,0,0,0,0,0,0,0
356,인팩,3,3,3,3,3,3,3,3,23810.0,KOSPI,운수장비,83800000000.0,0,0,0,0,0,0,0
357,일동홀딩스,3,3,3,3,3,3,3,3,230.0,KOSPI,의약품,99593652000.0,0,0,0,0,0,0,0
358,일성건설,3,3,3,3,3,3,3,3,13360.0,KOSPI,건설업,78282051120.0,0,0,0,0,0,0,0
359,일신방직,3,3,3,3,3,3,3,3,3200.0,KOSPI,섬유의복,200441000000.0,0,0,0,0,0,0,0
360,일신석재,3,3,3,3,3,3,3,3,7110.0,KOSPI,유통업,82491289650.0,0,0,0,0,0,0,0
361,일양약품,3,3,3,3,3,3,3,3,7570.0,KOSPI,의약품,264527000000.0,0,0,0,0,0,0,0
362,일정실업,3,3,3,3,3,3,3,3,8500.0,KOSPI,섬유의복,18840000000.0,0,0,0,0,0,0,0
363,일진다이아,3,3,3,3,3,3,3,3,81000.0,KOSPI,화학,181656000000.0,0,0,0,0,0,0,0
364,일진전기,4,4,3,3,3,3,3,3,103590.0,KOSPI,전기전자,911268000000.0,0,-1,0,0,0,0,0
365,일진홀딩스,3,3,3,3,3,3,3,3,15860.0,KOSPI,기타금융,202078000000.0,0,0,0,0,0,0,0
366,자화전자,3,3,3,3,3,3,3,3,33240.0,KOSPI,전기전자,533956000000.0,0,0,0,0,0,0,0
367,전방,3,3,3,3,3,3,3,3,950.0,KOSPI,섬유의복,33684000000.0,0,0,0,0,0,0,0
368,제일연마,3,3,3,3,3,3,3,3,1560.0,KOSPI,비금속광물,85100000000.0,0,0,0,0,0,0,0
369,제일파마홀딩스,3,3,3,3,3,3,3,3,2620.0,KOSPI,서비스업,163887000000.0,0,0,0,0,0,0,0
370,조광페인트,3,3,3,3,3,3,3,3,4910.0,KOSPI,화학,79232000000.0,0,0,0,0,0,0,0
371,조비,3,3,3,3,3,3,3,3,1550.0,KOSPI,화학,66201047250.0,0,0,0,0,0,0,0
372,조선내화,3,3,3,3,3,3,4,3,462520.0,KOSPI,비금속광물,191935000000.0,0,0,0,0,0,1,-1
373,종근당홀딩스,3,3,3,3,3,3,3,3,1630.0,KOSPI,의약품,309609000000.0,0,0,0,0,0,0,0
374,주연테크,3,3,3,3,3,3,3,3,44380.0,KOSPI,전기전자,27350050728.0,0,0,0,0,0,0,0
375,진양홀딩스,3,3,3,3,3,3,3,3,100250.0,KOSPI,화학,179703000000.0,0,0,0,0,0,0,0
376,진원생명과학,3,3,3,3,3,3,3,3,11000.0,KOSPI,의약품,194895000000.0,0,0,0,0,0,0,0
377,참엔지니어링,3,3,3,3,3,3,3,3,9310.0,KOSPI,기계,37171929522.0,0,0,0,0,0,0,0
378,청호ICT,3,3,3,3,3,3,3,3,12600.0,KOSPI,기계,116120000000.0,0,0,0,0,0,0,0
379,체시스,3,3,3,3,3,3,3,3,33250.0,KOSPI,운수장비,39520000000.0,0,0,0,0,0,0,0
380,카프로,3,3,3,3,3,3,3,3,6380.0,KOSPI,화학,29280000000.0,0,0,0,0,0,0,0
381,케이씨,4,3,3,3,3,3,4,3,29460.0,KOSPI,의료정밀,284635000000.0,-1,0,0,0,0,1,-1
382,KCC,3,4,4,4,3,4,4,3,2380.0,KOSPI,화학,2146080000000.0,1,0,0,-1,1,0,-1
383,KCTC,3,3,3,3,3,3,3,3,9070.0,KOSPI,운수창고업,113100000000.0,0,0,0,0,0,0,0
384,KT,5,5,5,5,5,5,5,5,30200.0,KOSPI,통신업,8820760000000.0,0,0,0,0,0,0,0
385,KT&G,4,5,5,5,5,5,5,6,33780.0,KOSPI,기타제조업,11846300000000.0,1,0,0,0,0,0,1
386,코리아써키트,3,3,3,3,3,3,3,3,7810.0,KOSPI,전기전자,365413000000.0,0,0,0,0,0,0,0
387,코리안리,3,3,4,3,3,3,4,4,3690.0,KOSPI,보험,1319630000000.0,0,1,-1,0,0,1,0
388,코스맥스비티아이,3,3,3,3,3,3,3,3,44820.0,KOSPI,기타금융,91333288710.0,0,0,0,0,0,0,0
389,코스모신소재,3,3,3,4,3,3,3,4,5070.0,KOSPI,화학,4931880000000.0,0,0,1,-1,0,0,1
390,코스모화학,3,3,3,3,3,3,3,3,5420.0,KOSPI,화학,1219460000000.0,0,0,0,0,0,0,0
391,코아스,3,3,3,3,3,3,3,3,71950.0,KOSPI,기타제조업,14062780550.0,0,0,0,0,0,0,0
392,코오롱,3,3,3,3,3,3,3,3,2020.0,KOSPI,기타금융,202780000000.0,0,0,0,0,0,0,0
393,코오롱글로벌,3,3,3,3,3,4,3,3,3070.0,KOSPI,건설업,161496000000.0,0,0,0,0,1,-1,0
394,코웨이,5,4,4,4,4,5,4,4,21240.0,KOSPI,서비스업,4125400000000.0,-1,0,0,0,1,-1,0
395,크라운해태홀딩스,3,3,3,3,3,3,3,3,5740.0,KOSPI,기타금융,88341714650.0,0,0,0,0,0,0,0
396,태경산업,3,3,3,3,3,3,3,3,15890.0,KOSPI,화학,172157000000.0,0,0,0,0,0,0,0
397,태경케미컬,3,3,3,3,3,3,3,3,6890.0,KOSPI,화학,157180000000.0,0,0,0,0,0,0,0
398,태광산업,3,3,3,3,3,3,3,3,3240.0,KOSPI,화학,702555000000.0,0,0,0,0,0,0,0
399,태양금속,3,3,3,3,3,3,3,3,4100.0,KOSPI,운수장비,72188900000.0,0,0,0,0,0,0,0
400,TP,3,3,3,3,3,3,3,3,7980.0,KOSPI,섬유의복,85001890930.0,0,0,0,0,0,0,0
401,TBH글로벌,3,3,3,3,3,3,3,3,84870.0,KOSPI,섬유의복,36979140087.0,0,0,0,0,0,0,0
402,티에이치엔,3,3,3,3,3,3,3,3,19180.0,KOSPI,전기전자,63900000000.0,0,0,0,0,0,0,0
403,팜스코,3,3,3,3,3,3,3,3,36580.0,KOSPI,음식료품,106327000000.0,0,0,0,0,0,0,0
404,퍼스텍,3,3,3,3,3,3,3,3,10820.0,KOSPI,기계,163630000000.0,0,0,0,0,0,0,0
405,퍼시스,3,3,3,3,3,3,3,3,16800.0,KOSPI,기타제조업,407100000000.0,0,0,0,0,0,0,0
406,페이퍼코리아,3,3,3,3,3,3,3,3,1020.0,KOSPI,종이목재,150574000000.0,0,0,0,0,0,0,0
407,평화산업,3,3,3,3,3,4,3,3,90080.0,KOSPI,운수장비,61490530080.0,0,0,0,0,1,-1,0
408,POSCO홀딩스,6,6,5,5,5,6,5,5,5490.0,KOSPI,철강금속,33405600000000.0,0,-1,0,0,1,-1,0
409,포스코스틸리온,3,4,4,3,4,4,4,4,58430.0,KOSPI,철강금속,279300000000.0,1,0,-1,1,0,0,0
410,포스코인터내셔널,3,4,4,4,3,3,4,5,47050.0,KOSPI,유통업,7890140000000.0,1,0,0,-1,0,1,1
411,풀무원,5,4,5,4,4,5,6,6,17810.0,KOSPI,음식료품,470026000000.0,-1,1,-1,0,1,1,0
412,풍산,3,4,4,4,4,4,4,4,103140.0,KOSPI,철강금속,1670250000000.0,1,0,0,0,0,0,0
413,풍산홀딩스,3,3,3,3,3,3,3,4,5810.0,KOSPI,기타금융,418822000000.0,0,0,0,0,0,0,1
414,KH필룩스,3,3,3,3,3,3,3,3,33180.0,KOSPI,전기전자,120579000000.0,0,0,0,0,0,0,0
415,하나금융지주,4,5,5,5,5,5,5,6,86790.0,KOSPI,기타금융,16664300000000.0,1,0,0,0,0,0,1
