,종목명,2011지배구조,2012지배구조,2013지배구조,2014지배구조,2015지배구조,2016지배구조,2017지배구조,2018지배구조,종목코드,시장구분,업종명,시가총액,2012-2011지배구조차이,2013-2012지배구조차이,2014-2013지배구조차이,2015-2014지배구조차이,2016-2015지배구조차이,2017-2016지배구조차이,2018-2017지배구조차이
0,AK홀딩스,3.0,4.0,3.0,3.0,3.0,3.0,3.0,3.0,6840.0,KOSPI,기타금융,195931000000.0,1.0,-1.0,0.0,0.0,0.0,0.0,0.0
1,BYC,3.0,3.0,3.0,3.0,3.0,3.0,3.0,3.0,1460.0,KOSPI,섬유의복,246411000000.0,0.0,0.0,0.0,0.0,0.0,0.0,0.0
2,CJ대한통운,3.0,3.0,4.0,4.0,4.0,5.0,5.0,5.0,120.0,KOSPI,운수창고업,2817320000000.0,0.0,1.0,0.0,0.0,1.0,0.0,0.0
3,CJ제일제당,5.0,4.0,5.0,5.0,5.0,5.0,5.0,5.0,97950.0,KOSPI,음식료품,5223800000000.0,-1.0,1.0,0.0,0.0,0.0,0.0,0.0
4,DB손해보험,4.0,4.0,4.0,4.0,4.0,4.0,4.0,5.0,5830.0,KOSPI,보험,6605640000000.0,0.0,0.0,0.0,0.0,0.0,0.0,1.0
5,DB하이텍,4.0,4.0,4.0,3.0,4.0,4.0,4.0,4.0,990.0,KOSPI,전기전자,1818120000000.0,0.0,0.0,-1.0,1.0,0.0,0.0,0.0
6,DRB동일,3.0,3.0,3.0,3.0,3.0,3.0,3.0,3.0,4840.0,KOSPI,화학,115793000000.0,0.0,0.0,0.0,0.0,0.0,0.0,0.0
7,E1,3.0,3.0,3.0,3.0,3.0,3.0,3.0,3.0,17940.0,KOSPI,유통업,454818000000.0,0.0,0.0,0.0,0.0,0.0,0.0,0.0
8,GS건설,5.0,5.0,5.0,5.0,5.0,5.0,5.0,5.0,6360.0,KOSPI,건설업,1258050000000.0,0.0,0.0,0.0,0.0,0.0,0.0,0.0
9,GS글로벌,3.0,3.0,3.0,3.0,3.0,3.0,3.0,3.0,1250.0,KOSPI,유통업,198081000000.0,0.0,0.0,0.0,0.0,0.0,0.0,0.0
10,JW중외제약,3.0,3.0,3.0,3.0,3.0,3.0,3.0,3.0,1060.0,KOSPI,의약품,690428000000.0,0.0,0.0,0.0,0.0,0.0,0.0,0.0
11,KB금융,5.0,5.0,6.0,5.0,4.0,5.0,5.0,6.0,105560.0,KOSPI,기타금융,28044000000000.0,0.0,1.0,-1.0,-1.0,1.0,0.0,1.0
12,KC그린홀딩스,3.0,3.0,3.0,3.0,3.0,3.0,3.0,3.0,9440.0,KOSPI,기타금융,54404826500.0,0.0,0.0,0.0,0.0,0.0,0.0,0.0
13,KEC,3.0,3.0,3.0,4.0,4.0,4.0,4.0,4.0,92220.0,KOSPI,전기전자,260189000000.0,0.0,0.0,1.0,0.0,0.0,0.0,0.0
14,KG케미칼,3.0,3.0,3.0,3.0,3.0,3.0,3.0,3.0,1390.0,KOSPI,화학,378634000000.0,0.0,0.0,0.0,0.0,0.0,0.0,0.0
15,그린케미칼,3.0,4.0,4.0,4.0,4.0,4.0,4.0,4.0,83420.0,KOSPI,화학,171120000000.0,1.0,0.0,0.0,0.0,0.0,0.0,0.0
16,KPX케미칼,3.0,4.0,3.0,3.0,3.0,3.0,3.0,3.0,25000.0,KOSPI,화학,217074000000.0,1.0,-1.0,0.0,0.0,0.0,0.0,0.0
17,KR모터스,3.0,3.0,3.0,3.0,3.0,3.0,3.0,3.0,40.0,KOSPI,운수장비,31696560384.0,0.0,0.0,0.0,0.0,0.0,0.0,0.0
18,LG디스플레이,4.0,4.0,4.0,5.0,5.0,4.0,5.0,5.0,34220.0,KOSPI,전기전자,5065000000000.0,0.0,0.0,1.0,0.0,-1.0,1.0,0.0
19,LG생활건강,5.0,5.0,5.0,5.0,5.0,5.0,5.0,5.0,51900.0,KOSPI,화학,5973960000000.0,0.0,0.0,0.0,0.0,0.0,0.0,0.0
20,LG이노텍,5.0,5.0,5.0,5.0,5.0,5.0,5.0,5.0,11070.0,KOSPI,전기전자,4366580000000.0,0.0,0.0,0.0,0.0,0.0,0.0,0.0
21,LG전자,5.0,5.0,5.0,6.0,5.0,5.0,5.0,5.0,66570.0,KOSPI,전기전자,15055600000000.0,0.0,0.0,1.0,-1.0,0.0,0.0,0.0
22,LX하우시스,4.0,4.0,5.0,5.0,5.0,5.0,5.0,5.0,108670.0,KOSPI,화학,352878000000.0,0.0,1.0,0.0,0.0,0.0,0.0,0.0
23,LG화학,5.0,5.0,4.0,4.0,4.0,4.0,5.0,5.0,51910.0,KOSPI,화학,26683900000000.0,0.0,-1.0,0.0,0.0,0.0,1.0,0.0
24,LSELECTRIC,3.0,4.0,4.0,4.0,4.0,5.0,5.0,5.0,10120.0,KOSPI,전기전자,4758000000000.0,1.0,0.0,0.0,0.0,1.0,0.0,0.0
25,MH에탄올,3.0,3.0,3.0,3.0,3.0,3.0,3.0,3.0,23150.0,KOSPI,음식료품,45082793860.0,0.0,0.0,0.0,0.0,0.0,0.0,0.0
26,NAVER,3.0,4.0,3.0,3.0,3.0,4.0,4.0,3.0,35420.0,KOSPI,서비스업,29379700000000.0,1.0,-1.0,0.0,0.0,1.0,0.0,-1.0
27,NH투자증권,3.0,4.0,3.0,3.0,3.0,3.0,3.0,3.0,5940.0,KOSPI,증권,3853960000000.0,1.0,-1.0,0.0,0.0,0.0,0.0,0.0
28,OCI,5.0,5.0,5.0,4.0,3.0,4.0,5.0,5.0,456040.0,KOSPI,화학,748013000000.0,0.0,0.0,-1.0,-1.0,1.0,1.0,0.0
29,SNT모티브,3.0,3.0,3.0,3.0,4.0,4.0,4.0,4.0,64960.0,KOSPI,운수장비,666084000000.0,0.0,0.0,0.0,1.0,0.0,0.0,0.0
30,SNT다이내믹스,3.0,3.0,3.0,4.0,4.0,3.0,4.0,4.0,3570.0,KOSPI,운수장비,540356000000.0,0.0,0.0,1.0,0.0,-1.0,1.0,0.0
31,S-Oil,6.0,6.0,6.0,6.0,5.0,5.0,5.0,5.0,10950.0,KOSPI,화학,8567550000000.0,0.0,0.0,0.0,-1.0,0.0,0.0,0.0
32,SKC,6.0,5.0,5.0,5.0,5.0,5.0,5.0,4.0,11790.0,KOSPI,화학,4161730000000.0,-1.0,0.0,0.0,0.0,0.0,0.0,-1.0
33,SK가스,3.0,3.0,3.0,3.0,3.0,3.0,3.0,3.0,18670.0,KOSPI,유통업,1426070000000.0,0.0,0.0,0.0,0.0,0.0,0.0,0.0
34,SK네트웍스,3.0,3.0,3.0,3.0,3.0,3.0,3.0,4.0,1740.0,KOSPI,유통업,1199330000000.0,0.0,0.0,0.0,0.0,0.0,0.0,1.0
35,SK텔레콤,6.0,6.0,5.0,5.0,5.0,5.0,5.0,5.0,17670.0,KOSPI,통신업,10954300000000.0,0.0,-1.0,0.0,0.0,0.0,0.0,0.0
36,SK하이닉스,6.0,6.0,5.0,4.0,4.0,4.0,5.0,4.0,660.0,KOSPI,전기전자,124925000000000.0,0.0,-1.0,-1.0,0.0,0.0,1.0,-1.0
37,TCC스틸,3.0,3.0,3.0,3.0,4.0,4.0,4.0,3.0,2710.0,KOSPI,철강금속,1420780000000.0,0.0,0.0,0.0,1.0,0.0,0.0,-1.0
38,가온전선,3.0,3.0,3.0,3.0,3.0,4.0,4.0,4.0,500.0,KOSPI,전기전자,274819000000.0,0.0,0.0,0.0,0.0,1.0,0.0,0.0
39,강남제비스코,3.0,3.0,3.0,3.0,3.0,3.0,3.0,3.0,860.0,KOSPI,화학,178100000000.0,0.0,0.0,0.0,0.0,0.0,0.0,0.0
40,경농,3.0,4.0,4.0,3.0,3.0,3.0,3.0,3.0,2100.0,KOSPI,화학,191712000000.0,1.0,0.0,-1.0,0.0,0.0,0.0,0.0
41,경동나비엔,3.0,3.0,3.0,3.0,3.0,3.0,4.0,4.0,9450.0,KOSPI,전기전자,789618000000.0,0.0,0.0,0.0,0.0,0.0,1.0,0.0
42,경인양행,3.0,4.0,3.0,3.0,3.0,3.0,3.0,3.0,12610.0,KOSPI,화학,137542000000.0,1.0,-1.0,0.0,0.0,0.0,0.0,0.0
43,계룡건설,3.0,3.0,3.0,3.0,3.0,3.0,3.0,3.0,13580.0,KOSPI,건설업,117888000000.0,0.0,0.0,0.0,0.0,0.0,0.0,0.0
44,고려아연,3.0,4.0,4.0,4.0,4.0,3.0,3.0,4.0,10130.0,KOSPI,철강금속,9847940000000.0,1.0,0.0,0.0,0.0,-1.0,0.0,1.0
45,광동제약,3.0,3.0,3.0,3.0,3.0,3.0,3.0,3.0,9290.0,KOSPI,의약품,354365000000.0,0.0,0.0,0.0,0.0,0.0,0.0,0.0
46,광명전기,3.0,3.0,3.0,3.0,3.0,3.0,3.0,3.0,17040.0,KOSPI,전기전자,110728000000.0,0.0,0.0,0.0,0.0,0.0,0.0,0.0
47,광전자,3.0,3.0,3.0,3.0,3.0,3.0,3.0,3.0,17900.0,KOSPI,전기전자,121392000000.0,0.0,0.0,0.0,0.0,0.0,0.0,0.0
48,광주신세계,3.0,3.0,3.0,3.0,3.0,3.0,3.0,3.0,37710.0,KOSPI,유통업,245479000000.0,0.0,0.0,0.0,0.0,0.0,0.0,0.0
49,국도화학,3.0,4.0,4.0,4.0,4.0,4.0,4.0,4.0,7690.0,KOSPI,화학,312668000000.0,1.0,0.0,0.0,0.0,0.0,0.0,0.0
50,국보,3.0,3.0,3.0,3.0,3.0,3.0,3.0,3.0,1140.0,KOSPI,운수창고업,32447620090.0,0.0,0.0,0.0,0.0,0.0,0.0,0.0
51,국제약품,3.0,3.0,3.0,3.0,3.0,3.0,3.0,3.0,2720.0,KOSPI,의약품,106434000000.0,0.0,0.0,0.0,0.0,0.0,0.0,0.0
52,극동유화,3.0,3.0,3.0,3.0,3.0,3.0,3.0,3.0,14530.0,KOSPI,화학,139652000000.0,0.0,0.0,0.0,0.0,0.0,0.0,0.0
53,금호건설,3.0,3.0,3.0,4.0,3.0,4.0,3.0,3.0,2990.0,KOSPI,건설업,155205000000.0,0.0,0.0,1.0,-1.0,1.0,-1.0,0.0
54,금호석유,5.0,4.0,5.0,4.0,4.0,4.0,4.0,5.0,11780.0,KOSPI,화학,3406510000000.0,-1.0,1.0,-1.0,0.0,0.0,0.0,1.0
55,금호전기,3.0,3.0,3.0,3.0,3.0,3.0,3.0,3.0,1210.0,KOSPI,전기전자,27295981353.0,0.0,0.0,0.0,0.0,0.0,0.0,0.0
56,기아,5.0,4.0,4.0,4.0,4.0,5.0,4.0,5.0,270.0,KOSPI,운수장비,46275300000000.0,-1.0,0.0,0.0,0.0,1.0,-1.0,1.0
57,까뮤이앤씨,3.0,3.0,3.0,3.0,3.0,3.0,3.0,3.0,13700.0,KOSPI,건설업,70753622760.0,0.0,0.0,0.0,0.0,0.0,0.0,0.0
58,깨끗한나라,4.0,4.0,4.0,4.0,4.0,4.0,4.0,4.0,4540.0,KOSPI,종이목재,82115728065.0,0.0,0.0,0.0,0.0,0.0,0.0,0.0
59,남선알미늄,3.0,3.0,3.0,3.0,3.0,3.0,3.0,3.0,8350.0,KOSPI,철강금속,242669000000.0,0.0,0.0,0.0,0.0,0.0,0.0,0.0
60,남해화학,3.0,4.0,4.0,4.0,4.0,4.0,4.0,4.0,25860.0,KOSPI,화학,356694000000.0,1.0,0.0,0.0,0.0,0.0,0.0,0.0
61,넥센타이어,3.0,4.0,4.0,4.0,4.0,4.0,4.0,4.0,2350.0,KOSPI,화학,899521000000.0,1.0,0.0,0.0,0.0,0.0,0.0,0.0
62,노루페인트,3.0,4.0,4.0,4.0,3.0,3.0,3.0,3.0,90350.0,KOSPI,화학,181400000000.0,1.0,0.0,0.0,-1.0,0.0,0.0,0.0
63,녹십자,3.0,4.0,3.0,3.0,3.0,3.0,4.0,4.0,6280.0,KOSPI,의약품,1308890000000.0,1.0,-1.0,0.0,0.0,0.0,1.0,0.0
64,농심,3.0,4.0,4.0,4.0,4.0,4.0,4.0,4.0,4370.0,KOSPI,음식료품,2405680000000.0,1.0,0.0,0.0,0.0,0.0,0.0,0.0
65,KIB플러그에너지,3.0,3.0,3.0,3.0,3.0,3.0,3.0,3.0,15590.0,KOSPI,기계,103087000000.0,0.0,0.0,0.0,0.0,0.0,0.0,0.0
66,대구백화점,3.0,3.0,3.0,3.0,3.0,3.0,3.0,3.0,6370.0,KOSPI,유통업,78132031420.0,0.0,0.0,0.0,0.0,0.0,0.0,0.0
67,대덕전자,3.0,3.0,4.0,4.0,3.0,4.0,4.0,4.0,353200.0,KOSPI,전기전자,1129180000000.0,0.0,1.0,0.0,-1.0,1.0,0.0,0.0
68,대동,3.0,3.0,3.0,3.0,3.0,3.0,3.0,3.0,490.0,KOSPI,기계,302818000000.0,0.0,0.0,0.0,0.0,0.0,0.0,0.0
69,대림B&Co,3.0,3.0,3.0,3.0,3.0,3.0,3.0,3.0,5750.0,KOSPI,비금속광물,66355515200.0,0.0,0.0,0.0,0.0,0.0,0.0,0.0
70,DL,5.0,4.0,4.0,5.0,5.0,5.0,4.0,4.0,210.0,KOSPI,화학,1058270000000.0,-1.0,0.0,1.0,0.0,0.0,-1.0,0.0
71,대림통상,3.0,3.0,3.0,3.0,3.0,3.0,3.0,3.0,6570.0,KOSPI,기계,44761500000.0,0.0,0.0,0.0,0.0,0.0,0.0,0.0
72,대상,3.0,3.0,4.0,3.0,3.0,3.0,3.0,3.0,1680.0,KOSPI,음식료품,758792000000.0,0.0,1.0,-1.0,0.0,0.0,0.0,0.0
73,대영포장,3.0,3.0,3.0,3.0,3.0,3.0,3.0,3.0,14160.0,KOSPI,종이목재,140371000000.0,0.0,0.0,0.0,0.0,0.0,0.0,0.0
74,대우건설,3.0,3.0,5.0,5.0,5.0,5.0,5.0,5.0,47040.0,KOSPI,건설업,1541960000000.0,0.0,2.0,0.0,0.0,0.0,0.0,0.0
75,한화오션,5.0,4.0,4.0,4.0,5.0,5.0,4.0,4.0,42660.0,KOSPI,운수장비,9864760000000.0,-1.0,0.0,0.0,1.0,0.0,-1.0,0.0
76,대원강업,3.0,3.0,3.0,4.0,4.0,3.0,4.0,4.0,430.0,KOSPI,운수장비,341000000000.0,0.0,0.0,1.0,0.0,-1.0,1.0,0.0
77,대원전선,3.0,3.0,3.0,3.0,3.0,3.0,3.0,3.0,6340.0,KOSPI,전기전자,170556000000.0,0.0,0.0,0.0,0.0,0.0,0.0,0.0
78,대원화성,3.0,4.0,3.0,4.0,4.0,4.0,4.0,4.0,24890.0,KOSPI,화학,70618548224.0,1.0,-1.0,1.0,0.0,0.0,0.0,0.0
79,대유에이텍,3.0,3.0,3.0,3.0,3.0,3.0,3.0,3.0,2880.0,KOSPI,운수장비,54643759380.0,0.0,0.0,0.0,0.0,0.0,0.0,0.0
80,대유플러스,3.0,4.0,3.0,4.0,4.0,3.0,4.0,3.0,300.0,KOSPI,전기전자,30475633069.0,1.0,-1.0,1.0,0.0,-1.0,1.0,-1.0
81,대창,3.0,4.0,4.0,4.0,4.0,4.0,4.0,4.0,12800.0,KOSPI,철강금속,137349000000.0,1.0,0.0,0.0,0.0,0.0,0.0,0.0
82,대창단조,3.0,3.0,3.0,3.0,4.0,4.0,4.0,4.0,15230.0,KOSPI,운수장비,166290000000.0,0.0,0.0,0.0,1.0,0.0,0.0,0.0
83,대한유화,3.0,4.0,3.0,4.0,4.0,3.0,3.0,3.0,6650.0,KOSPI,화학,869050000000.0,1.0,-1.0,1.0,0.0,-1.0,0.0,0.0
84,대한전선,3.0,4.0,4.0,4.0,4.0,4.0,4.0,4.0,1440.0,KOSPI,전기전자,2321270000000.0,1.0,0.0,0.0,0.0,0.0,0.0,0.0
85,대한제강,3.0,4.0,4.0,4.0,4.0,4.0,4.0,4.0,84010.0,KOSPI,철강금속,325928000000.0,1.0,0.0,0.0,0.0,0.0,0.0,0.0
86,대한항공,5.0,6.0,5.0,4.0,5.0,5.0,5.0,4.0,3490.0,KOSPI,운수창고업,7640580000000.0,1.0,-1.0,-1.0,1.0,0.0,0.0,-1.0
87,대한화섬,3.0,3.0,3.0,3.0,4.0,3.0,3.0,3.0,3830.0,KOSPI,화학,143822000000.0,0.0,0.0,0.0,1.0,-1.0,0.0,0.0
88,대호에이엘,3.0,4.0,3.0,4.0,4.0,4.0,4.0,4.0,69460.0,KOSPI,철강금속,75582738624.0,1.0,-1.0,1.0,0.0,0.0,0.0,0.0
89,케이비아이동국실업,3.0,3.0,3.0,3.0,3.0,3.0,3.0,3.0,1620.0,KOSPI,운수장비,64661251011.0,0.0,0.0,0.0,0.0,0.0,0.0,0.0
90,하이트진로,4.0,4.0,4.0,4.0,4.0,4.0,4.0,4.0,80.0,KOSPI,음식료품,1476310000000.0,0.0,0.0,0.0,0.0,0.0,0.0,0.0
91,한국가스공사,4.0,4.0,4.0,5.0,5.0,5.0,5.0,4.0,36460.0,KOSPI,전기가스업,2372440000000.0,0.0,0.0,1.0,0.0,0.0,0.0,-1.0
92,한국공항,3.0,3.0,3.0,3.0,3.0,3.0,3.0,3.0,5430.0,KOSPI,운수창고업,216262000000.0,0.0,0.0,0.0,0.0,0.0,0.0,0.0
93,한국단자,3.0,3.0,3.0,3.0,3.0,3.0,3.0,3.0,25540.0,KOSPI,전기전자,655104000000.0,0.0,0.0,0.0,0.0,0.0,0.0,0.0
94,한국석유,3.0,3.0,3.0,3.0,3.0,3.0,3.0,3.0,4090.0,KOSPI,비금속광물,203741000000.0,0.0,0.0,0.0,0.0,0.0,0.0,0.0
95,한국수출포장,3.0,4.0,4.0,4.0,4.0,4.0,4.0,4.0,2200.0,KOSPI,종이목재,105800000000.0,1.0,0.0,0.0,0.0,0.0,0.0,0.0
97,한국카본,3.0,4.0,3.0,3.0,3.0,3.0,3.0,3.0,17960.0,KOSPI,기계,573069000000.0,1.0,-1.0,0.0,0.0,0.0,0.0,0.0
98,한국앤컴퍼니,5.0,5.0,5.0,4.0,4.0,4.0,3.0,3.0,240.0,KOSPI,기타금융,1471500000000.0,0.0,0.0,-1.0,0.0,0.0,-1.0,0.0
99,한국무브넥스,3.0,3.0,3.0,3.0,3.0,3.0,4.0,4.0,10100.0,KOSPI,운수장비,145858000000.0,0.0,0.0,0.0,0.0,0.0,1.0,0.0
100,한농화성,3.0,3.0,3.0,3.0,3.0,3.0,3.0,3.0,11500.0,KOSPI,화학,276776000000.0,0.0,0.0,0.0,0.0,0.0,0.0,0.0
101,한독,4.0,4.0,4.0,4.0,3.0,4.0,4.0,4.0,2390.0,KOSPI,의약품,183606000000.0,0.0,0.0,0.0,-1.0,1.0,0.0,0.0
102,한미글로벌,3.0,3.0,3.0,3.0,3.0,3.0,3.0,4.0,53690.0,KOSPI,서비스업,167431000000.0,0.0,0.0,0.0,0.0,0.0,0.0,1.0
103,한샘,3.0,3.0,3.0,3.0,3.0,3.0,3.0,3.0,9240.0,KOSPI,유통업,1195520000000.0,0.0,0.0,0.0,0.0,0.0,0.0,0.0
104,한솔로지스틱스,3.0,3.0,3.0,3.0,3.0,3.0,3.0,3.0,9180.0,KOSPI,운수창고업,62026222875.0,0.0,0.0,0.0,0.0,0.0,0.0,0.0
105,한솔케미칼,4.0,4.0,4.0,4.0,4.0,4.0,4.0,4.0,14680.0,KOSPI,화학,2157090000000.0,0.0,0.0,0.0,0.0,0.0,0.0,0.0
106,한솔홀딩스,4.0,4.0,4.0,4.0,3.0,3.0,3.0,3.0,4150.0,KOSPI,기타금융,115734000000.0,0.0,0.0,0.0,-1.0,0.0,0.0,0.0
107,한솔홈데코,3.0,3.0,4.0,4.0,4.0,4.0,4.0,4.0,25750.0,KOSPI,종이목재,60182166303.0,0.0,1.0,0.0,0.0,0.0,0.0,0.0
108,한신공영,3.0,3.0,3.0,3.0,3.0,3.0,3.0,3.0,4960.0,KOSPI,건설업,74631027900.0,0.0,0.0,0.0,0.0,0.0,0.0,0.0
109,한신기계,3.0,3.0,3.0,3.0,3.0,3.0,3.0,3.0,11700.0,KOSPI,기계,142763000000.0,0.0,0.0,0.0,0.0,0.0,0.0,0.0
110,한양증권,3.0,3.0,3.0,3.0,3.0,3.0,3.0,3.0,1750.0,KOSPI,증권,130849000000.0,0.0,0.0,0.0,0.0,0.0,0.0,0.0
111,한온시스템,5.0,4.0,4.0,4.0,4.0,4.0,4.0,4.0,18880.0,KOSPI,기계,2749070000000.0,-1.0,0.0,0.0,0.0,0.0,0.0,0.0
112,한익스프레스,3.0,3.0,3.0,3.0,3.0,3.0,3.0,3.0,14130.0,KOSPI,운수창고업,53760000000.0,0.0,0.0,0.0,0.0,0.0,0.0,0.0
113,한일철강,3.0,3.0,3.0,3.0,3.0,3.0,3.0,3.0,2220.0,KOSPI,철강금속,64207391300.0,0.0,0.0,0.0,0.0,0.0,0.0,0.0
114,한전KPS,3.0,3.0,3.0,4.0,4.0,4.0,4.0,4.0,51600.0,KOSPI,건설업,1539000000000.0,0.0,0.0,1.0,0.0,0.0,0.0,0.0
115,한전기술,3.0,3.0,4.0,4.0,4.0,4.0,5.0,5.0,52690.0,KOSPI,서비스업,2262620000000.0,0.0,1.0,0.0,0.0,0.0,1.0,0.0
116,HJ중공업,3.0,4.0,3.0,4.0,3.0,4.0,4.0,4.0,97230.0,KOSPI,건설업,250656000000.0,1.0,-1.0,1.0,-1.0,1.0,0.0,0.0
117,한화,4.0,4.0,4.0,4.0,5.0,5.0,5.0,5.0,880.0,KOSPI,화학,2001400000000.0,0.0,0.0,0.0,1.0,0.0,0.0,0.0
118,한화손해보험,3.0,3.0,3.0,3.0,3.0,3.0,3.0,3.0,370.0,KOSPI,보험,544587000000.0,0.0,0.0,0.0,0.0,0.0,0.0,0.0
119,한화솔루션,5.0,5.0,4.0,4.0,3.0,4.0,4.0,3.0,9830.0,KOSPI,화학,4314500000000.0,0.0,-1.0,0.0,-1.0,1.0,0.0,-1.0
120,한화에어로스페이스,5.0,5.0,5.0,5.0,5.0,5.0,5.0,5.0,12450.0,KOSPI,운수장비,11138600000000.0,0.0,0.0,0.0,0.0,0.0,0.0,0.0
121,HDC현대EP,3.0,3.0,3.0,3.0,3.0,3.0,4.0,4.0,89470.0,KOSPI,화학,130471000000.0,0.0,0.0,0.0,0.0,0.0,1.0,0.0
122,현대건설,5.0,4.0,4.0,5.0,5.0,5.0,4.0,5.0,720.0,KOSPI,건설업,3786100000000.0,-1.0,0.0,1.0,0.0,0.0,-1.0,1.0
123,현대글로비스,3.0,3.0,3.0,3.0,4.0,4.0,4.0,4.0,86280.0,KOSPI,운수창고업,6671250000000.0,0.0,0.0,0.0,1.0,0.0,0.0,0.0
124,현대리바트,3.0,3.0,4.0,3.0,3.0,3.0,3.0,3.0,79430.0,KOSPI,기타제조업,153193000000.0,0.0,1.0,-1.0,0.0,0.0,0.0,0.0
125,현대모비스,4.0,4.0,4.0,5.0,4.0,5.0,5.0,5.0,12330.0,KOSPI,운수장비,22383600000000.0,0.0,0.0,1.0,-1.0,1.0,0.0,0.0
126,현대비앤지스틸,3.0,3.0,3.0,4.0,4.0,4.0,4.0,4.0,4560.0,KOSPI,철강금속,303838000000.0,0.0,0.0,1.0,0.0,0.0,0.0,0.0
127,HMM,5.0,4.0,4.0,4.0,4.0,4.0,3.0,4.0,11200.0,KOSPI,운수창고업,11107300000000.0,-1.0,0.0,0.0,0.0,0.0,-1.0,1.0
128,현대약품,3.0,4.0,3.0,4.0,3.0,3.0,3.0,3.0,4310.0,KOSPI,의약품,121280000000.0,1.0,-1.0,1.0,-1.0,0.0,0.0,0.0
129,현대엘리베이,3.0,4.0,3.0,3.0,3.0,5.0,5.0,5.0,17800.0,KOSPI,기계,1581290000000.0,1.0,-1.0,0.0,0.0,2.0,0.0,0.0
130,현대차,5.0,5.0,5.0,3.0,4.0,5.0,4.0,5.0,5380.0,KOSPI,운수장비,51307000000000.0,0.0,0.0,-2.0,1.0,1.0,-1.0,1.0
131,현대제철,4.0,5.0,4.0,4.0,4.0,4.0,4.0,4.0,4020.0,KOSPI,철강금속,4276940000000.0,1.0,-1.0,0.0,0.0,0.0,0.0,0.0
132,HD현대중공업,4.0,4.0,5.0,5.0,5.0,5.0,5.0,5.0,329180.0,KOSPI,운수장비,10883600000000.0,0.0,1.0,0.0,0.0,0.0,0.0,0.0
133,현대해상,4.0,3.0,3.0,4.0,3.0,3.0,4.0,5.0,1450.0,KOSPI,보험,2749050000000.0,-1.0,0.0,1.0,-1.0,0.0,1.0,1.0
134,형지엘리트,3.0,3.0,3.0,3.0,3.0,3.0,3.0,3.0,93240.0,KOSPI,섬유의복,37697305580.0,0.0,0.0,0.0,0.0,0.0,0.0,0.0
135,호텔신라,3.0,3.0,3.0,3.0,4.0,3.0,3.0,4.0,8770.0,KOSPI,유통업,2276390000000.0,0.0,0.0,0.0,1.0,-1.0,0.0,1.0
136,화승알앤에이,3.0,4.0,4.0,4.0,4.0,4.0,4.0,4.0,378850.0,KOSPI,운수장비,74265065930.0,1.0,0.0,0.0,0.0,0.0,0.0,0.0
137,화승인더,3.0,3.0,4.0,3.0,4.0,4.0,4.0,4.0,6060.0,KOSPI,화학,221003000000.0,0.0,1.0,-1.0,1.0,0.0,0.0,0.0
138,화천기계,3.0,3.0,3.0,3.0,3.0,3.0,3.0,3.0,10660.0,KOSPI,기계,80960000000.0,0.0,0.0,0.0,0.0,0.0,0.0,0.0
139,효성,4.0,4.0,4.0,3.0,4.0,5.0,4.0,4.0,4800.0,KOSPI,기타금융,1224230000000.0,0.0,0.0,-1.0,1.0,1.0,-1.0,0.0
140,후성,3.0,3.0,3.0,3.0,4.0,4.0,4.0,4.0,93370.0,KOSPI,화학,748212000000.0,0.0,0.0,0.0,1.0,0.0,0.0,0.0
141,휴니드,3.0,3.0,3.0,3.0,3.0,3.0,3.0,3.0,5870.0,KOSPI,전기전자,103753000000.0,0.0,0.0,0.0,0.0,0.0,0.0,0.0
142,휴스틸,3.0,4.0,3.0,4.0,4.0,4.0,3.0,3.0,5010.0,KOSPI,철강금속,251161000000.0,1.0,-1.0,1.0,0.0,0.0,-1.0,0.0
143,TKG휴켐스,4.0,4.0,4.0,4.0,4.0,5.0,4.0,4.0,69260.0,KOSPI,화학,791001000000.0,0.0,0.0,0.0,0.0,1.0,-1.0,0.0
144,동국제강,3.0,4.0,4.0,4.0,4.0,4.0,4.0,4.0,460860.0,KOSPI,철강금속,557594000000.0,1.0,0.0,0.0,0.0,0.0,0.0,0.0
145,동방,3.0,3.0,3.0,3.0,3.0,3.0,3.0,3.0,4140.0,KOSPI,운수창고업,106497000000.0,0.0,0.0,0.0,0.0,0.0,0.0,0.0
146,KG스틸,4.0,4.0,4.0,4.0,4.0,5.0,5.0,4.0,16380.0,KOSPI,철강금속,696062000000.0,0.0,0.0,0.0,0.0,1.0,0.0,-1.0
147,동아쏘시오홀딩스,3.0,4.0,3.0,3.0,3.0,3.0,3.0,3.0,640.0,KOSPI,기타금융,721871000000.0,1.0,-1.0,0.0,0.0,0.0,0.0,0.0
148,다스코,3.0,3.0,3.0,3.0,3.0,3.0,3.0,3.0,58730.0,KOSPI,기계,65852614695.0,0.0,0.0,0.0,0.0,0.0,0.0,0.0
149,동아지질,3.0,3.0,3.0,3.0,3.0,3.0,3.0,3.0,28100.0,KOSPI,건설업,172707000000.0,0.0,0.0,0.0,0.0,0.0,0.0,0.0
150,TYM,3.0,3.0,3.0,3.0,3.0,3.0,4.0,3.0,2900.0,KOSPI,기계,210388000000.0,0.0,0.0,0.0,0.0,0.0,1.0,-1.0
151,동양철관,3.0,3.0,3.0,3.0,3.0,3.0,3.0,3.0,8970.0,KOSPI,철강금속,83100817710.0,0.0,0.0,0.0,0.0,0.0,0.0,0.0
152,동원F&B,3.0,3.0,3.0,3.0,3.0,3.0,4.0,3.0,49770.0,KOSPI,음식료품,749635000000.0,0.0,0.0,0.0,0.0,0.0,1.0,-1.0
153,동원금속,3.0,3.0,3.0,3.0,3.0,3.0,3.0,3.0,18500.0,KOSPI,운수장비,76865109852.0,0.0,0.0,0.0,0.0,0.0,0.0,0.0
154,동원시스템즈,3.0,3.0,3.0,3.0,3.0,3.0,4.0,3.0,14820.0,KOSPI,화학,1174150000000.0,0.0,0.0,0.0,0.0,0.0,1.0,-1.0
155,동일산업,3.0,4.0,3.0,4.0,4.0,4.0,4.0,4.0,4890.0,KOSPI,철강금속,105012000000.0,1.0,-1.0,1.0,0.0,0.0,0.0,0.0
156,동화약품,3.0,3.0,3.0,3.0,3.0,3.0,3.0,3.0,20.0,KOSPI,의약품,243004000000.0,0.0,0.0,0.0,0.0,0.0,0.0,0.0
157,두산,5.0,6.0,6.0,5.0,5.0,5.0,5.0,6.0,150.0,KOSPI,기타금융,2204280000000.0,1.0,0.0,-1.0,0.0,0.0,0.0,1.0
158,HD현대인프라코어,5.0,6.0,5.0,5.0,5.0,5.0,6.0,6.0,42670.0,KOSPI,기계,1536950000000.0,1.0,-1.0,0.0,0.0,0.0,1.0,0.0
159,두산에너빌리티,3.0,5.0,6.0,5.0,5.0,5.0,5.0,5.0,34020.0,KOSPI,기계,10076000000000.0,2.0,1.0,-1.0,0.0,0.0,0.0,0.0
160,디아이,3.0,3.0,3.0,3.0,3.0,3.0,3.0,3.0,3160.0,KOSPI,의료정밀,538549000000.0,0.0,0.0,0.0,0.0,0.0,0.0,0.0
161,디아이씨,3.0,3.0,3.0,3.0,3.0,3.0,3.0,3.0,92200.0,KOSPI,운수장비,240331000000.0,0.0,0.0,0.0,0.0,0.0,0.0,0.0
162,디와이,3.0,3.0,3.0,3.0,3.0,3.0,3.0,3.0,13570.0,KOSPI,기타금융,150285000000.0,0.0,0.0,0.0,0.0,0.0,0.0,0.0
163,롯데쇼핑,5.0,5.0,5.0,5.0,5.0,5.0,5.0,5.0,23530.0,KOSPI,유통업,1892520000000.0,0.0,0.0,0.0,0.0,0.0,0.0,0.0
164,롯데정밀화학,4.0,4.0,3.0,4.0,4.0,5.0,5.0,5.0,4000.0,KOSPI,화학,1111980000000.0,0.0,-1.0,1.0,0.0,1.0,0.0,0.0
165,롯데칠성,3.0,4.0,4.0,4.0,5.0,5.0,5.0,4.0,5300.0,KOSPI,음식료품,1183060000000.0,1.0,0.0,0.0,1.0,0.0,0.0,-1.0
166,롯데케미칼,5.0,6.0,5.0,6.0,6.0,5.0,5.0,4.0,11170.0,KOSPI,화학,4290370000000.0,1.0,-1.0,1.0,0.0,-1.0,0.0,-1.0
167,모나미,3.0,3.0,3.0,3.0,3.0,3.0,3.0,3.0,5360.0,KOSPI,유통업,51117215435.0,0.0,0.0,0.0,0.0,0.0,0.0,0.0
168,모토닉,3.0,3.0,3.0,3.0,3.0,3.0,3.0,3.0,9680.0,KOSPI,운수장비,274560000000.0,0.0,0.0,0.0,0.0,0.0,0.0,0.0
169,무림P&P,3.0,3.0,4.0,4.0,4.0,4.0,3.0,4.0,9580.0,KOSPI,종이목재,190535000000.0,0.0,1.0,0.0,0.0,0.0,-1.0,1.0
170,무림페이퍼,3.0,4.0,4.0,4.0,4.0,4.0,4.0,4.0,9200.0,KOSPI,종이목재,89251969950.0,1.0,0.0,0.0,0.0,0.0,0.0,0.0
171,미래산업,3.0,3.0,3.0,3.0,3.0,3.0,3.0,3.0,25560.0,KOSPI,의료정밀,66641196300.0,0.0,0.0,0.0,0.0,0.0,0.0,0.0
172,미원상사,3.0,3.0,3.0,3.0,3.0,3.0,3.0,3.0,2840.0,KOSPI,화학,907725000000.0,0.0,0.0,0.0,0.0,0.0,0.0,0.0
173,미원홀딩스,3.0,3.0,3.0,3.0,3.0,3.0,3.0,3.0,107590.0,KOSPI,기타금융,179336000000.0,0.0,0.0,0.0,0.0,0.0,0.0,0.0
174,방림,3.0,3.0,3.0,3.0,3.0,4.0,4.0,4.0,3610.0,KOSPI,섬유의복,88224877650.0,0.0,0.0,0.0,0.0,1.0,0.0,0.0
175,백광산업,3.0,4.0,4.0,4.0,4.0,4.0,4.0,4.0,1340.0,KOSPI,화학,360246000000.0,1.0,0.0,0.0,0.0,0.0,0.0,0.0
176,백산,3.0,3.0,3.0,3.0,3.0,3.0,3.0,3.0,35150.0,KOSPI,화학,297198000000.0,0.0,0.0,0.0,0.0,0.0,0.0,0.0
177,보락,3.0,4.0,3.0,3.0,3.0,3.0,3.0,3.0,2760.0,KOSPI,화학,67567200000.0,1.0,-1.0,0.0,0.0,0.0,0.0,0.0
178,부산주공,3.0,3.0,3.0,4.0,4.0,4.0,4.0,3.0,5030.0,KOSPI,운수장비,38288532168.0,0.0,0.0,1.0,0.0,0.0,0.0,-1.0
179,사조동아원,3.0,3.0,3.0,3.0,3.0,3.0,3.0,3.0,8040.0,KOSPI,음식료품,136487000000.0,0.0,0.0,0.0,0.0,0.0,0.0,0.0
180,삼성SDI,6.0,6.0,6.0,5.0,6.0,5.0,5.0,5.0,6400.0,KOSPI,전기전자,28984200000000.0,0.0,0.0,-1.0,1.0,-1.0,0.0,0.0
181,삼성공조,3.0,3.0,3.0,3.0,3.0,3.0,3.0,3.0,6660.0,KOSPI,운수장비,73543141700.0,0.0,0.0,0.0,0.0,0.0,0.0,0.0
182,삼성물산,5.0,5.0,5.0,5.0,4.0,5.0,5.0,6.0,28260.0,KOSPI,유통업,27356200000000.0,0.0,0.0,0.0,-1.0,1.0,0.0,1.0
183,삼성E&A,3.0,3.0,4.0,5.0,5.0,5.0,5.0,5.0,28050.0,KOSPI,서비스업,5154800000000.0,0.0,1.0,1.0,0.0,0.0,0.0,0.0
184,삼성전기,6.0,6.0,6.0,6.0,5.0,6.0,6.0,5.0,9150.0,KOSPI,전기전자,10823100000000.0,0.0,0.0,0.0,-1.0,1.0,0.0,-1.0
185,삼성전자,6.0,5.0,5.0,5.0,6.0,5.0,5.0,5.0,5930.0,KOSPI,전기전자,454300000000000.0,-1.0,0.0,0.0,1.0,-1.0,0.0,0.0
186,삼성중공업,4.0,4.0,4.0,5.0,4.0,5.0,4.0,5.0,10140.0,KOSPI,운수장비,8342400000000.0,0.0,0.0,1.0,-1.0,1.0,-1.0,1.0
187,삼성증권,4.0,4.0,3.0,3.0,3.0,3.0,3.0,3.0,16360.0,KOSPI,증권,3344290000000.0,0.0,-1.0,0.0,0.0,0.0,0.0,0.0
188,삼성화재,4.0,4.0,5.0,5.0,5.0,5.0,5.0,6.0,810.0,KOSPI,보험,14236100000000.0,0.0,1.0,0.0,0.0,0.0,0.0,1.0
189,삼아알미늄,3.0,3.0,3.0,3.0,3.0,3.0,4.0,3.0,6110.0,KOSPI,철강금속,1119580000000.0,0.0,0.0,0.0,0.0,0.0,1.0,-1.0
190,삼양통상,3.0,3.0,3.0,3.0,3.0,3.0,3.0,4.0,2170.0,KOSPI,기타제조업,148800000000.0,0.0,0.0,0.0,0.0,0.0,0.0,1.0
191,삼양홀딩스,4.0,4.0,3.0,3.0,3.0,3.0,3.0,3.0,70.0,KOSPI,기타금융,586653000000.0,0.0,-1.0,0.0,0.0,0.0,0.0,0.0
192,삼천리,3.0,3.0,3.0,4.0,4.0,4.0,4.0,4.0,4690.0,KOSPI,전기가스업,369818000000.0,0.0,0.0,1.0,0.0,0.0,0.0,0.0
193,삼화왕관,3.0,3.0,3.0,3.0,3.0,3.0,3.0,3.0,4450.0,KOSPI,기계,70448193300.0,0.0,0.0,0.0,0.0,0.0,0.0,0.0
194,삼화전기,3.0,3.0,3.0,4.0,3.0,3.0,3.0,3.0,9470.0,KOSPI,전기전자,251325000000.0,0.0,0.0,1.0,-1.0,0.0,0.0,0.0
195,삼화전자,3.0,3.0,3.0,3.0,3.0,3.0,3.0,3.0,11230.0,KOSPI,전기전자,67526286500.0,0.0,0.0,0.0,0.0,0.0,0.0,0.0
196,삼화콘덴서,3.0,3.0,3.0,3.0,3.0,3.0,3.0,3.0,1820.0,KOSPI,전기전자,466736000000.0,0.0,0.0,0.0,0.0,0.0,0.0,0.0
197,삼화페인트,3.0,4.0,3.0,4.0,4.0,4.0,4.0,4.0,390.0,KOSPI,화학,202666000000.0,1.0,-1.0,1.0,0.0,0.0,0.0,0.0
198,상신브레이크,3.0,3.0,3.0,3.0,3.0,3.0,3.0,3.0,41650.0,KOSPI,운수장비,82020939000.0,0.0,0.0,0.0,0.0,0.0,0.0,0.0
199,새론오토모티브,3.0,4.0,4.0,4.0,4.0,4.0,4.0,4.0,75180.0,KOSPI,운수장비,72960000000.0,1.0,0.0,0.0,0.0,0.0,0.0,0.0
200,서연,3.0,3.0,3.0,3.0,3.0,3.0,3.0,3.0,7860.0,KOSPI,기타금융,214136000000.0,0.0,0.0,0.0,0.0,0.0,0.0,0.0
201,서울가스,3.0,3.0,3.0,3.0,3.0,3.0,3.0,3.0,17390.0,KOSPI,전기가스업,284000000000.0,0.0,0.0,0.0,0.0,0.0,0.0,0.0
202,서울식품,3.0,3.0,3.0,3.0,3.0,3.0,3.0,3.0,4410.0,KOSPI,음식료품,64457956148.0,0.0,0.0,0.0,0.0,0.0,0.0,0.0
203,서원,3.0,3.0,3.0,3.0,3.0,4.0,4.0,4.0,21050.0,KOSPI,철강금속,64375544040.0,0.0,0.0,0.0,0.0,1.0,0.0,0.0
204,선도전기,3.0,3.0,3.0,3.0,3.0,3.0,3.0,3.0,7610.0,KOSPI,전기전자,54000000000.0,0.0,0.0,0.0,0.0,0.0,0.0,0.0
205,SUN&L,3.0,3.0,3.0,3.0,3.0,4.0,3.0,3.0,2820.0,KOSPI,종이목재,32591651565.0,0.0,0.0,0.0,0.0,1.0,-1.0,0.0
206,성문전자,3.0,3.0,3.0,3.0,3.0,3.0,3.0,3.0,14910.0,KOSPI,전기전자,32029364610.0,0.0,0.0,0.0,0.0,0.0,0.0,0.0
207,성신양회,3.0,4.0,4.0,4.0,4.0,4.0,4.0,4.0,4980.0,KOSPI,비금속광물,206670000000.0,1.0,0.0,0.0,0.0,0.0,0.0,0.0
208,성창기업지주,3.0,3.0,3.0,3.0,3.0,3.0,3.0,3.0,180.0,KOSPI,서비스업,132737000000.0,0.0,0.0,0.0,0.0,0.0,0.0,0.0
209,세방,3.0,3.0,3.0,3.0,3.0,3.0,3.0,3.0,4360.0,KOSPI,운수창고업,224946000000.0,0.0,0.0,0.0,0.0,0.0,0.0,0.0
210,세방전지,3.0,4.0,4.0,4.0,4.0,4.0,4.0,4.0,4490.0,KOSPI,전기전자,1303400000000.0,1.0,0.0,0.0,0.0,0.0,0.0,0.0
211,세아베스틸지주,3.0,4.0,4.0,3.0,4.0,4.0,4.0,4.0,1430.0,KOSPI,철강금속,747725000000.0,1.0,0.0,-1.0,1.0,0.0,0.0,0.0
212,세아제강,3.0,4.0,4.0,4.0,4.0,4.0,4.0,4.0,306200.0,KOSPI,철강금속,384886000000.0,1.0,0.0,0.0,0.0,0.0,0.0,0.0
213,세원정공,3.0,3.0,3.0,3.0,3.0,3.0,3.0,3.0,21820.0,KOSPI,운수장비,78200000000.0,0.0,0.0,0.0,0.0,0.0,0.0,0.0
214,에스제이지세종,3.0,4.0,3.0,3.0,3.0,3.0,4.0,3.0,33530.0,KOSPI,운수장비,158858000000.0,1.0,-1.0,0.0,0.0,0.0,1.0,-1.0
215,송원산업,3.0,4.0,4.0,4.0,4.0,4.0,4.0,4.0,4430.0,KOSPI,화학,324000000000.0,1.0,0.0,0.0,0.0,0.0,0.0,0.0
216,수산중공업,3.0,3.0,3.0,3.0,3.0,3.0,3.0,3.0,17550.0,KOSPI,기계,124611000000.0,0.0,0.0,0.0,0.0,0.0,0.0,0.0
217,신대양제지,3.0,3.0,3.0,3.0,3.0,3.0,3.0,3.0,16590.0,KOSPI,종이목재,229698000000.0,0.0,0.0,0.0,0.0,0.0,0.0,0.0
218,신도리코,3.0,4.0,4.0,3.0,4.0,4.0,4.0,3.0,29530.0,KOSPI,전기전자,373969000000.0,1.0,0.0,-1.0,1.0,0.0,0.0,-1.0
219,신세계,3.0,3.0,4.0,4.0,4.0,4.0,4.0,4.0,4170.0,KOSPI,유통업,1618550000000.0,0.0,1.0,0.0,0.0,0.0,0.0,0.0
220,신세계건설,3.0,3.0,3.0,3.0,3.0,4.0,3.0,3.0,34300.0,KOSPI,건설업,80709761600.0,0.0,0.0,0.0,0.0,1.0,-1.0,0.0
221,신일전자,3.0,3.0,3.0,3.0,3.0,3.0,3.0,3.0,2700.0,KOSPI,유통업,132362000000.0,0.0,0.0,0.0,0.0,0.0,0.0,0.0
222,신풍제약,3.0,3.0,3.0,3.0,3.0,3.0,3.0,3.0,19170.0,KOSPI,의약품,722715000000.0,0.0,0.0,0.0,0.0,0.0,0.0,0.0
223,신풍,3.0,4.0,4.0,4.0,4.0,4.0,4.0,4.0,2870.0,KOSPI,유통업,29470184100.0,1.0,0.0,0.0,0.0,0.0,0.0,0.0
224,신한지주,5.0,4.0,5.0,5.0,5.0,6.0,6.0,6.0,55550.0,KOSPI,기타금융,22566100000000.0,-1.0,1.0,0.0,0.0,1.0,0.0,0.0
225,쌍용C&E,4.0,4.0,4.0,4.0,4.0,5.0,5.0,5.0,3410.0,KOSPI,비금속광물,3495870000000.0,0.0,0.0,0.0,0.0,1.0,0.0,0.0
226,써니전자,3.0,3.0,3.0,3.0,3.0,3.0,3.0,3.0,4770.0,KOSPI,전기전자,72304681480.0,0.0,0.0,0.0,0.0,0.0,0.0,0.0
227,아남전자,3.0,3.0,3.0,3.0,3.0,3.0,3.0,3.0,8700.0,KOSPI,전기전자,141987000000.0,0.0,0.0,0.0,0.0,0.0,0.0,0.0
228,아모레퍼시픽,5.0,5.0,4.0,4.0,4.0,5.0,5.0,5.0,90430.0,KOSPI,화학,8288420000000.0,0.0,-1.0,0.0,0.0,1.0,0.0,0.0
229,아세아,4.0,4.0,4.0,4.0,3.0,3.0,3.0,3.0,2030.0,KOSPI,서비스업,490830000000.0,0.0,0.0,0.0,-1.0,0.0,0.0,0.0
230,아세아제지,3.0,3.0,3.0,3.0,3.0,3.0,3.0,3.0,2310.0,KOSPI,종이목재,385577000000.0,0.0,0.0,0.0,0.0,0.0,0.0,0.0
231,아시아나항공,5.0,5.0,5.0,4.0,5.0,4.0,4.0,4.0,20560.0,KOSPI,운수창고업,798438000000.0,0.0,0.0,-1.0,1.0,-1.0,0.0,0.0
232,아이에스동서,3.0,3.0,3.0,3.0,3.0,3.0,3.0,3.0,10780.0,KOSPI,비금속광물,781843000000.0,0.0,0.0,0.0,0.0,0.0,0.0,0.0
233,알루코,3.0,3.0,3.0,3.0,3.0,3.0,3.0,3.0,1780.0,KOSPI,철강금속,314699000000.0,0.0,0.0,0.0,0.0,0.0,0.0,0.0
234,에스엘,3.0,3.0,3.0,3.0,3.0,3.0,3.0,3.0,5850.0,KOSPI,운수장비,1439900000000.0,0.0,0.0,0.0,0.0,0.0,0.0,0.0
235,SJM홀딩스,3.0,3.0,3.0,3.0,3.0,3.0,3.0,3.0,25530.0,KOSPI,유통업,54882479400.0,0.0,0.0,0.0,0.0,0.0,0.0,0.0
236,에이엔피,3.0,3.0,3.0,3.0,3.0,3.0,3.0,3.0,15260.0,KOSPI,전기전자,52019778782.0,0.0,0.0,0.0,0.0,0.0,0.0,0.0
237,에이프로젠,3.0,3.0,3.0,3.0,3.0,3.0,3.0,3.0,7460.0,KOSPI,기계,384544000000.0,0.0,0.0,0.0,0.0,0.0,0.0,0.0
238,엔케이,3.0,3.0,3.0,3.0,3.0,3.0,3.0,3.0,85310.0,KOSPI,기계,70705283168.0,0.0,0.0,0.0,0.0,0.0,0.0,0.0
239,영보화학,3.0,3.0,3.0,3.0,3.0,3.0,3.0,3.0,14440.0,KOSPI,화학,68800000000.0,0.0,0.0,0.0,0.0,0.0,0.0,0.0
240,영진약품,3.0,3.0,3.0,3.0,3.0,3.0,3.0,3.0,3520.0,KOSPI,의약품,375845000000.0,0.0,0.0,0.0,0.0,0.0,0.0,0.0
241,영풍,3.0,4.0,4.0,4.0,4.0,3.0,4.0,3.0,670.0,KOSPI,철강금속,723922000000.0,1.0,0.0,0.0,0.0,-1.0,1.0,-1.0
242,영풍제지,3.0,3.0,3.0,3.0,3.0,3.0,3.0,3.0,6740.0,KOSPI,종이목재,86038455948.0,0.0,0.0,0.0,0.0,0.0,0.0,0.0
243,우리금융지주,4.0,3.0,3.0,4.0,3.0,3.0,3.0,3.0,316140.0,KOSPI,기타금융,10507700000000.0,-1.0,0.0,1.0,-1.0,0.0,0.0,0.0
244,웅진씽크빅,4.0,4.0,4.0,3.0,3.0,3.0,3.0,3.0,95720.0,KOSPI,서비스업,250648000000.0,0.0,0.0,-1.0,0.0,0.0,0.0,0.0
245,유니드,3.0,4.0,3.0,3.0,4.0,4.0,3.0,3.0,14830.0,KOSPI,화학,550883000000.0,1.0,-1.0,0.0,1.0,0.0,-1.0,0.0
246,유니온,3.0,3.0,3.0,3.0,3.0,3.0,3.0,3.0,910.0,KOSPI,비금속광물,85707788310.0,0.0,0.0,0.0,0.0,0.0,0.0,0.0
247,유니온머티리얼,3.0,3.0,3.0,3.0,4.0,4.0,4.0,3.0,47400.0,KOSPI,비금속광물,120750000000.0,0.0,0.0,0.0,1.0,0.0,0.0,-1.0
248,유성기업,3.0,4.0,3.0,3.0,3.0,4.0,4.0,3.0,2920.0,KOSPI,운수장비,69669037500.0,1.0,-1.0,0.0,0.0,1.0,0.0,-1.0
249,유수홀딩스,4.0,4.0,4.0,3.0,3.0,3.0,3.0,3.0,700.0,KOSPI,서비스업,141928000000.0,0.0,0.0,-1.0,0.0,0.0,0.0,0.0
250,와이투솔루션,3.0,3.0,3.0,3.0,3.0,3.0,3.0,3.0,11690.0,KOSPI,전기전자,127828000000.0,0.0,0.0,0.0,0.0,0.0,0.0,0.0
251,유한양행,3.0,4.0,4.0,4.0,4.0,4.0,4.0,4.0,100.0,KOSPI,의약품,5742970000000.0,1.0,0.0,0.0,0.0,0.0,0.0,0.0
252,이건산업,3.0,3.0,3.0,3.0,3.0,3.0,3.0,3.0,8250.0,KOSPI,종이목재,59253755350.0,0.0,0.0,0.0,0.0,0.0,0.0,0.0
253,이구산업,3.0,3.0,3.0,4.0,4.0,4.0,4.0,4.0,25820.0,KOSPI,철강금속,221720000000.0,0.0,0.0,1.0,0.0,0.0,0.0,0.0
254,이수페타시스,3.0,3.0,3.0,4.0,4.0,4.0,4.0,4.0,7660.0,KOSPI,전기전자,2270550000000.0,0.0,0.0,1.0,0.0,0.0,0.0,0.0
255,이수화학,3.0,4.0,4.0,4.0,3.0,3.0,4.0,4.0,5950.0,KOSPI,화학,266311000000.0,1.0,0.0,0.0,-1.0,0.0,1.0,0.0
256,이아이디,3.0,3.0,3.0,3.0,3.0,3.0,3.0,3.0,93230.0,KOSPI,유통업,354103000000.0,0.0,0.0,0.0,0.0,0.0,0.0,0.0
257,이화산업,3.0,3.0,3.0,3.0,3.0,3.0,3.0,3.0,760.0,KOSPI,유통업,40012000000.0,0.0,0.0,0.0,0.0,0.0,0.0,0.0
258,인디에프,3.0,3.0,3.0,3.0,3.0,3.0,3.0,3.0,14990.0,KOSPI,섬유의복,51076836600.0,0.0,0.0,0.0,0.0,0.0,0.0,0.0
259,인스코비,3.0,3.0,3.0,3.0,3.0,3.0,3.0,4.0,6490.0,KOSPI,통신업,141532000000.0,0.0,0.0,0.0,0.0,0.0,0.0,1.0
260,인지컨트롤스,3.0,3.0,3.0,3.0,3.0,3.0,3.0,3.0,23800.0,KOSPI,운수장비,118253000000.0,0.0,0.0,0.0,0.0,0.0,0.0,0.0
261,인팩,3.0,3.0,3.0,3.0,3.0,3.0,3.0,3.0,23810.0,KOSPI,운수장비,83800000000.0,0.0,0.0,0.0,0.0,0.0,0.0,0.0
262,일동홀딩스,3.0,3.0,3.0,3.0,3.0,3.0,3.0,3.0,230.0,KOSPI,의약품,99593652000.0,0.0,0.0,0.0,0.0,0.0,0.0,0.0
263,일성건설,3.0,3.0,3.0,3.0,3.0,3.0,3.0,3.0,13360.0,KOSPI,건설업,78282051120.0,0.0,0.0,0.0,0.0,0.0,0.0,0.0
264,일진다이아,3.0,3.0,3.0,3.0,3.0,3.0,3.0,3.0,81000.0,KOSPI,화학,181656000000.0,0.0,0.0,0.0,0.0,0.0,0.0,0.0
265,일진디스플,3.0,3.0,3.0,3.0,3.0,3.0,4.0,4.0,20760.0,KOSPI,전기전자,55171216611.0,0.0,0.0,0.0,0.0,0.0,1.0,0.0
266,일진전기,4.0,4.0,3.0,3.0,3.0,3.0,3.0,3.0,103590.0,KOSPI,전기전자,911268000000.0,0.0,-1.0,0.0,0.0,0.0,0.0,0.0
267,일진홀딩스,3.0,3.0,3.0,3.0,3.0,3.0,3.0,3.0,15860.0,KOSPI,기타금융,202078000000.0,0.0,0.0,0.0,0.0,0.0,0.0,0.0
268,자화전자,3.0,3.0,3.0,4.0,3.0,4.0,3.0,3.0,33240.0,KOSPI,전기전자,533956000000.0,0.0,0.0,1.0,-1.0,1.0,-1.0,0.0
269,제일연마,3.0,3.0,3.0,3.0,3.0,3.0,3.0,3.0,1560.0,KOSPI,비금속광물,85100000000.0,0.0,0.0,0.0,0.0,0.0,0.0,0.0
270,제일파마홀딩스,3.0,3.0,3.0,3.0,3.0,3.0,3.0,3.0,2620.0,KOSPI,서비스업,163887000000.0,0.0,0.0,0.0,0.0,0.0,0.0,0.0
271,조광페인트,3.0,4.0,3.0,3.0,3.0,3.0,3.0,3.0,4910.0,KOSPI,화학,79232000000.0,1.0,-1.0,0.0,0.0,0.0,0.0,0.0
272,조일알미늄,3.0,4.0,4.0,3.0,4.0,4.0,4.0,4.0,18470.0,KOSPI,철강금속,298218000000.0,1.0,0.0,-1.0,1.0,0.0,0.0,0.0
273,조흥,3.0,4.0,3.0,3.0,3.0,3.0,3.0,3.0,2600.0,KOSPI,음식료품,104520000000.0,1.0,-1.0,0.0,0.0,0.0,0.0,0.0
274,종근당바이오,3.0,3.0,3.0,3.0,3.0,4.0,3.0,3.0,63160.0,KOSPI,의약품,128646000000.0,0.0,0.0,0.0,0.0,1.0,-1.0,0.0
275,진양화학,3.0,3.0,3.0,3.0,3.0,3.0,3.0,3.0,51630.0,KOSPI,화학,56248000000.0,0.0,0.0,0.0,0.0,0.0,0.0,0.0
276,진흥기업,3.0,3.0,4.0,4.0,4.0,4.0,4.0,3.0,2780.0,KOSPI,건설업,137180000000.0,0.0,1.0,0.0,0.0,0.0,0.0,-1.0
277,체시스,3.0,3.0,3.0,3.0,3.0,3.0,3.0,3.0,33250.0,KOSPI,운수장비,39520000000.0,0.0,0.0,0.0,0.0,0.0,0.0,0.0
278,카프로,3.0,4.0,4.0,4.0,4.0,4.0,4.0,3.0,6380.0,KOSPI,화학,29280000000.0,1.0,0.0,0.0,0.0,0.0,0.0,-1.0
279,KCC,3.0,4.0,4.0,4.0,4.0,4.0,5.0,4.0,2380.0,KOSPI,화학,2146080000000.0,1.0,0.0,0.0,0.0,0.0,1.0,-1.0
280,KCTC,3.0,3.0,3.0,3.0,3.0,3.0,3.0,3.0,9070.0,KOSPI,운수창고업,113100000000.0,0.0,0.0,0.0,0.0,0.0,0.0,0.0
281,KT,5.0,5.0,5.0,5.0,5.0,5.0,6.0,5.0,30200.0,KOSPI,통신업,8820760000000.0,0.0,0.0,0.0,0.0,0.0,1.0,-1.0
282,KT&G,5.0,4.0,5.0,4.0,4.0,4.0,4.0,4.0,33780.0,KOSPI,기타제조업,11846300000000.0,-1.0,1.0,-1.0,0.0,0.0,0.0,0.0
283,코리아써키트,3.0,3.0,3.0,4.0,4.0,4.0,4.0,4.0,7810.0,KOSPI,전기전자,365413000000.0,0.0,0.0,1.0,0.0,0.0,0.0,0.0
284,코스맥스비티아이,3.0,3.0,3.0,3.0,3.0,3.0,3.0,3.0,44820.0,KOSPI,기타금융,91333288710.0,0.0,0.0,0.0,0.0,0.0,0.0,0.0
285,코스모화학,3.0,4.0,4.0,4.0,4.0,4.0,4.0,4.0,5420.0,KOSPI,화학,1219460000000.0,1.0,0.0,0.0,0.0,0.0,0.0,0.0
286,코아스,3.0,3.0,3.0,3.0,3.0,3.0,3.0,3.0,71950.0,KOSPI,기타제조업,14062780550.0,0.0,0.0,0.0,0.0,0.0,0.0,0.0
287,코오롱,3.0,3.0,3.0,3.0,3.0,3.0,3.0,3.0,2020.0,KOSPI,기타금융,202780000000.0,0.0,0.0,0.0,0.0,0.0,0.0,0.0
288,코오롱글로벌,3.0,3.0,3.0,3.0,3.0,3.0,3.0,3.0,3070.0,KOSPI,건설업,161496000000.0,0.0,0.0,0.0,0.0,0.0,0.0,0.0
289,코웨이,5.0,5.0,5.0,5.0,5.0,5.0,5.0,6.0,21240.0,KOSPI,서비스업,4125400000000.0,0.0,0.0,0.0,0.0,0.0,0.0,1.0
290,아센디오,3.0,3.0,3.0,3.0,3.0,3.0,3.0,3.0,12170.0,KOSPI,서비스업,112373000000.0,0.0,0.0,0.0,0.0,0.0,0.0,0.0
291,태광산업,3.0,3.0,3.0,3.0,3.0,3.0,3.0,3.0,3240.0,KOSPI,화학,702555000000.0,0.0,0.0,0.0,0.0,0.0,0.0,0.0
292,태림포장,3.0,3.0,3.0,3.0,3.0,3.0,3.0,3.0,11280.0,KOSPI,종이목재,199673000000.0,0.0,0.0,0.0,0.0,0.0,0.0,0.0
293,태양금속,3.0,3.0,3.0,4.0,4.0,4.0,4.0,4.0,4100.0,KOSPI,운수장비,72188900000.0,0.0,0.0,1.0,0.0,0.0,0.0,0.0
294,태영건설,3.0,3.0,3.0,4.0,4.0,3.0,3.0,3.0,9410.0,KOSPI,건설업,89856916380.0,0.0,0.0,1.0,0.0,-1.0,0.0,0.0
295,티에이치엔,3.0,3.0,3.0,3.0,3.0,3.0,3.0,3.0,19180.0,KOSPI,전기전자,63900000000.0,0.0,0.0,0.0,0.0,0.0,0.0,0.0
296,팜스코,3.0,3.0,3.0,3.0,3.0,3.0,3.0,3.0,36580.0,KOSPI,음식료품,106327000000.0,0.0,0.0,0.0,0.0,0.0,0.0,0.0
297,퍼시스,3.0,3.0,4.0,4.0,3.0,3.0,3.0,3.0,16800.0,KOSPI,기타제조업,407100000000.0,0.0,1.0,0.0,-1.0,0.0,0.0,0.0
298,평화산업,3.0,3.0,3.0,3.0,3.0,3.0,4.0,4.0,90080.0,KOSPI,운수장비,61490530080.0,0.0,0.0,0.0,0.0,0.0,1.0,0.0
299,POSCO홀딩스,6.0,6.0,5.0,4.0,5.0,5.0,5.0,5.0,5490.0,KOSPI,철강금속,33405600000000.0,0.0,-1.0,-1.0,1.0,0.0,0.0,0.0
300,포스코스틸리온,3.0,4.0,4.0,4.0,4.0,4.0,4.0,4.0,58430.0,KOSPI,철강금속,279300000000.0,1.0,0.0,0.0,0.0,0.0,0.0,0.0
301,포스코인터내셔널,3.0,3.0,3.0,3.0,3.0,3.0,3.0,5.0,47050.0,KOSPI,유통업,7890140000000.0,0.0,0.0,0.0,0.0,0.0,0.0,2.0
302,풀무원,3.0,4.0,4.0,3.0,4.0,5.0,5.0,5.0,17810.0,KOSPI,음식료품,470026000000.0,1.0,0.0,-1.0,1.0,1.0,0.0,0.0
303,풍산,4.0,4.0,4.0,4.0,4.0,5.0,4.0,4.0,103140.0,KOSPI,철강금속,1670250000000.0,0.0,0.0,0.0,0.0,1.0,-1.0,0.0
304,KH필룩스,3.0,3.0,3.0,3.0,3.0,3.0,3.0,3.0,33180.0,KOSPI,전기전자,120579000000.0,0.0,0.0,0.0,0.0,0.0,0.0,0.0
305,하나금융지주,3.0,3.0,4.0,3.0,3.0,3.0,4.0,5.0,86790.0,KOSPI,기타금융,16664300000000.0,0.0,1.0,-1.0,0.0,0.0,1.0,1.0
