,종목명,2011환경,2012환경,2013환경,2014환경,2015환경,2016환경,2017환경,2018환경,종목코드,시장구분,업종명,시가총액,2012-2011환경차이,2013-2012환경차이,2014-2013환경차이,2015-2014환경차이,2016-2015환경차이,2017-2016환경차이,2018-2017환경차이
0,AK홀딩스,3.0,2.0,2.0,2.0,2.0,3.0,3.0,2.0,6840.0,KOSPI,기타금융,195931000000.0,-1.0,0.0,0.0,0.0,1.0,0.0,-1.0
1,BYC,3.0,2.0,3.0,2.0,2.0,2.0,3.0,4.0,1460.0,KOSPI,섬유의복,246411000000.0,-1.0,1.0,-1.0,0.0,0.0,1.0,1.0
2,CJ,4.0,3.0,3.0,3.0,3.0,4.0,5.0,5.0,1040.0,KOSPI,기타금융,3574180000000.0,-1.0,0.0,0.0,0.0,1.0,1.0,0.0
3,CJCGV,3.0,3.0,3.0,2.0,3.0,2.0,4.0,5.0,79160.0,KOSPI,서비스업,710106000000.0,0.0,0.0,-1.0,1.0,-1.0,2.0,1.0
4,CJ대한통운,3.0,3.0,4.0,4.0,4.0,4.0,4.0,4.0,120.0,KOSPI,운수창고업,2817320000000.0,0.0,1.0,0.0,0.0,0.0,0.0,0.0
5,CJ씨푸드,2.0,2.0,2.0,3.0,3.0,3.0,3.0,3.0,11150.0,KOSPI,음식료품,98809625750.0,0.0,0.0,1.0,0.0,0.0,0.0,0.0
6,CJ제일제당,4.0,4.0,3.0,3.0,3.0,3.0,4.0,4.0,97950.0,KOSPI,음식료품,5223800000000.0,0.0,-1.0,0.0,0.0,0.0,1.0,0.0
7,CS홀딩스,3.0,2.0,2.0,2.0,3.0,2.0,3.0,3.0,590.0,KOSPI,기타금융,73540503400.0,-1.0,0.0,0.0,1.0,-1.0,1.0,0.0
8,DB,3.0,3.0,3.0,3.0,2.0,2.0,3.0,3.0,12030.0,KOSPI,서비스업,291300000000.0,0.0,0.0,0.0,-1.0,0.0,1.0,0.0
9,DB금융투자,3.0,3.0,2.0,3.0,5.0,4.0,5.0,4.0,16610.0,KOSPI,증권,174030000000.0,0.0,-1.0,1.0,2.0,-1.0,1.0,-1.0
10,DB손해보험,5.0,4.0,4.0,6.0,5.0,6.0,5.0,4.0,5830.0,KOSPI,보험,6605640000000.0,-1.0,0.0,2.0,-1.0,1.0,-1.0,-1.0
11,DB하이텍,3.0,3.0,4.0,3.0,2.0,3.0,2.0,3.0,990.0,KOSPI,전기전자,1818120000000.0,0.0,1.0,-1.0,-1.0,1.0,-1.0,1.0
12,DRB동일,2.0,3.0,2.0,2.0,2.0,3.0,3.0,2.0,4840.0,KOSPI,화학,115793000000.0,1.0,-1.0,0.0,0.0,1.0,0.0,-1.0
13,DSR제강,2.0,2.0,2.0,2.0,2.0,2.0,3.0,2.0,69730.0,KOSPI,철강금속,59616000000.0,0.0,0.0,0.0,0.0,0.0,1.0,-1.0
14,E1,4.0,3.0,3.0,4.0,3.0,4.0,4.0,3.0,17940.0,KOSPI,유통업,454818000000.0,-1.0,0.0,1.0,-1.0,1.0,0.0,-1.0
15,F&F,3.0,3.0,3.0,3.0,3.0,3.0,3.0,2.0,383220.0,KOSPI,섬유의복,2528270000000.0,0.0,0.0,0.0,0.0,0.0,0.0,-1.0
16,GKL,3.0,4.0,4.0,3.0,4.0,3.0,4.0,3.0,114090.0,KOSPI,서비스업,856082000000.0,1.0,0.0,-1.0,1.0,-1.0,1.0,-1.0
17,GS,4.0,4.0,4.0,4.0,3.0,3.0,4.0,4.0,78930.0,KOSPI,기타금융,4157960000000.0,0.0,0.0,0.0,-1.0,0.0,1.0,0.0
18,GS건설,5.0,5.0,5.0,4.0,3.0,4.0,4.0,4.0,6360.0,KOSPI,건설업,1258050000000.0,0.0,0.0,-1.0,-1.0,1.0,0.0,0.0
19,GS글로벌,3.0,3.0,3.0,3.0,3.0,3.0,4.0,4.0,1250.0,KOSPI,유통업,198081000000.0,0.0,0.0,0.0,0.0,0.0,1.0,0.0
20,JW중외제약,3.0,3.0,2.0,2.0,2.0,3.0,3.0,4.0,1060.0,KOSPI,의약품,690428000000.0,0.0,-1.0,0.0,0.0,1.0,0.0,1.0
21,JW홀딩스,3.0,3.0,3.0,3.0,3.0,2.0,4.0,3.0,96760.0,KOSPI,기타금융,219927000000.0,0.0,0.0,0.0,0.0,-1.0,2.0,-1.0
22,KB금융,6.0,6.0,6.0,5.0,5.0,6.0,5.0,6.0,105560.0,KOSPI,기타금융,28044000000000.0,0.0,0.0,-1.0,0.0,1.0,-1.0,1.0
23,KC그린홀딩스,3.0,3.0,3.0,3.0,3.0,3.0,3.0,3.0,9440.0,KOSPI,기타금융,54404826500.0,0.0,0.0,0.0,0.0,0.0,0.0,0.0
24,KEC,2.0,2.0,3.0,3.0,2.0,2.0,3.0,3.0,92220.0,KOSPI,전기전자,260189000000.0,0.0,1.0,0.0,-1.0,0.0,1.0,0.0
25,KG케미칼,2.0,2.0,1.0,2.0,3.0,2.0,1.0,1.0,1390.0,KOSPI,화학,378634000000.0,0.0,-1.0,1.0,1.0,-1.0,-1.0,0.0
26,KISCO홀딩스,4.0,3.0,3.0,3.0,4.0,3.0,3.0,4.0,1940.0,KOSPI,철강금속,373674000000.0,-1.0,0.0,0.0,1.0,-1.0,0.0,1.0
27,그린케미칼,3.0,3.0,3.0,2.0,3.0,3.0,1.0,3.0,83420.0,KOSPI,화학,171120000000.0,0.0,0.0,-1.0,1.0,0.0,-2.0,2.0
28,KPX케미칼,3.0,3.0,4.0,3.0,3.0,3.0,2.0,3.0,25000.0,KOSPI,화학,217074000000.0,0.0,1.0,-1.0,0.0,0.0,-1.0,1.0
29,KPX홀딩스,3.0,3.0,3.0,3.0,3.0,3.0,3.0,3.0,92230.0,KOSPI,화학,238270000000.0,0.0,0.0,0.0,0.0,0.0,0.0,0.0
30,KR모터스,3.0,3.0,2.0,3.0,2.0,3.0,3.0,2.0,40.0,KOSPI,운수장비,31696560384.0,0.0,-1.0,1.0,-1.0,1.0,0.0,-1.0
31,KSS해운,3.0,3.0,3.0,4.0,3.0,3.0,4.0,3.0,44450.0,KOSPI,운수창고업,187457000000.0,0.0,0.0,1.0,-1.0,0.0,1.0,-1.0
32,다올투자증권,4.0,4.0,4.0,3.0,2.0,4.0,4.0,4.0,30210.0,KOSPI,증권,187911000000.0,0.0,0.0,-1.0,-1.0,2.0,0.0,0.0
33,LF,4.0,3.0,3.0,3.0,3.0,3.0,4.0,3.0,93050.0,KOSPI,섬유의복,437138000000.0,-1.0,0.0,0.0,0.0,0.0,1.0,-1.0
34,LG,4.0,3.0,5.0,5.0,5.0,5.0,4.0,4.0,3550.0,KOSPI,기타금융,12426800000000.0,-1.0,2.0,0.0,0.0,0.0,-1.0,0.0
35,LG디스플레이,4.0,4.0,4.0,4.0,4.0,4.0,4.0,4.0,34220.0,KOSPI,전기전자,5065000000000.0,0.0,0.0,0.0,0.0,0.0,0.0,0.0
36,LG생활건강,4.0,4.0,4.0,4.0,4.0,4.0,4.0,4.0,51900.0,KOSPI,화학,5973960000000.0,0.0,0.0,0.0,0.0,0.0,0.0,0.0
37,LG유플러스,5.0,4.0,5.0,5.0,4.0,4.0,4.0,4.0,32640.0,KOSPI,통신업,4243860000000.0,-1.0,1.0,0.0,-1.0,0.0,0.0,0.0
38,LG이노텍,4.0,4.0,4.0,5.0,5.0,5.0,4.0,4.0,11070.0,KOSPI,전기전자,4366580000000.0,0.0,0.0,1.0,0.0,0.0,-1.0,0.0
39,LG전자,4.0,4.0,4.0,4.0,2.0,3.0,3.0,3.0,66570.0,KOSPI,전기전자,15055600000000.0,0.0,0.0,0.0,-2.0,1.0,0.0,0.0
40,LX하우시스,4.0,4.0,4.0,4.0,3.0,4.0,4.0,4.0,108670.0,KOSPI,화학,352878000000.0,0.0,0.0,0.0,-1.0,1.0,0.0,0.0
41,LG화학,4.0,4.0,5.0,5.0,4.0,3.0,4.0,4.0,51910.0,KOSPI,화학,26683900000000.0,0.0,1.0,0.0,-1.0,-1.0,1.0,0.0
42,LS,4.0,4.0,4.0,4.0,3.0,3.0,3.0,2.0,6260.0,KOSPI,기타금융,4079740000000.0,0.0,0.0,0.0,-1.0,0.0,0.0,-1.0
43,LS네트웍스,3.0,3.0,3.0,3.0,1.0,2.0,3.0,3.0,680.0,KOSPI,유통업,344369000000.0,0.0,0.0,0.0,-2.0,1.0,1.0,0.0
44,LSELECTRIC,5.0,4.0,4.0,4.0,4.0,4.0,3.0,3.0,10120.0,KOSPI,전기전자,4758000000000.0,-1.0,0.0,0.0,0.0,0.0,-1.0,0.0
45,MH에탄올,3.0,3.0,2.0,3.0,3.0,3.0,2.0,2.0,23150.0,KOSPI,음식료품,45082793860.0,0.0,-1.0,1.0,0.0,0.0,-1.0,0.0
46,NAVER,5.0,5.0,4.0,5.0,4.0,3.0,4.0,4.0,35420.0,KOSPI,서비스업,29379700000000.0,0.0,-1.0,1.0,-1.0,-1.0,1.0,0.0
47,NH투자증권,5.0,5.0,4.0,5.0,5.0,6.0,5.0,4.0,5940.0,KOSPI,증권,3853960000000.0,0.0,-1.0,1.0,0.0,1.0,-1.0,-1.0
48,NICE,3.0,3.0,3.0,3.0,4.0,3.0,4.0,3.0,34310.0,KOSPI,서비스업,461293000000.0,0.0,0.0,0.0,1.0,-1.0,1.0,-1.0
49,NI스틸,3.0,2.0,2.0,2.0,2.0,3.0,3.0,1.0,8260.0,KOSPI,철강금속,126699000000.0,-1.0,0.0,0.0,0.0,1.0,0.0,-2.0
50,OCI,5.0,4.0,4.0,4.0,3.0,4.0,4.0,4.0,456040.0,KOSPI,화학,748013000000.0,-1.0,0.0,0.0,-1.0,1.0,0.0,0.0
51,SNT에너지,3.0,3.0,3.0,3.0,3.0,3.0,3.0,3.0,100840.0,KOSPI,기계,76193116650.0,0.0,0.0,0.0,0.0,0.0,0.0,0.0
52,SNT모티브,4.0,4.0,3.0,3.0,3.0,3.0,4.0,3.0,64960.0,KOSPI,운수장비,666084000000.0,0.0,-1.0,0.0,0.0,0.0,1.0,-1.0
53,SNT다이내믹스,3.0,3.0,3.0,3.0,3.0,3.0,3.0,3.0,3570.0,KOSPI,운수장비,540356000000.0,0.0,0.0,0.0,0.0,0.0,0.0,0.0
54,SNT홀딩스,3.0,3.0,3.0,3.0,3.0,3.0,3.0,3.0,36530.0,KOSPI,기타금융,366837000000.0,0.0,0.0,0.0,0.0,0.0,0.0,0.0
55,S-Oil,5.0,5.0,5.0,6.0,5.0,6.0,6.0,6.0,10950.0,KOSPI,화학,8567550000000.0,0.0,0.0,1.0,-1.0,1.0,0.0,0.0
56,SBS,3.0,4.0,4.0,4.0,4.0,3.0,3.0,3.0,34120.0,KOSPI,서비스업,422968000000.0,1.0,0.0,0.0,0.0,-1.0,0.0,0.0
57,SG세계물산,2.0,2.0,2.0,2.0,2.0,2.0,2.0,2.0,4060.0,KOSPI,유통업,82791808640.0,0.0,0.0,0.0,0.0,0.0,0.0,0.0
58,SH에너지화학,2.0,3.0,2.0,2.0,3.0,3.0,3.0,4.0,2360.0,KOSPI,화학,71236720930.0,1.0,-1.0,0.0,1.0,0.0,0.0,1.0
59,SIMPAC,2.0,3.0,2.0,3.0,3.0,2.0,2.0,3.0,9160.0,KOSPI,철강금속,287236000000.0,1.0,-1.0,1.0,0.0,-1.0,0.0,1.0
60,SK,4.0,4.0,4.0,3.0,5.0,5.0,6.0,6.0,34730.0,KOSPI,기타금융,11865400000000.0,0.0,0.0,-1.0,2.0,0.0,1.0,0.0
61,SKC,5.0,5.0,4.0,4.0,4.0,4.0,4.0,4.0,11790.0,KOSPI,화학,4161730000000.0,0.0,-1.0,0.0,0.0,0.0,0.0,0.0
62,SK가스,3.0,2.0,4.0,4.0,4.0,4.0,4.0,4.0,18670.0,KOSPI,유통업,1426070000000.0,-1.0,2.0,0.0,0.0,0.0,0.0,0.0
63,SK네트웍스,5.0,5.0,5.0,4.0,4.0,5.0,4.0,4.0,1740.0,KOSPI,유통업,1199330000000.0,0.0,0.0,-1.0,0.0,1.0,-1.0,0.0
64,SK디스커버리,4.0,4.0,4.0,4.0,4.0,4.0,4.0,4.0,6120.0,KOSPI,기타금융,830335000000.0,0.0,0.0,0.0,0.0,0.0,0.0,0.0
65,SK이노베이션,6.0,5.0,3.0,3.0,4.0,6.0,5.0,5.0,96770.0,KOSPI,화학,10588400000000.0,-1.0,-2.0,0.0,1.0,2.0,-1.0,0.0
66,SK증권,4.0,5.0,4.0,4.0,4.0,5.0,5.0,4.0,1510.0,KOSPI,증권,281664000000.0,1.0,-1.0,0.0,0.0,1.0,0.0,-1.0
67,SK텔레콤,6.0,4.0,4.0,6.0,5.0,5.0,5.0,6.0,17670.0,KOSPI,통신업,10954300000000.0,-2.0,0.0,2.0,-1.0,0.0,0.0,1.0
68,SK하이닉스,6.0,6.0,4.0,3.0,4.0,5.0,5.0,4.0,660.0,KOSPI,전기전자,124925000000000.0,0.0,-2.0,-1.0,1.0,1.0,0.0,-1.0
69,SPC삼립,3.0,3.0,3.0,2.0,2.0,3.0,2.0,4.0,5610.0,KOSPI,음식료품,508249000000.0,0.0,0.0,-1.0,0.0,1.0,-1.0,2.0
70,TCC스틸,3.0,2.0,2.0,2.0,2.0,2.0,2.0,2.0,2710.0,KOSPI,철강금속,1420780000000.0,-1.0,0.0,0.0,0.0,0.0,0.0,0.0
71,WISCOM,3.0,4.0,3.0,3.0,3.0,4.0,3.0,3.0,24070.0,KOSPI,화학,36706819010.0,1.0,-1.0,0.0,0.0,1.0,-1.0,0.0
72,가온전선,3.0,3.0,3.0,3.0,4.0,3.0,3.0,3.0,500.0,KOSPI,전기전자,274819000000.0,0.0,0.0,0.0,1.0,-1.0,0.0,0.0
73,강남제비스코,3.0,3.0,3.0,3.0,2.0,3.0,3.0,3.0,860.0,KOSPI,화학,178100000000.0,0.0,0.0,0.0,-1.0,1.0,0.0,0.0
74,강원랜드,4.0,4.0,4.0,4.0,5.0,4.0,3.0,4.0,35250.0,KOSPI,서비스업,3209110000000.0,0.0,0.0,0.0,1.0,-1.0,-1.0,1.0
75,갤럭시아에스엠,3.0,2.0,2.0,2.0,2.0,2.0,2.0,2.0,11420.0,KOSPI,서비스업,61573454340.0,-1.0,0.0,0.0,0.0,0.0,0.0,0.0
76,경농,3.0,3.0,2.0,2.0,2.0,3.0,2.0,2.0,2100.0,KOSPI,화학,191712000000.0,0.0,-1.0,0.0,0.0,1.0,-1.0,0.0
77,경동나비엔,3.0,2.0,2.0,2.0,2.0,2.0,1.0,3.0,9450.0,KOSPI,전기전자,789618000000.0,-1.0,0.0,0.0,0.0,0.0,-1.0,2.0
78,경동인베스트,4.0,3.0,3.0,2.0,3.0,2.0,2.0,2.0,12320.0,KOSPI,기타금융,165552000000.0,-1.0,0.0,-1.0,1.0,-1.0,0.0,0.0
79,경방,3.0,3.0,3.0,3.0,3.0,2.0,3.0,2.0,50.0,KOSPI,유통업,210001000000.0,0.0,0.0,0.0,0.0,-1.0,1.0,-1.0
80,경인양행,3.0,3.0,3.0,3.0,3.0,3.0,3.0,2.0,12610.0,KOSPI,화학,137542000000.0,0.0,0.0,0.0,0.0,0.0,0.0,-1.0
81,경인전자,3.0,3.0,3.0,3.0,3.0,3.0,3.0,2.0,9140.0,KOSPI,전기전자,33772135500.0,0.0,0.0,0.0,0.0,0.0,0.0,-1.0
82,계룡건설,3.0,4.0,3.0,3.0,3.0,4.0,2.0,3.0,13580.0,KOSPI,건설업,117888000000.0,1.0,-1.0,0.0,0.0,1.0,-2.0,1.0
83,계양전기,3.0,3.0,3.0,3.0,3.0,3.0,3.0,3.0,12200.0,KOSPI,기계,50062782531.0,0.0,0.0,0.0,0.0,0.0,0.0,0.0
84,고려산업,2.0,2.0,2.0,3.0,3.0,3.0,3.0,3.0,2140.0,KOSPI,음식료품,78434491625.0,0.0,0.0,1.0,0.0,0.0,0.0,0.0
85,고려아연,4.0,4.0,3.0,4.0,3.0,4.0,3.0,2.0,10130.0,KOSPI,철강금속,9847940000000.0,0.0,-1.0,1.0,-1.0,1.0,-1.0,-1.0
86,고려제강,2.0,2.0,2.0,3.0,3.0,1.0,2.0,2.0,2240.0,KOSPI,철강금속,511250000000.0,0.0,0.0,1.0,0.0,-2.0,1.0,0.0
87,상상인증권,2.0,3.0,2.0,3.0,3.0,3.0,3.0,4.0,1290.0,KOSPI,증권,75835984000.0,1.0,-1.0,1.0,0.0,0.0,0.0,1.0
88,광동제약,2.0,3.0,3.0,2.0,3.0,3.0,3.0,3.0,9290.0,KOSPI,의약품,354365000000.0,1.0,0.0,-1.0,1.0,0.0,0.0,0.0
89,광명전기,3.0,3.0,3.0,2.0,3.0,2.0,2.0,1.0,17040.0,KOSPI,전기전자,110728000000.0,0.0,0.0,-1.0,1.0,-1.0,0.0,-1.0
90,광전자,2.0,3.0,3.0,3.0,3.0,4.0,3.0,3.0,17900.0,KOSPI,전기전자,121392000000.0,1.0,0.0,0.0,0.0,1.0,-1.0,0.0
91,광주신세계,4.0,3.0,3.0,3.0,4.0,3.0,3.0,4.0,37710.0,KOSPI,유통업,245479000000.0,-1.0,0.0,0.0,1.0,-1.0,0.0,1.0
92,교보증권,2.0,3.0,3.0,3.0,5.0,6.0,5.0,4.0,30610.0,KOSPI,증권,562977000000.0,1.0,0.0,0.0,2.0,1.0,-1.0,-1.0
93,국도화학,3.0,3.0,3.0,2.0,2.0,2.0,1.0,2.0,7690.0,KOSPI,화학,312668000000.0,0.0,0.0,-1.0,0.0,0.0,-1.0,1.0
94,국동,3.0,3.0,2.0,3.0,3.0,3.0,3.0,3.0,5320.0,KOSPI,유통업,40384171685.0,0.0,-1.0,1.0,0.0,0.0,0.0,0.0
95,국보,3.0,2.0,2.0,2.0,2.0,2.0,2.0,2.0,1140.0,KOSPI,운수창고업,32447620090.0,-1.0,0.0,0.0,0.0,0.0,0.0,0.0
96,국제약품,3.0,3.0,2.0,3.0,3.0,4.0,4.0,3.0,2720.0,KOSPI,의약품,106434000000.0,0.0,-1.0,1.0,0.0,1.0,0.0,-1.0
97,극동유화,3.0,3.0,3.0,2.0,3.0,3.0,3.0,3.0,14530.0,KOSPI,화학,139652000000.0,0.0,0.0,-1.0,1.0,0.0,0.0,0.0
98,금강공업,3.0,3.0,3.0,3.0,2.0,2.0,2.0,2.0,14280.0,KOSPI,철강금속,156325000000.0,0.0,0.0,0.0,-1.0,0.0,0.0,0.0
99,금비,2.0,2.0,2.0,2.0,2.0,2.0,2.0,2.0,8870.0,KOSPI,비금속광물,60100000000.0,0.0,0.0,0.0,0.0,0.0,0.0,0.0
100,금양,3.0,3.0,3.0,3.0,2.0,3.0,3.0,2.0,1570.0,KOSPI,화학,5572800000000.0,0.0,0.0,0.0,-1.0,1.0,0.0,-1.0
101,금호건설,2.0,3.0,2.0,3.0,3.0,3.0,3.0,3.0,2990.0,KOSPI,건설업,155205000000.0,1.0,-1.0,1.0,0.0,0.0,0.0,0.0
102,금호석유,4.0,4.0,4.0,3.0,2.0,3.0,3.0,2.0,11780.0,KOSPI,화학,3406510000000.0,0.0,0.0,-1.0,-1.0,1.0,0.0,-1.0
103,금호전기,3.0,3.0,2.0,3.0,2.0,3.0,2.0,2.0,1210.0,KOSPI,전기전자,27295981353.0,0.0,-1.0,1.0,-1.0,1.0,-1.0,0.0
104,기신정기,4.0,3.0,4.0,4.0,3.0,3.0,3.0,3.0,92440.0,KOSPI,기계,87600000000.0,-1.0,1.0,0.0,-1.0,0.0,0.0,0.0
105,기아,4.0,4.0,4.0,4.0,3.0,2.0,2.0,2.0,270.0,KOSPI,운수장비,46275300000000.0,0.0,0.0,0.0,-1.0,-1.0,0.0,0.0
106,기업은행,4.0,4.0,4.0,4.0,5.0,4.0,5.0,5.0,24110.0,KOSPI,은행,10876900000000.0,0.0,0.0,0.0,1.0,-1.0,1.0,0.0
107,까뮤이앤씨,3.0,2.0,2.0,2.0,3.0,4.0,3.0,3.0,13700.0,KOSPI,건설업,70753622760.0,-1.0,0.0,0.0,1.0,1.0,-1.0,0.0
108,깨끗한나라,3.0,2.0,3.0,3.0,3.0,3.0,3.0,3.0,4540.0,KOSPI,종이목재,82115728065.0,-1.0,1.0,0.0,0.0,0.0,0.0,0.0
109,이엔플러스,2.0,2.0,2.0,3.0,2.0,1.0,1.0,2.0,74610.0,KOSPI,기계,210769000000.0,0.0,0.0,1.0,-1.0,-1.0,0.0,1.0
110,남선알미늄,2.0,2.0,2.0,2.0,2.0,3.0,3.0,2.0,8350.0,KOSPI,철강금속,242669000000.0,0.0,0.0,0.0,0.0,1.0,0.0,-1.0
111,남성,2.0,3.0,2.0,2.0,2.0,2.0,3.0,2.0,4270.0,KOSPI,유통업,65797494720.0,1.0,-1.0,0.0,0.0,0.0,1.0,-1.0
112,남양유업,3.0,3.0,3.0,2.0,2.0,1.0,3.0,2.0,3920.0,KOSPI,음식료품,361440000000.0,0.0,0.0,-1.0,0.0,-1.0,2.0,-1.0
113,비비안,3.0,3.0,2.0,3.0,2.0,3.0,2.0,2.0,2070.0,KOSPI,섬유의복,30121723890.0,0.0,-1.0,1.0,-1.0,1.0,-1.0,0.0
114,남해화학,3.0,2.0,2.0,3.0,2.0,3.0,3.0,2.0,25860.0,KOSPI,화학,356694000000.0,-1.0,0.0,1.0,-1.0,1.0,0.0,-1.0
115,넥센,3.0,3.0,3.0,3.0,3.0,3.0,3.0,3.0,5720.0,KOSPI,화학,223278000000.0,0.0,0.0,0.0,0.0,0.0,0.0,0.0
116,넥센타이어,2.0,2.0,3.0,3.0,2.0,4.0,3.0,3.0,2350.0,KOSPI,화학,899521000000.0,0.0,1.0,0.0,-1.0,2.0,-1.0,0.0
117,노루페인트,3.0,3.0,2.0,3.0,3.0,3.0,3.0,3.0,90350.0,KOSPI,화학,181400000000.0,0.0,-1.0,1.0,0.0,0.0,0.0,0.0
118,노루홀딩스,3.0,3.0,3.0,3.0,3.0,1.0,1.0,3.0,320.0,KOSPI,기타금융,149658000000.0,0.0,0.0,0.0,0.0,-2.0,0.0,2.0
119,녹십자,3.0,3.0,2.0,3.0,3.0,2.0,3.0,3.0,6280.0,KOSPI,의약품,1308890000000.0,0.0,-1.0,1.0,0.0,-1.0,1.0,0.0
120,녹십자홀딩스,3.0,3.0,3.0,3.0,2.0,3.0,3.0,2.0,5250.0,KOSPI,서비스업,738813000000.0,0.0,0.0,0.0,-1.0,1.0,0.0,-1.0
121,농심,3.0,3.0,3.0,3.0,2.0,1.0,3.0,2.0,4370.0,KOSPI,음식료품,2405680000000.0,0.0,0.0,0.0,-1.0,-1.0,2.0,-1.0
122,농심홀딩스,3.0,3.0,3.0,2.0,3.0,2.0,3.0,2.0,72710.0,KOSPI,기타금융,304239000000.0,0.0,0.0,-1.0,1.0,-1.0,1.0,-1.0
123,다우기술,2.0,2.0,2.0,2.0,3.0,3.0,3.0,2.0,23590.0,KOSPI,서비스업,847979000000.0,0.0,0.0,0.0,1.0,0.0,0.0,-1.0
124,KIB플러그에너지,3.0,3.0,3.0,3.0,3.0,3.0,3.0,3.0,15590.0,KOSPI,기계,103087000000.0,0.0,0.0,0.0,0.0,0.0,0.0,0.0
125,대교,5.0,4.0,5.0,6.0,5.0,5.0,5.0,4.0,19680.0,KOSPI,서비스업,209640000000.0,-1.0,1.0,1.0,-1.0,0.0,0.0,-1.0
126,대구백화점,4.0,3.0,3.0,3.0,3.0,4.0,4.0,4.0,6370.0,KOSPI,유통업,78132031420.0,-1.0,0.0,0.0,0.0,1.0,0.0,0.0
127,대덕전자,3.0,3.0,3.0,3.0,3.0,3.0,3.0,3.0,353200.0,KOSPI,전기전자,1129180000000.0,0.0,0.0,0.0,0.0,0.0,0.0,0.0
128,대동,3.0,3.0,3.0,2.0,2.0,2.0,3.0,2.0,490.0,KOSPI,기계,302818000000.0,0.0,0.0,-1.0,0.0,0.0,1.0,-1.0
129,대동전자,2.0,2.0,2.0,2.0,2.0,3.0,3.0,2.0,8110.0,KOSPI,전기전자,117283000000.0,0.0,0.0,0.0,0.0,1.0,0.0,-1.0
130,대림B&Co,3.0,3.0,3.0,2.0,2.0,3.0,2.0,3.0,5750.0,KOSPI,비금속광물,66355515200.0,0.0,0.0,-1.0,0.0,1.0,-1.0,1.0
131,DL,4.0,4.0,5.0,5.0,3.0,3.0,4.0,4.0,210.0,KOSPI,화학,1058270000000.0,0.0,1.0,0.0,-2.0,0.0,1.0,0.0
132,대림통상,2.0,3.0,2.0,3.0,2.0,2.0,2.0,3.0,6570.0,KOSPI,기계,44761500000.0,1.0,-1.0,1.0,-1.0,0.0,0.0,1.0
133,대상,3.0,2.0,2.0,2.0,2.0,2.0,3.0,3.0,1680.0,KOSPI,음식료품,758792000000.0,-1.0,0.0,0.0,0.0,0.0,1.0,0.0
134,대상홀딩스,3.0,3.0,2.0,3.0,2.0,3.0,2.0,3.0,84690.0,KOSPI,기타금융,320843000000.0,0.0,-1.0,1.0,-1.0,1.0,-1.0,1.0
135,대성홀딩스,3.0,3.0,3.0,3.0,3.0,3.0,3.0,4.0,16710.0,KOSPI,서비스업,144322000000.0,0.0,0.0,0.0,0.0,0.0,0.0,1.0
136,대신증권,5.0,5.0,5.0,4.0,5.0,5.0,5.0,4.0,3540.0,KOSPI,증권,767694000000.0,0.0,0.0,-1.0,1.0,0.0,0.0,-1.0
137,대양금속,2.0,2.0,1.0,2.0,2.0,3.0,2.0,3.0,9190.0,KOSPI,철강금속,76862071306.0,0.0,-1.0,1.0,0.0,1.0,-1.0,1.0
138,대영포장,2.0,2.0,2.0,2.0,2.0,2.0,2.0,2.0,14160.0,KOSPI,종이목재,140371000000.0,0.0,0.0,0.0,0.0,0.0,0.0,0.0
139,대우건설,3.0,4.0,4.0,1.0,1.0,3.0,4.0,4.0,47040.0,KOSPI,건설업,1541960000000.0,1.0,0.0,-3.0,0.0,2.0,1.0,0.0
140,대우부품,2.0,2.0,2.0,2.0,2.0,3.0,2.0,3.0,9320.0,KOSPI,운수장비,68428080760.0,0.0,0.0,0.0,0.0,1.0,-1.0,1.0
141,한화오션,4.0,4.0,4.0,4.0,3.0,2.0,2.0,4.0,42660.0,KOSPI,운수장비,9864760000000.0,0.0,0.0,0.0,-1.0,-1.0,0.0,2.0
142,대웅,3.0,3.0,2.0,2.0,2.0,2.0,3.0,2.0,3090.0,KOSPI,의약품,1054700000000.0,0.0,-1.0,0.0,0.0,0.0,1.0,-1.0
143,대웅제약,3.0,3.0,3.0,3.0,2.0,2.0,2.0,2.0,69620.0,KOSPI,의약품,1283790000000.0,0.0,0.0,0.0,-1.0,0.0,0.0,0.0
144,대원강업,2.0,3.0,3.0,3.0,2.0,3.0,3.0,3.0,430.0,KOSPI,운수장비,341000000000.0,1.0,0.0,0.0,-1.0,1.0,0.0,0.0
145,대원전선,2.0,3.0,2.0,2.0,2.0,3.0,2.0,2.0,6340.0,KOSPI,전기전자,170556000000.0,1.0,-1.0,0.0,0.0,1.0,-1.0,0.0
146,대원제약,4.0,3.0,3.0,4.0,4.0,4.0,4.0,4.0,3220.0,KOSPI,의약품,337957000000.0,-1.0,0.0,1.0,0.0,0.0,0.0,0.0
147,대원화성,3.0,3.0,2.0,3.0,3.0,3.0,3.0,2.0,24890.0,KOSPI,화학,70618548224.0,0.0,-1.0,1.0,0.0,0.0,0.0,-1.0
148,대유에이텍,2.0,2.0,2.0,2.0,2.0,2.0,2.0,2.0,2880.0,KOSPI,운수장비,54643759380.0,0.0,0.0,0.0,0.0,0.0,0.0,0.0
149,대유플러스,3.0,2.0,2.0,2.0,2.0,1.0,3.0,2.0,300.0,KOSPI,전기전자,30475633069.0,-1.0,0.0,0.0,0.0,-1.0,2.0,-1.0
150,대창,2.0,3.0,2.0,2.0,2.0,2.0,3.0,3.0,12800.0,KOSPI,철강금속,137349000000.0,1.0,-1.0,0.0,0.0,0.0,1.0,0.0
151,대창단조,2.0,2.0,3.0,3.0,3.0,3.0,2.0,3.0,15230.0,KOSPI,운수장비,166290000000.0,0.0,1.0,0.0,0.0,0.0,-1.0,1.0
152,대한방직,3.0,3.0,3.0,3.0,3.0,3.0,2.0,2.0,1070.0,KOSPI,섬유의복,34768000000.0,0.0,0.0,0.0,0.0,0.0,-1.0,0.0
153,대한유화,3.0,3.0,2.0,2.0,2.0,2.0,3.0,2.0,6650.0,KOSPI,화학,869050000000.0,0.0,-1.0,0.0,0.0,0.0,1.0,-1.0
154,대한전선,3.0,3.0,2.0,2.0,1.0,3.0,3.0,3.0,1440.0,KOSPI,전기전자,2321270000000.0,0.0,-1.0,0.0,-1.0,2.0,0.0,0.0
155,대한제강,3.0,3.0,3.0,3.0,3.0,2.0,3.0,3.0,84010.0,KOSPI,철강금속,325928000000.0,0.0,0.0,0.0,0.0,-1.0,1.0,0.0
156,대한제당,3.0,3.0,3.0,3.0,4.0,3.0,2.0,3.0,1790.0,KOSPI,음식료품,278059000000.0,0.0,0.0,0.0,1.0,-1.0,-1.0,1.0
157,대한제분,3.0,3.0,3.0,2.0,2.0,3.0,2.0,2.0,1130.0,KOSPI,음식료품,221897000000.0,0.0,0.0,-1.0,0.0,1.0,-1.0,0.0
158,대한항공,4.0,3.0,4.0,4.0,1.0,2.0,4.0,3.0,3490.0,KOSPI,운수창고업,7640580000000.0,-1.0,1.0,0.0,-3.0,1.0,2.0,-1.0
159,대한화섬,2.0,2.0,2.0,3.0,3.0,3.0,3.0,3.0,3830.0,KOSPI,화학,143822000000.0,0.0,0.0,1.0,0.0,0.0,0.0,0.0
160,대현,4.0,3.0,3.0,4.0,3.0,3.0,3.0,3.0,16090.0,KOSPI,섬유의복,84667776720.0,-1.0,0.0,1.0,-1.0,0.0,0.0,0.0
161,대호에이엘,3.0,2.0,2.0,2.0,2.0,3.0,3.0,2.0,69460.0,KOSPI,철강금속,75582738624.0,-1.0,0.0,0.0,0.0,1.0,0.0,-1.0
162,더존비즈온,3.0,2.0,2.0,2.0,3.0,3.0,3.0,3.0,12510.0,KOSPI,서비스업,1637630000000.0,-1.0,0.0,0.0,1.0,0.0,0.0,0.0
163,덕성,3.0,3.0,3.0,2.0,2.0,2.0,3.0,2.0,4830.0,KOSPI,화학,125440000000.0,0.0,0.0,-1.0,0.0,0.0,1.0,-1.0
164,덕양산업,2.0,3.0,2.0,2.0,3.0,3.0,3.0,2.0,24900.0,KOSPI,운수장비,169989000000.0,1.0,-1.0,0.0,1.0,0.0,0.0,-1.0
165,케이비아이동국실업,2.0,2.0,2.0,2.0,2.0,2.0,2.0,2.0,1620.0,KOSPI,운수장비,64661251011.0,0.0,0.0,0.0,0.0,0.0,0.0,0.0
166,하이스틸,3.0,3.0,3.0,3.0,3.0,3.0,3.0,3.0,71090.0,KOSPI,철강금속,65824195460.0,0.0,0.0,0.0,0.0,0.0,0.0,0.0
167,하이트론,3.0,3.0,3.0,3.0,3.0,3.0,3.0,3.0,19490.0,KOSPI,전기전자,36143092216.0,0.0,0.0,0.0,0.0,0.0,0.0,0.0
168,하이트진로,3.0,4.0,3.0,4.0,3.0,2.0,3.0,2.0,80.0,KOSPI,음식료품,1476310000000.0,1.0,-1.0,1.0,-1.0,-1.0,1.0,-1.0
169,하이트진로홀딩스,4.0,3.0,4.0,3.0,3.0,4.0,4.0,3.0,140.0,KOSPI,기타금융,208861000000.0,-1.0,1.0,-1.0,0.0,1.0,0.0,-1.0
170,한국가스공사,5.0,4.0,4.0,5.0,4.0,4.0,4.0,4.0,36460.0,KOSPI,전기가스업,2372440000000.0,-1.0,0.0,1.0,-1.0,0.0,0.0,0.0
171,한국공항,2.0,2.0,2.0,2.0,1.0,2.0,2.0,2.0,5430.0,KOSPI,운수창고업,216262000000.0,0.0,0.0,0.0,-1.0,1.0,0.0,0.0
172,한국금융지주,5.0,5.0,5.0,5.0,5.0,6.0,5.0,4.0,71050.0,KOSPI,기타금융,3672340000000.0,0.0,0.0,0.0,0.0,1.0,-1.0,-1.0
173,한국내화,3.0,3.0,3.0,2.0,3.0,2.0,2.0,1.0,10040.0,KOSPI,비금속광물,114577000000.0,0.0,0.0,-1.0,1.0,-1.0,0.0,-1.0
174,한국단자,3.0,3.0,3.0,3.0,3.0,3.0,4.0,3.0,25540.0,KOSPI,전기전자,655104000000.0,0.0,0.0,0.0,0.0,0.0,1.0,-1.0
175,한국석유,3.0,3.0,3.0,3.0,3.0,3.0,3.0,2.0,4090.0,KOSPI,비금속광물,203741000000.0,0.0,0.0,0.0,0.0,0.0,0.0,-1.0
176,한국수출포장,3.0,3.0,3.0,3.0,3.0,3.0,3.0,3.0,2200.0,KOSPI,종이목재,105800000000.0,0.0,0.0,0.0,0.0,0.0,0.0,0.0
177,한국쉘석유,3.0,3.0,4.0,4.0,4.0,4.0,4.0,4.0,2960.0,KOSPI,화학,350350000000.0,0.0,1.0,0.0,0.0,0.0,0.0,0.0
178,한국전력,5.0,4.0,4.0,5.0,4.0,2.0,4.0,4.0,15760.0,KOSPI,전기가스업,13417000000000.0,-1.0,0.0,1.0,-1.0,-2.0,2.0,0.0
179,한국전자홀딩스,3.0,3.0,2.0,2.0,3.0,3.0,2.0,2.0,6200.0,KOSPI,기타금융,42731263168.0,0.0,-1.0,0.0,1.0,0.0,-1.0,0.0
181,한국주강,3.0,2.0,2.0,2.0,2.0,2.0,2.0,2.0,25890.0,KOSPI,기계,26859490125.0,-1.0,0.0,0.0,0.0,0.0,0.0,0.0
182,한국주철관,3.0,3.0,2.0,3.0,2.0,2.0,3.0,1.0,970.0,KOSPI,철강금속,147063000000.0,0.0,-1.0,1.0,-1.0,0.0,1.0,-2.0
183,한국철강,4.0,4.0,4.0,4.0,3.0,2.0,3.0,3.0,104700.0,KOSPI,철강금속,514494000000.0,0.0,0.0,0.0,-1.0,-1.0,1.0,0.0
184,한국카본,3.0,3.0,3.0,3.0,2.0,2.0,2.0,3.0,17960.0,KOSPI,기계,573069000000.0,0.0,0.0,0.0,-1.0,0.0,0.0,1.0
185,한국앤컴퍼니,4.0,4.0,4.0,4.0,3.0,5.0,4.0,2.0,240.0,KOSPI,기타금융,1471500000000.0,0.0,0.0,0.0,-1.0,2.0,-1.0,-2.0
186,한국무브넥스,3.0,3.0,2.0,2.0,2.0,2.0,3.0,2.0,10100.0,KOSPI,운수장비,145858000000.0,0.0,-1.0,0.0,0.0,0.0,1.0,-1.0
187,한국화장품제조,2.0,2.0,2.0,3.0,3.0,3.0,3.0,2.0,3350.0,KOSPI,화학,117379000000.0,0.0,0.0,1.0,0.0,0.0,0.0,-1.0
188,한농화성,3.0,3.0,3.0,3.0,3.0,3.0,3.0,3.0,11500.0,KOSPI,화학,276776000000.0,0.0,0.0,0.0,0.0,0.0,0.0,0.0
189,한독,4.0,4.0,4.0,4.0,3.0,3.0,4.0,4.0,2390.0,KOSPI,의약품,183606000000.0,0.0,0.0,0.0,-1.0,0.0,1.0,0.0
190,한미글로벌,3.0,3.0,3.0,3.0,3.0,3.0,3.0,3.0,53690.0,KOSPI,서비스업,167431000000.0,0.0,0.0,0.0,0.0,0.0,0.0,0.0
191,한미반도체,4.0,3.0,4.0,3.0,2.0,3.0,3.0,3.0,42700.0,KOSPI,기계,12371800000000.0,-1.0,1.0,-1.0,-1.0,1.0,0.0,0.0
192,한미사이언스,3.0,3.0,3.0,3.0,3.0,2.0,1.0,2.0,8930.0,KOSPI,기타금융,2298090000000.0,0.0,0.0,0.0,0.0,-1.0,-1.0,1.0
193,한샘,3.0,3.0,4.0,4.0,4.0,4.0,2.0,3.0,9240.0,KOSPI,유통업,1195520000000.0,0.0,1.0,0.0,0.0,0.0,-2.0,1.0
194,한섬,3.0,3.0,3.0,3.0,3.0,4.0,3.0,4.0,20000.0,KOSPI,섬유의복,446911000000.0,0.0,0.0,0.0,0.0,1.0,-1.0,1.0
195,한성기업,2.0,2.0,2.0,2.0,2.0,2.0,2.0,2.0,3680.0,KOSPI,음식료품,31979002250.0,0.0,0.0,0.0,0.0,0.0,0.0,0.0
196,한세실업,3.0,3.0,3.0,4.0,4.0,4.0,4.0,3.0,105630.0,KOSPI,섬유의복,854000000000.0,0.0,0.0,1.0,0.0,0.0,0.0,-1.0
197,한세예스24홀딩스,3.0,3.0,3.0,3.0,3.0,3.0,2.0,2.0,16450.0,KOSPI,섬유의복,187200000000.0,0.0,0.0,0.0,0.0,0.0,-1.0,0.0
198,한솔로지스틱스,2.0,2.0,2.0,2.0,2.0,3.0,3.0,3.0,9180.0,KOSPI,운수창고업,62026222875.0,0.0,0.0,0.0,0.0,1.0,0.0,0.0
199,한솔케미칼,3.0,3.0,2.0,4.0,4.0,3.0,4.0,4.0,14680.0,KOSPI,화학,2157090000000.0,0.0,-1.0,2.0,0.0,-1.0,1.0,0.0
200,한솔테크닉스,3.0,2.0,3.0,3.0,2.0,3.0,4.0,3.0,4710.0,KOSPI,전기전자,176604000000.0,-1.0,1.0,0.0,-1.0,1.0,1.0,-1.0
201,한솔PNS,2.0,2.0,2.0,2.0,2.0,3.0,3.0,2.0,10420.0,KOSPI,유통업,25226897772.0,0.0,0.0,0.0,0.0,1.0,0.0,-1.0
202,한솔홀딩스,4.0,3.0,3.0,3.0,3.0,3.0,3.0,4.0,4150.0,KOSPI,기타금융,115734000000.0,-1.0,0.0,0.0,0.0,0.0,0.0,1.0
203,한솔홈데코,2.0,2.0,2.0,2.0,2.0,2.0,3.0,4.0,25750.0,KOSPI,종이목재,60182166303.0,0.0,0.0,0.0,0.0,0.0,1.0,1.0
204,한신공영,3.0,3.0,3.0,3.0,3.0,2.0,2.0,3.0,4960.0,KOSPI,건설업,74631027900.0,0.0,0.0,0.0,0.0,-1.0,0.0,1.0
205,한신기계,3.0,3.0,3.0,2.0,2.0,3.0,3.0,3.0,11700.0,KOSPI,기계,142763000000.0,0.0,0.0,-1.0,0.0,1.0,0.0,0.0
206,한양증권,4.0,4.0,4.0,3.0,4.0,4.0,4.0,4.0,1750.0,KOSPI,증권,130849000000.0,0.0,0.0,-1.0,1.0,0.0,0.0,0.0
207,한온시스템,2.0,3.0,2.0,2.0,2.0,3.0,3.0,4.0,18880.0,KOSPI,기계,2749070000000.0,1.0,-1.0,0.0,0.0,1.0,0.0,1.0
208,한올바이오파마,3.0,3.0,3.0,3.0,3.0,2.0,4.0,3.0,9420.0,KOSPI,의약품,1810140000000.0,0.0,0.0,0.0,0.0,-1.0,2.0,-1.0
209,한익스프레스,3.0,2.0,2.0,3.0,3.0,3.0,3.0,3.0,14130.0,KOSPI,운수창고업,53760000000.0,-1.0,0.0,1.0,0.0,0.0,0.0,0.0
210,한일시멘트,3.0,3.0,3.0,3.0,3.0,2.0,3.0,1.0,300720.0,KOSPI,비금속광물,873388000000.0,0.0,0.0,0.0,0.0,-1.0,1.0,-2.0
211,한일철강,2.0,3.0,2.0,2.0,2.0,2.0,2.0,2.0,2220.0,KOSPI,철강금속,64207391300.0,1.0,-1.0,0.0,0.0,0.0,0.0,0.0
212,한전KPS,3.0,3.0,3.0,3.0,3.0,3.0,3.0,4.0,51600.0,KOSPI,건설업,1539000000000.0,0.0,0.0,0.0,0.0,0.0,0.0,1.0
213,한전기술,3.0,3.0,3.0,3.0,3.0,3.0,3.0,3.0,52690.0,KOSPI,서비스업,2262620000000.0,0.0,0.0,0.0,0.0,0.0,0.0,0.0
214,한진,3.0,2.0,3.0,2.0,2.0,2.0,3.0,3.0,2320.0,KOSPI,운수창고업,316142000000.0,-1.0,1.0,-1.0,0.0,0.0,1.0,0.0
215,HJ중공업,4.0,3.0,3.0,3.0,3.0,2.0,2.0,2.0,97230.0,KOSPI,건설업,250656000000.0,-1.0,0.0,0.0,0.0,-1.0,0.0,0.0
216,한진중공업홀딩스,4.0,4.0,4.0,4.0,3.0,3.0,4.0,4.0,3480.0,KOSPI,전기가스업,101730000000.0,0.0,0.0,0.0,-1.0,0.0,1.0,0.0
217,한창,2.0,2.0,2.0,1.0,1.0,2.0,2.0,2.0,5110.0,KOSPI,유통업,23332434378.0,0.0,0.0,-1.0,0.0,1.0,0.0,0.0
218,한창제지,3.0,3.0,3.0,3.0,2.0,2.0,2.0,2.0,9460.0,KOSPI,종이목재,49285343436.0,0.0,0.0,0.0,-1.0,0.0,0.0,0.0
219,한화,5.0,3.0,1.0,4.0,4.0,4.0,5.0,5.0,880.0,KOSPI,화학,2001400000000.0,-2.0,-2.0,3.0,0.0,0.0,1.0,0.0
220,한화손해보험,4.0,4.0,3.0,4.0,3.0,5.0,5.0,4.0,370.0,KOSPI,보험,544587000000.0,0.0,-1.0,1.0,-1.0,2.0,0.0,-1.0
221,한화솔루션,4.0,3.0,3.0,3.0,2.0,3.0,2.0,4.0,9830.0,KOSPI,화학,4314500000000.0,-1.0,0.0,0.0,-1.0,1.0,-1.0,2.0
222,한화에어로스페이스,4.0,4.0,4.0,4.0,4.0,4.0,4.0,3.0,12450.0,KOSPI,운수장비,11138600000000.0,0.0,0.0,0.0,0.0,0.0,0.0,-1.0
223,한화투자증권,4.0,3.0,4.0,3.0,3.0,5.0,5.0,4.0,3530.0,KOSPI,증권,736972000000.0,-1.0,1.0,-1.0,0.0,2.0,0.0,-1.0
224,HDC현대EP,3.0,3.0,2.0,2.0,3.0,2.0,3.0,2.0,89470.0,KOSPI,화학,130471000000.0,0.0,-1.0,0.0,1.0,-1.0,1.0,-1.0
225,현대건설,4.0,4.0,4.0,4.0,3.0,3.0,1.0,4.0,720.0,KOSPI,건설업,3786100000000.0,0.0,0.0,0.0,-1.0,0.0,-2.0,3.0
226,현대그린푸드,3.0,3.0,3.0,4.0,4.0,4.0,4.0,4.0,453340.0,KOSPI,유통업,406910000000.0,0.0,0.0,1.0,0.0,0.0,0.0,0.0
227,현대글로비스,3.0,3.0,4.0,4.0,3.0,3.0,4.0,4.0,86280.0,KOSPI,운수창고업,6671250000000.0,0.0,1.0,0.0,-1.0,0.0,1.0,0.0
228,현대리바트,3.0,3.0,2.0,3.0,4.0,4.0,4.0,4.0,79430.0,KOSPI,기타제조업,153193000000.0,0.0,-1.0,1.0,1.0,0.0,0.0,0.0
229,현대모비스,4.0,4.0,4.0,4.0,2.0,2.0,2.0,3.0,12330.0,KOSPI,운수장비,22383600000000.0,0.0,0.0,0.0,-2.0,0.0,0.0,1.0
230,HD현대미포,3.0,3.0,4.0,4.0,4.0,4.0,4.0,4.0,10620.0,KOSPI,운수장비,2923770000000.0,0.0,1.0,0.0,0.0,0.0,0.0,0.0
231,현대백화점,4.0,4.0,3.0,4.0,4.0,4.0,4.0,4.0,69960.0,KOSPI,유통업,1170120000000.0,0.0,-1.0,1.0,0.0,0.0,0.0,0.0
232,현대비앤지스틸,3.0,2.0,2.0,2.0,3.0,1.0,2.0,2.0,4560.0,KOSPI,철강금속,303838000000.0,-1.0,0.0,0.0,1.0,-2.0,1.0,0.0
233,HMM,5.0,3.0,4.0,3.0,1.0,1.0,4.0,3.0,11200.0,KOSPI,운수창고업,11107300000000.0,-2.0,1.0,-1.0,-2.0,0.0,3.0,-1.0
234,현대약품,4.0,4.0,3.0,4.0,4.0,3.0,4.0,3.0,4310.0,KOSPI,의약품,121280000000.0,0.0,-1.0,1.0,0.0,-1.0,1.0,-1.0
235,현대엘리베이,4.0,4.0,4.0,3.0,1.0,2.0,4.0,4.0,17800.0,KOSPI,기계,1581290000000.0,0.0,0.0,-1.0,-2.0,1.0,2.0,0.0
236,현대차,5.0,5.0,4.0,4.0,2.0,2.0,3.0,3.0,5380.0,KOSPI,운수장비,51307000000000.0,0.0,-1.0,0.0,-2.0,0.0,1.0,0.0
237,현대제철,4.0,4.0,4.0,4.0,3.0,2.0,3.0,2.0,4020.0,KOSPI,철강금속,4276940000000.0,0.0,0.0,0.0,-1.0,-1.0,1.0,-1.0
238,현대코퍼레이션,3.0,3.0,4.0,4.0,2.0,3.0,3.0,2.0,11760.0,KOSPI,유통업,218543000000.0,0.0,1.0,0.0,-2.0,1.0,0.0,-1.0
239,HD현대중공업,5.0,4.0,4.0,5.0,4.0,4.0,4.0,4.0,329180.0,KOSPI,운수장비,10883600000000.0,-1.0,0.0,1.0,-1.0,0.0,0.0,0.0
240,현대차증권,3.0,3.0,3.0,3.0,5.0,5.0,5.0,4.0,1500.0,KOSPI,증권,274314000000.0,0.0,0.0,0.0,2.0,0.0,0.0,-1.0
241,현대해상,5.0,5.0,5.0,5.0,5.0,6.0,5.0,5.0,1450.0,KOSPI,보험,2749050000000.0,0.0,0.0,0.0,0.0,1.0,-1.0,0.0
242,형지엘리트,3.0,3.0,2.0,2.0,2.0,2.0,2.0,2.0,93240.0,KOSPI,섬유의복,37697305580.0,0.0,-1.0,0.0,0.0,0.0,0.0,0.0
243,혜인,2.0,3.0,3.0,3.0,2.0,3.0,3.0,2.0,3010.0,KOSPI,유통업,69284471150.0,1.0,0.0,0.0,-1.0,1.0,0.0,-1.0
244,호텔신라,3.0,3.0,2.0,2.0,3.0,3.0,4.0,5.0,8770.0,KOSPI,유통업,2276390000000.0,0.0,-1.0,0.0,1.0,0.0,1.0,1.0
245,화성산업,4.0,4.0,4.0,4.0,4.0,4.0,4.0,4.0,2460.0,KOSPI,건설업,101297000000.0,0.0,0.0,0.0,0.0,0.0,0.0,0.0
246,화승알앤에이,3.0,3.0,2.0,2.0,2.0,3.0,4.0,3.0,378850.0,KOSPI,운수장비,74265065930.0,0.0,-1.0,0.0,0.0,1.0,1.0,-1.0
247,화승인더,2.0,2.0,2.0,2.0,2.0,2.0,3.0,1.0,6060.0,KOSPI,화학,221003000000.0,0.0,0.0,0.0,0.0,0.0,1.0,-2.0
248,화신,2.0,2.0,2.0,3.0,2.0,2.0,1.0,2.0,10690.0,KOSPI,운수장비,367363000000.0,0.0,0.0,1.0,-1.0,0.0,-1.0,1.0
249,화천기계,3.0,3.0,3.0,3.0,2.0,3.0,3.0,2.0,10660.0,KOSPI,기계,80960000000.0,0.0,0.0,0.0,-1.0,1.0,0.0,-1.0
250,화천기공,3.0,3.0,3.0,3.0,3.0,3.0,3.0,3.0,850.0,KOSPI,기계,66880000000.0,0.0,0.0,0.0,0.0,0.0,0.0,0.0
251,환인제약,3.0,4.0,4.0,4.0,3.0,4.0,4.0,4.0,16580.0,KOSPI,의약품,256495000000.0,1.0,0.0,0.0,-1.0,1.0,0.0,0.0
252,황금에스티,3.0,3.0,3.0,3.0,3.0,3.0,3.0,2.0,32560.0,KOSPI,철강금속,116280000000.0,0.0,0.0,0.0,0.0,0.0,0.0,-1.0
253,효성,4.0,4.0,4.0,3.0,2.0,1.0,1.0,2.0,4800.0,KOSPI,기타금융,1224230000000.0,0.0,0.0,-1.0,-1.0,-1.0,0.0,1.0
254,효성ITX,2.0,3.0,2.0,3.0,4.0,3.0,4.0,3.0,94280.0,KOSPI,서비스업,144478000000.0,1.0,-1.0,1.0,1.0,-1.0,1.0,-1.0
255,후성,2.0,3.0,2.0,2.0,2.0,3.0,2.0,3.0,93370.0,KOSPI,화학,748212000000.0,1.0,-1.0,0.0,0.0,1.0,-1.0,1.0
256,휴니드,2.0,2.0,3.0,3.0,3.0,3.0,3.0,3.0,5870.0,KOSPI,전기전자,103753000000.0,0.0,1.0,0.0,0.0,0.0,0.0,0.0
257,휴스틸,3.0,3.0,3.0,3.0,3.0,3.0,3.0,3.0,5010.0,KOSPI,철강금속,251161000000.0,0.0,0.0,0.0,0.0,0.0,0.0,0.0
258,TKG휴켐스,4.0,3.0,3.0,3.0,3.0,3.0,3.0,3.0,69260.0,KOSPI,화학,791001000000.0,-1.0,0.0,0.0,0.0,0.0,0.0,0.0
259,흥국화재,2.0,3.0,3.0,3.0,4.0,6.0,5.0,4.0,540.0,KOSPI,보험,260825000000.0,1.0,0.0,0.0,1.0,2.0,-1.0,-1.0
260,흥아해운,3.0,3.0,3.0,3.0,3.0,2.0,3.0,2.0,3280.0,KOSPI,운수창고업,688817000000.0,0.0,0.0,0.0,0.0,-1.0,1.0,-1.0
261,동국제강,4.0,4.0,4.0,4.0,2.0,2.0,2.0,3.0,460860.0,KOSPI,철강금속,557594000000.0,0.0,0.0,0.0,-2.0,0.0,0.0,1.0
262,동남합성,2.0,2.0,2.0,2.0,2.0,2.0,2.0,2.0,23450.0,KOSPI,화학,108500000000.0,0.0,0.0,0.0,0.0,0.0,0.0,0.0
263,동방,3.0,2.0,3.0,2.0,3.0,3.0,3.0,2.0,4140.0,KOSPI,운수창고업,106497000000.0,-1.0,1.0,-1.0,1.0,0.0,0.0,-1.0
264,동방아그로,3.0,3.0,3.0,3.0,3.0,3.0,3.0,2.0,7590.0,KOSPI,화학,85654559330.0,0.0,0.0,0.0,0.0,0.0,0.0,-1.0
265,KG스틸,4.0,3.0,2.0,3.0,3.0,3.0,3.0,3.0,16380.0,KOSPI,철강금속,696062000000.0,-1.0,-1.0,1.0,0.0,0.0,0.0,0.0
266,동성제약,3.0,3.0,2.0,2.0,3.0,2.0,3.0,2.0,2210.0,KOSPI,의약품,136769000000.0,0.0,-1.0,0.0,1.0,-1.0,1.0,-1.0
267,동성케미컬,3.0,3.0,3.0,3.0,2.0,3.0,3.0,3.0,102260.0,KOSPI,서비스업,223604000000.0,0.0,0.0,0.0,-1.0,1.0,0.0,0.0
268,동아쏘시오홀딩스,4.0,4.0,4.0,3.0,3.0,3.0,2.0,2.0,640.0,KOSPI,기타금융,721871000000.0,0.0,0.0,-1.0,0.0,0.0,-1.0,0.0
269,다스코,3.0,3.0,3.0,4.0,3.0,3.0,4.0,4.0,58730.0,KOSPI,기계,65852614695.0,0.0,0.0,1.0,-1.0,0.0,1.0,0.0
270,동아지질,3.0,3.0,3.0,3.0,2.0,3.0,3.0,3.0,28100.0,KOSPI,건설업,172707000000.0,0.0,0.0,0.0,-1.0,1.0,0.0,0.0
271,동양고속,3.0,3.0,3.0,3.0,2.0,3.0,2.0,3.0,84670.0,KOSPI,운수창고업,33588600400.0,0.0,0.0,0.0,-1.0,1.0,-1.0,1.0
272,TYM,3.0,4.0,3.0,3.0,3.0,3.0,3.0,2.0,2900.0,KOSPI,기계,210388000000.0,1.0,-1.0,0.0,0.0,0.0,0.0,-1.0
273,동양생명,4.0,4.0,4.0,4.0,5.0,6.0,4.0,4.0,82640.0,KOSPI,보험,855201000000.0,0.0,0.0,0.0,1.0,1.0,-2.0,0.0
274,동양철관,2.0,2.0,2.0,2.0,2.0,2.0,2.0,1.0,8970.0,KOSPI,철강금속,83100817710.0,0.0,0.0,0.0,0.0,0.0,0.0,-1.0
275,HLB글로벌,2.0,2.0,3.0,2.0,2.0,2.0,2.0,2.0,3580.0,KOSPI,광업,325019000000.0,0.0,1.0,-1.0,0.0,0.0,0.0,0.0
276,동원F&B,2.0,3.0,2.0,2.0,2.0,2.0,2.0,1.0,49770.0,KOSPI,음식료품,749635000000.0,1.0,-1.0,0.0,0.0,0.0,0.0,-1.0
277,동원금속,2.0,2.0,2.0,2.0,3.0,3.0,4.0,4.0,18500.0,KOSPI,운수장비,76865109852.0,0.0,0.0,0.0,1.0,0.0,1.0,0.0
278,동원산업,2.0,3.0,3.0,3.0,3.0,3.0,3.0,2.0,6040.0,KOSPI,기타금융,1722180000000.0,1.0,0.0,0.0,0.0,0.0,0.0,-1.0
279,동원수산,2.0,3.0,2.0,2.0,3.0,3.0,3.0,3.0,30720.0,KOSPI,"농업, 임업 및 어업",27690139750.0,1.0,-1.0,0.0,1.0,0.0,0.0,0.0
280,동원시스템즈,2.0,2.0,2.0,2.0,2.0,2.0,2.0,2.0,14820.0,KOSPI,화학,1174150000000.0,0.0,0.0,0.0,0.0,0.0,0.0,0.0
281,DI동일,3.0,3.0,3.0,3.0,2.0,3.0,3.0,3.0,1530.0,KOSPI,유통업,675780000000.0,0.0,0.0,0.0,-1.0,1.0,0.0,0.0
282,동일산업,3.0,3.0,3.0,3.0,3.0,3.0,3.0,2.0,4890.0,KOSPI,철강금속,105012000000.0,0.0,0.0,0.0,0.0,0.0,0.0,-1.0
283,동화약품,4.0,4.0,3.0,3.0,2.0,3.0,3.0,3.0,20.0,KOSPI,의약품,243004000000.0,0.0,-1.0,0.0,-1.0,1.0,0.0,0.0
284,두산,6.0,6.0,6.0,5.0,5.0,5.0,5.0,5.0,150.0,KOSPI,기타금융,2204280000000.0,0.0,0.0,-1.0,0.0,0.0,0.0,0.0
285,HD현대인프라코어,6.0,6.0,5.0,5.0,5.0,5.0,4.0,5.0,42670.0,KOSPI,기계,1536950000000.0,0.0,-1.0,0.0,0.0,0.0,-1.0,1.0
286,두산에너빌리티,5.0,5.0,5.0,5.0,4.0,5.0,4.0,5.0,34020.0,KOSPI,기계,10076000000000.0,0.0,0.0,0.0,-1.0,1.0,-1.0,1.0
287,디씨엠,3.0,3.0,3.0,3.0,2.0,3.0,3.0,3.0,24090.0,KOSPI,철강금속,124260000000.0,0.0,0.0,0.0,-1.0,1.0,0.0,0.0
288,디아이,3.0,2.0,2.0,2.0,3.0,3.0,3.0,3.0,3160.0,KOSPI,의료정밀,538549000000.0,-1.0,0.0,0.0,1.0,0.0,0.0,0.0
289,디아이씨,3.0,3.0,3.0,3.0,3.0,3.0,2.0,2.0,92200.0,KOSPI,운수장비,240331000000.0,0.0,0.0,0.0,0.0,0.0,-1.0,0.0
290,디와이,3.0,4.0,3.0,3.0,3.0,3.0,3.0,3.0,13570.0,KOSPI,기타금융,150285000000.0,1.0,-1.0,0.0,0.0,0.0,0.0,0.0
291,DN오토모티브,3.0,2.0,2.0,2.0,2.0,3.0,3.0,3.0,7340.0,KOSPI,전기전자,790526000000.0,-1.0,0.0,0.0,0.0,1.0,0.0,0.0
292,스틱인베스트먼트,3.0,3.0,3.0,3.0,4.0,4.0,3.0,3.0,26890.0,KOSPI,기타금융,360099000000.0,0.0,0.0,0.0,1.0,0.0,-1.0,0.0
293,롯데손해보험,3.0,5.0,4.0,4.0,4.0,6.0,5.0,5.0,400.0,KOSPI,보험,1013250000000.0,2.0,-1.0,0.0,0.0,2.0,-1.0,0.0
294,롯데쇼핑,4.0,5.0,4.0,5.0,2.0,2.0,3.0,4.0,23530.0,KOSPI,유통업,1892520000000.0,1.0,-1.0,1.0,-3.0,0.0,1.0,1.0
295,롯데정밀화학,4.0,4.0,3.0,4.0,3.0,3.0,5.0,4.0,4000.0,KOSPI,화학,1111980000000.0,0.0,-1.0,1.0,-1.0,0.0,2.0,-1.0
296,롯데지주,3.0,4.0,4.0,4.0,2.0,2.0,3.0,4.0,4990.0,KOSPI,기타금융,2774850000000.0,1.0,0.0,0.0,-2.0,0.0,1.0,1.0
297,롯데칠성,3.0,3.0,3.0,4.0,3.0,2.0,3.0,4.0,5300.0,KOSPI,음식료품,1183060000000.0,0.0,0.0,1.0,-1.0,-1.0,1.0,1.0
298,롯데케미칼,3.0,4.0,4.0,4.0,3.0,3.0,4.0,5.0,11170.0,KOSPI,화학,4290370000000.0,1.0,0.0,0.0,-1.0,0.0,1.0,1.0
299,마니커,2.0,2.0,1.0,2.0,2.0,1.0,2.0,2.0,27740.0,KOSPI,음식료품,69227238520.0,0.0,-1.0,1.0,0.0,-1.0,1.0,0.0
300,만호제강,3.0,3.0,3.0,3.0,3.0,3.0,3.0,3.0,1080.0,KOSPI,철강금속,195673000000.0,0.0,0.0,0.0,0.0,0.0,0.0,0.0
301,명문제약,4.0,3.0,3.0,3.0,3.0,3.0,3.0,3.0,17180.0,KOSPI,의약품,69434813430.0,-1.0,0.0,0.0,0.0,0.0,0.0,0.0
302,모나리자,2.0,2.0,2.0,2.0,2.0,2.0,2.0,2.0,12690.0,KOSPI,종이목재,114834000000.0,0.0,0.0,0.0,0.0,0.0,0.0,0.0
303,모나미,3.0,3.0,2.0,3.0,2.0,3.0,3.0,3.0,5360.0,KOSPI,유통업,51117215435.0,0.0,-1.0,1.0,-1.0,1.0,0.0,0.0
304,모토닉,3.0,3.0,3.0,3.0,3.0,3.0,3.0,3.0,9680.0,KOSPI,운수장비,274560000000.0,0.0,0.0,0.0,0.0,0.0,0.0,0.0
305,무림P&P,3.0,3.0,3.0,2.0,2.0,3.0,1.0,3.0,9580.0,KOSPI,종이목재,190535000000.0,0.0,0.0,-1.0,0.0,1.0,-2.0,2.0
306,무림페이퍼,3.0,3.0,2.0,2.0,3.0,3.0,3.0,3.0,9200.0,KOSPI,종이목재,89251969950.0,0.0,-1.0,0.0,1.0,0.0,0.0,0.0
307,문배철강,3.0,3.0,2.0,2.0,3.0,3.0,3.0,3.0,8420.0,KOSPI,철강금속,56999743900.0,0.0,-1.0,0.0,1.0,0.0,0.0,0.0
308,미래산업,4.0,4.0,3.0,3.0,3.0,4.0,4.0,3.0,25560.0,KOSPI,의료정밀,66641196300.0,0.0,-1.0,0.0,0.0,1.0,0.0,-1.0
309,미래아이앤지,2.0,2.0,3.0,2.0,2.0,2.0,2.0,2.0,7120.0,KOSPI,서비스업,31257497664.0,0.0,1.0,-1.0,0.0,0.0,0.0,0.0
310,미원상사,3.0,3.0,3.0,2.0,2.0,2.0,3.0,4.0,2840.0,KOSPI,화학,907725000000.0,0.0,0.0,-1.0,0.0,0.0,1.0,1.0
311,미원홀딩스,2.0,3.0,3.0,3.0,3.0,3.0,3.0,3.0,107590.0,KOSPI,기타금융,179336000000.0,1.0,0.0,0.0,0.0,0.0,0.0,0.0
312,미창석유,3.0,3.0,3.0,4.0,3.0,3.0,4.0,3.0,3650.0,KOSPI,화학,136738000000.0,0.0,0.0,1.0,-1.0,0.0,1.0,-1.0
313,방림,3.0,3.0,3.0,3.0,2.0,3.0,3.0,3.0,3610.0,KOSPI,섬유의복,88224877650.0,0.0,0.0,0.0,-1.0,1.0,0.0,0.0
314,백광산업,3.0,3.0,2.0,3.0,3.0,3.0,3.0,2.0,1340.0,KOSPI,화학,360246000000.0,0.0,-1.0,1.0,0.0,0.0,0.0,-1.0
315,태경비케이,2.0,2.0,2.0,2.0,2.0,2.0,2.0,2.0,14580.0,KOSPI,비금속광물,145639000000.0,0.0,0.0,0.0,0.0,0.0,0.0,0.0
316,백산,2.0,3.0,3.0,2.0,3.0,3.0,3.0,2.0,35150.0,KOSPI,화학,297198000000.0,1.0,0.0,-1.0,1.0,0.0,0.0,-1.0
317,보락,3.0,3.0,3.0,3.0,3.0,2.0,3.0,3.0,2760.0,KOSPI,화학,67567200000.0,0.0,0.0,0.0,0.0,-1.0,1.0,0.0
318,보령,3.0,3.0,2.0,2.0,2.0,2.0,4.0,2.0,3850.0,KOSPI,의약품,763833000000.0,0.0,-1.0,0.0,0.0,0.0,2.0,-2.0
319,보해양조,3.0,2.0,1.0,2.0,2.0,3.0,2.0,3.0,890.0,KOSPI,음식료품,67890622952.0,-1.0,-1.0,1.0,0.0,1.0,-1.0,1.0
320,부광약품,4.0,4.0,4.0,4.0,3.0,4.0,3.0,3.0,3000.0,KOSPI,의약품,437748000000.0,0.0,0.0,0.0,-1.0,1.0,-1.0,0.0
321,부국증권,3.0,3.0,3.0,3.0,3.0,4.0,4.0,4.0,1270.0,KOSPI,증권,249914000000.0,0.0,0.0,0.0,0.0,1.0,0.0,0.0
322,부국철강,3.0,3.0,3.0,2.0,2.0,3.0,3.0,3.0,26940.0,KOSPI,철강금속,60300000000.0,0.0,0.0,-1.0,0.0,1.0,0.0,0.0
323,부산산업,2.0,3.0,3.0,3.0,3.0,3.0,3.0,2.0,11390.0,KOSPI,비금속광물,55756800000.0,1.0,0.0,0.0,0.0,0.0,0.0,-1.0
324,부산주공,3.0,3.0,3.0,3.0,4.0,3.0,3.0,2.0,5030.0,KOSPI,운수장비,38288532168.0,0.0,0.0,0.0,1.0,-1.0,0.0,-1.0
325,비상교육,3.0,3.0,3.0,3.0,2.0,2.0,3.0,3.0,100220.0,KOSPI,서비스업,62384356800.0,0.0,0.0,0.0,-1.0,0.0,1.0,0.0
326,빙그레,3.0,3.0,3.0,3.0,3.0,3.0,3.0,4.0,5180.0,KOSPI,음식료품,682691000000.0,0.0,0.0,0.0,0.0,0.0,0.0,1.0
327,사조동아원,3.0,2.0,3.0,2.0,3.0,2.0,3.0,3.0,8040.0,KOSPI,음식료품,136487000000.0,-1.0,1.0,-1.0,1.0,-1.0,1.0,0.0
328,사조산업,3.0,2.0,2.0,2.0,3.0,2.0,2.0,2.0,7160.0,KOSPI,"농업, 임업 및 어업",179500000000.0,-1.0,0.0,0.0,1.0,-1.0,0.0,0.0
329,사조오양,3.0,3.0,3.0,2.0,2.0,2.0,3.0,3.0,6090.0,KOSPI,음식료품,84804651000.0,0.0,0.0,-1.0,0.0,0.0,1.0,0.0
330,SGC에너지,2.0,3.0,2.0,3.0,3.0,2.0,1.0,2.0,5090.0,KOSPI,전기가스업,330694000000.0,1.0,-1.0,1.0,0.0,-1.0,-1.0,1.0
331,삼성SDI,3.0,4.0,3.0,4.0,4.0,4.0,3.0,4.0,6400.0,KOSPI,전기전자,28984200000000.0,1.0,-1.0,1.0,0.0,0.0,-1.0,1.0
332,삼성공조,3.0,3.0,3.0,3.0,4.0,3.0,3.0,3.0,6660.0,KOSPI,운수장비,73543141700.0,0.0,0.0,0.0,1.0,-1.0,0.0,0.0
333,삼성물산,4.0,4.0,4.0,3.0,1.0,6.0,5.0,5.0,28260.0,KOSPI,유통업,27356200000000.0,0.0,0.0,-1.0,-2.0,5.0,-1.0,0.0
334,삼성E&A,4.0,4.0,4.0,4.0,4.0,4.0,4.0,5.0,28050.0,KOSPI,서비스업,5154800000000.0,0.0,0.0,0.0,0.0,0.0,0.0,1.0
335,삼성전기,4.0,5.0,5.0,5.0,5.0,6.0,5.0,5.0,9150.0,KOSPI,전기전자,10823100000000.0,1.0,0.0,0.0,0.0,1.0,-1.0,0.0
336,삼성전자,5.0,5.0,5.0,5.0,4.0,4.0,3.0,4.0,5930.0,KOSPI,전기전자,454300000000000.0,0.0,0.0,0.0,-1.0,0.0,-1.0,1.0
337,삼성제약,3.0,3.0,3.0,3.0,1.0,2.0,2.0,2.0,1360.0,KOSPI,의약품,153955000000.0,0.0,0.0,0.0,-2.0,1.0,0.0,0.0
338,삼성중공업,3.0,3.0,3.0,3.0,4.0,3.0,4.0,3.0,10140.0,KOSPI,운수장비,8342400000000.0,0.0,0.0,0.0,1.0,-1.0,1.0,-1.0
339,삼성증권,5.0,5.0,5.0,5.0,6.0,6.0,5.0,4.0,16360.0,KOSPI,증권,3344290000000.0,0.0,0.0,0.0,1.0,0.0,-1.0,-1.0
340,삼성출판사,3.0,3.0,3.0,3.0,3.0,3.0,3.0,3.0,68290.0,KOSPI,서비스업,179100000000.0,0.0,0.0,0.0,0.0,0.0,0.0,0.0
341,삼성카드,4.0,4.0,3.0,4.0,5.0,6.0,5.0,4.0,29780.0,KOSPI,기타금융,4373670000000.0,0.0,-1.0,1.0,1.0,1.0,-1.0,-1.0
342,삼성화재,5.0,5.0,5.0,5.0,6.0,6.0,5.0,4.0,810.0,KOSPI,보험,14236100000000.0,0.0,0.0,0.0,1.0,0.0,-1.0,-1.0
343,삼아알미늄,3.0,3.0,3.0,3.0,3.0,3.0,3.0,3.0,6110.0,KOSPI,철강금속,1119580000000.0,0.0,0.0,0.0,0.0,0.0,0.0,0.0
344,삼양식품,3.0,2.0,2.0,2.0,2.0,1.0,3.0,1.0,3230.0,KOSPI,음식료품,2207170000000.0,-1.0,0.0,0.0,0.0,-1.0,2.0,-2.0
345,삼양통상,3.0,3.0,3.0,3.0,3.0,3.0,3.0,2.0,2170.0,KOSPI,기타제조업,148800000000.0,0.0,0.0,0.0,0.0,0.0,0.0,-1.0
346,삼양홀딩스,3.0,3.0,3.0,2.0,2.0,2.0,3.0,3.0,70.0,KOSPI,기타금융,586653000000.0,0.0,0.0,-1.0,0.0,0.0,1.0,0.0
347,삼영무역,3.0,3.0,3.0,3.0,3.0,3.0,3.0,2.0,2810.0,KOSPI,유통업,235269000000.0,0.0,0.0,0.0,0.0,0.0,0.0,-1.0
348,삼영전자,3.0,3.0,3.0,3.0,3.0,4.0,3.0,3.0,5680.0,KOSPI,전기전자,190400000000.0,0.0,0.0,0.0,0.0,1.0,-1.0,0.0
349,삼영,3.0,3.0,3.0,3.0,3.0,2.0,2.0,3.0,3720.0,KOSPI,화학,129880000000.0,0.0,0.0,0.0,0.0,-1.0,0.0,1.0
350,삼익THK,3.0,3.0,3.0,2.0,3.0,2.0,3.0,3.0,4380.0,KOSPI,기계,278250000000.0,0.0,0.0,-1.0,1.0,-1.0,1.0,0.0
351,삼익악기,3.0,3.0,2.0,2.0,2.0,1.0,3.0,2.0,2450.0,KOSPI,기타제조업,116513000000.0,0.0,-1.0,0.0,0.0,-1.0,2.0,-1.0
352,삼일제약,3.0,3.0,2.0,3.0,3.0,2.0,3.0,3.0,520.0,KOSPI,의약품,183800000000.0,0.0,-1.0,1.0,0.0,-1.0,1.0,0.0
353,삼정펄프,3.0,3.0,3.0,3.0,3.0,3.0,3.0,2.0,9770.0,KOSPI,종이목재,62499275000.0,0.0,0.0,0.0,0.0,0.0,0.0,-1.0
354,삼진제약,4.0,3.0,3.0,3.0,3.0,3.0,3.0,3.0,5500.0,KOSPI,의약품,273830000000.0,-1.0,0.0,0.0,0.0,0.0,0.0,0.0
355,삼천리,4.0,4.0,4.0,4.0,2.0,4.0,3.0,4.0,4690.0,KOSPI,전기가스업,369818000000.0,0.0,0.0,0.0,-2.0,2.0,-1.0,1.0
356,삼호개발,3.0,3.0,3.0,3.0,2.0,3.0,3.0,2.0,10960.0,KOSPI,건설업,81750000000.0,0.0,0.0,0.0,-1.0,1.0,0.0,-1.0
357,삼화왕관,3.0,2.0,2.0,2.0,2.0,2.0,3.0,3.0,4450.0,KOSPI,기계,70448193300.0,-1.0,0.0,0.0,0.0,0.0,1.0,0.0
358,삼화전기,2.0,2.0,3.0,3.0,3.0,3.0,3.0,3.0,9470.0,KOSPI,전기전자,251325000000.0,0.0,1.0,0.0,0.0,0.0,0.0,0.0
359,삼화전자,2.0,2.0,2.0,2.0,2.0,2.0,2.0,2.0,11230.0,KOSPI,전기전자,67526286500.0,0.0,0.0,0.0,0.0,0.0,0.0,0.0
360,삼화콘덴서,2.0,3.0,3.0,3.0,3.0,3.0,2.0,3.0,1820.0,KOSPI,전기전자,466736000000.0,1.0,0.0,0.0,0.0,0.0,-1.0,1.0
361,삼화페인트,4.0,4.0,4.0,4.0,2.0,4.0,4.0,4.0,390.0,KOSPI,화학,202666000000.0,0.0,0.0,0.0,-2.0,2.0,0.0,0.0
362,상신브레이크,3.0,3.0,3.0,3.0,3.0,3.0,3.0,3.0,41650.0,KOSPI,운수장비,82020939000.0,0.0,0.0,0.0,0.0,0.0,0.0,0.0
363,새론오토모티브,2.0,3.0,2.0,2.0,2.0,2.0,2.0,3.0,75180.0,KOSPI,운수장비,72960000000.0,1.0,-1.0,0.0,0.0,0.0,0.0,1.0
364,샘표,3.0,3.0,3.0,3.0,3.0,2.0,2.0,3.0,7540.0,KOSPI,기타금융,142496000000.0,0.0,0.0,0.0,0.0,-1.0,0.0,1.0
365,서연,2.0,3.0,3.0,3.0,2.0,2.0,1.0,3.0,7860.0,KOSPI,기타금융,214136000000.0,1.0,0.0,0.0,-1.0,0.0,-1.0,2.0
366,서울가스,4.0,4.0,3.0,4.0,4.0,4.0,4.0,3.0,17390.0,KOSPI,전기가스업,284000000000.0,0.0,-1.0,1.0,0.0,0.0,0.0,-1.0
367,서울식품,3.0,3.0,3.0,3.0,3.0,3.0,3.0,3.0,4410.0,KOSPI,음식료품,64457956148.0,0.0,0.0,0.0,0.0,0.0,0.0,0.0
368,서원,3.0,3.0,3.0,3.0,3.0,3.0,3.0,3.0,21050.0,KOSPI,철강금속,64375544040.0,0.0,0.0,0.0,0.0,0.0,0.0,0.0
369,서흥,3.0,3.0,3.0,3.0,3.0,2.0,3.0,3.0,8490.0,KOSPI,화학,249314000000.0,0.0,0.0,0.0,0.0,-1.0,1.0,0.0
370,선도전기,3.0,2.0,2.0,3.0,3.0,3.0,3.0,3.0,7610.0,KOSPI,전기전자,54000000000.0,-1.0,0.0,1.0,0.0,0.0,0.0,0.0
371,SUN&L,3.0,3.0,3.0,3.0,2.0,3.0,3.0,2.0,2820.0,KOSPI,종이목재,32591651565.0,0.0,0.0,0.0,-1.0,1.0,0.0,-1.0
372,성문전자,2.0,2.0,2.0,2.0,3.0,2.0,3.0,2.0,14910.0,KOSPI,전기전자,32029364610.0,0.0,0.0,0.0,1.0,-1.0,1.0,-1.0
373,성보화학,3.0,3.0,2.0,3.0,2.0,3.0,2.0,3.0,3080.0,KOSPI,화학,58258200000.0,0.0,-1.0,1.0,-1.0,1.0,-1.0,1.0
374,성신양회,4.0,3.0,4.0,4.0,3.0,3.0,2.0,3.0,4980.0,KOSPI,비금속광물,206670000000.0,-1.0,1.0,0.0,-1.0,0.0,-1.0,1.0
375,성창기업지주,2.0,3.0,2.0,2.0,1.0,2.0,2.0,2.0,180.0,KOSPI,서비스업,132737000000.0,1.0,-1.0,0.0,-1.0,1.0,0.0,0.0
376,세기상사,3.0,2.0,3.0,3.0,3.0,3.0,3.0,3.0,2420.0,KOSPI,유통업,43581368320.0,-1.0,1.0,0.0,0.0,0.0,0.0,0.0
377,세방,3.0,3.0,3.0,4.0,4.0,4.0,3.0,4.0,4360.0,KOSPI,운수창고업,224946000000.0,0.0,0.0,1.0,0.0,0.0,-1.0,1.0
378,세방전지,3.0,4.0,3.0,3.0,2.0,3.0,2.0,2.0,4490.0,KOSPI,전기전자,1303400000000.0,1.0,-1.0,0.0,-1.0,1.0,-1.0,0.0
379,세아베스틸지주,3.0,3.0,3.0,3.0,2.0,3.0,2.0,2.0,1430.0,KOSPI,철강금속,747725000000.0,0.0,0.0,0.0,-1.0,1.0,-1.0,0.0
380,세아제강,3.0,3.0,3.0,3.0,2.0,2.0,3.0,2.0,306200.0,KOSPI,철강금속,384886000000.0,0.0,0.0,0.0,-1.0,0.0,1.0,-1.0
381,세아홀딩스,3.0,3.0,3.0,3.0,2.0,3.0,2.0,2.0,58650.0,KOSPI,철강금속,429200000000.0,0.0,0.0,0.0,-1.0,1.0,-1.0,0.0
382,세우글로벌,3.0,2.0,2.0,2.0,2.0,2.0,3.0,2.0,13000.0,KOSPI,유통업,40387978617.0,-1.0,0.0,0.0,0.0,0.0,1.0,-1.0
383,세원이앤씨,3.0,2.0,2.0,2.0,2.0,2.0,3.0,2.0,91090.0,KOSPI,기계,54838923850.0,-1.0,0.0,0.0,0.0,0.0,1.0,-1.0
384,세원정공,2.0,3.0,2.0,3.0,3.0,3.0,2.0,3.0,21820.0,KOSPI,운수장비,78200000000.0,1.0,-1.0,1.0,0.0,0.0,-1.0,1.0
385,세이브존I&C,3.0,3.0,2.0,2.0,3.0,3.0,3.0,2.0,67830.0,KOSPI,유통업,96446103250.0,0.0,-1.0,0.0,1.0,0.0,0.0,-1.0
386,에스제이지세종,3.0,3.0,3.0,3.0,3.0,2.0,2.0,2.0,33530.0,KOSPI,운수장비,158858000000.0,0.0,0.0,0.0,0.0,-1.0,0.0,0.0
387,송원산업,3.0,3.0,2.0,3.0,2.0,2.0,3.0,1.0,4430.0,KOSPI,화학,324000000000.0,0.0,-1.0,1.0,-1.0,0.0,1.0,-2.0
388,수산중공업,2.0,2.0,2.0,2.0,2.0,3.0,3.0,3.0,17550.0,KOSPI,기계,124611000000.0,0.0,0.0,0.0,0.0,1.0,0.0,0.0
389,신대양제지,2.0,2.0,2.0,2.0,3.0,2.0,2.0,1.0,16590.0,KOSPI,종이목재,229698000000.0,0.0,0.0,0.0,1.0,-1.0,0.0,-1.0
390,신도리코,2.0,3.0,3.0,4.0,4.0,3.0,4.0,4.0,29530.0,KOSPI,전기전자,373969000000.0,1.0,0.0,1.0,0.0,-1.0,1.0,0.0
391,신라교역,3.0,3.0,3.0,3.0,2.0,3.0,2.0,2.0,4970.0,KOSPI,"농업, 임업 및 어업",135680000000.0,0.0,0.0,0.0,-1.0,1.0,-1.0,0.0
392,신성이엔지,3.0,2.0,2.0,2.0,3.0,3.0,3.0,2.0,11930.0,KOSPI,전기전자,428164000000.0,-1.0,0.0,0.0,1.0,0.0,0.0,-1.0
393,신성통상,2.0,2.0,2.0,2.0,2.0,3.0,3.0,2.0,5390.0,KOSPI,유통업,255657000000.0,0.0,0.0,0.0,0.0,1.0,0.0,-1.0
394,신세계,5.0,4.0,4.0,4.0,2.0,2.0,3.0,3.0,4170.0,KOSPI,유통업,1618550000000.0,-1.0,0.0,0.0,-2.0,0.0,1.0,0.0
395,신세계I&C,3.0,2.0,3.0,3.0,3.0,3.0,3.0,3.0,35510.0,KOSPI,서비스업,193500000000.0,-1.0,1.0,0.0,0.0,0.0,0.0,0.0
396,신세계건설,3.0,2.0,2.0,2.0,3.0,3.0,4.0,4.0,34300.0,KOSPI,건설업,80709761600.0,-1.0,0.0,0.0,1.0,0.0,1.0,0.0
397,신영와코루,2.0,3.0,2.0,2.0,2.0,2.0,2.0,1.0,5800.0,KOSPI,섬유의복,82620000000.0,1.0,-1.0,0.0,0.0,0.0,0.0,-1.0
398,신영증권,4.0,4.0,4.0,3.0,4.0,5.0,5.0,4.0,1720.0,KOSPI,증권,625509000000.0,0.0,0.0,-1.0,1.0,1.0,0.0,-1.0
399,신원,3.0,3.0,3.0,3.0,2.0,1.0,3.0,2.0,9270.0,KOSPI,섬유의복,131311000000.0,0.0,0.0,0.0,-1.0,-1.0,2.0,-1.0
400,신일전자,2.0,3.0,2.0,2.0,1.0,1.0,2.0,3.0,2700.0,KOSPI,유통업,132362000000.0,1.0,-1.0,0.0,-1.0,0.0,1.0,1.0
401,신풍제약,3.0,2.0,3.0,3.0,3.0,3.0,3.0,3.0,19170.0,KOSPI,의약품,722715000000.0,-1.0,1.0,0.0,0.0,0.0,0.0,0.0
402,신풍,3.0,3.0,3.0,3.0,3.0,3.0,3.0,3.0,2870.0,KOSPI,유통업,29470184100.0,0.0,0.0,0.0,0.0,0.0,0.0,0.0
403,신한지주,5.0,6.0,6.0,6.0,6.0,6.0,7.0,6.0,55550.0,KOSPI,기타금융,22566100000000.0,1.0,0.0,0.0,0.0,0.0,1.0,-1.0
404,SHD,3.0,2.0,2.0,2.0,2.0,2.0,3.0,2.0,1770.0,KOSPI,철강금속,21928547900.0,-1.0,0.0,0.0,0.0,0.0,1.0,-1.0
405,신흥,4.0,3.0,3.0,3.0,4.0,4.0,4.0,4.0,4080.0,KOSPI,유통업,142120000000.0,-1.0,0.0,0.0,1.0,0.0,0.0,0.0
406,쌍방울,2.0,2.0,2.0,2.0,1.0,2.0,2.0,2.0,102280.0,KOSPI,섬유의복,70637282701.0,0.0,0.0,0.0,-1.0,1.0,0.0,0.0
407,쌍용C&E,3.0,2.0,2.0,2.0,3.0,3.0,4.0,4.0,3410.0,KOSPI,비금속광물,3495870000000.0,-1.0,0.0,0.0,1.0,0.0,1.0,0.0
408,써니전자,2.0,2.0,2.0,3.0,2.0,2.0,3.0,3.0,4770.0,KOSPI,전기전자,72304681480.0,0.0,0.0,1.0,-1.0,0.0,1.0,0.0
409,씨아이테크,3.0,2.0,2.0,1.0,1.0,2.0,1.0,2.0,4920.0,KOSPI,기타제조업,59628359463.0,-1.0,0.0,-1.0,0.0,1.0,-1.0,1.0
410,아남전자,3.0,2.0,3.0,2.0,2.0,3.0,3.0,2.0,8700.0,KOSPI,전기전자,141987000000.0,-1.0,1.0,-1.0,0.0,1.0,0.0,-1.0
411,아모레퍼시픽,5.0,4.0,4.0,4.0,3.0,4.0,4.0,3.0,90430.0,KOSPI,화학,8288420000000.0,-1.0,0.0,0.0,-1.0,1.0,0.0,-1.0
412,아모레G,3.0,3.0,3.0,3.0,2.0,2.0,3.0,4.0,2790.0,KOSPI,화학,2506730000000.0,0.0,0.0,0.0,-1.0,0.0,1.0,1.0
413,메타랩스,3.0,3.0,2.0,2.0,3.0,3.0,3.0,2.0,90370.0,KOSPI,섬유의복,44828440200.0,0.0,-1.0,0.0,1.0,0.0,0.0,-1.0
414,아세아,3.0,3.0,3.0,2.0,2.0,3.0,3.0,2.0,2030.0,KOSPI,서비스업,490830000000.0,0.0,0.0,-1.0,0.0,1.0,0.0,-1.0
415,아세아제지,2.0,2.0,2.0,2.0,2.0,3.0,3.0,2.0,2310.0,KOSPI,종이목재,385577000000.0,0.0,0.0,0.0,0.0,1.0,0.0,-1.0
416,아시아나항공,3.0,3.0,4.0,2.0,2.0,3.0,3.0,3.0,20560.0,KOSPI,운수창고업,798438000000.0,0.0,1.0,-2.0,0.0,1.0,0.0,0.0
417,아이에스동서,2.0,2.0,2.0,3.0,2.0,3.0,3.0,2.0,10780.0,KOSPI,비금속광물,781843000000.0,0.0,0.0,1.0,-1.0,1.0,0.0,-1.0
418,IHQ,3.0,2.0,2.0,2.0,3.0,2.0,3.0,3.0,3560.0,KOSPI,서비스업,58906362440.0,-1.0,0.0,0.0,1.0,-1.0,1.0,0.0
419,알루코,3.0,2.0,1.0,2.0,1.0,1.0,3.0,2.0,1780.0,KOSPI,철강금속,314699000000.0,-1.0,-1.0,1.0,-1.0,0.0,2.0,-1.0
420,에넥스,3.0,3.0,2.0,3.0,3.0,2.0,2.0,2.0,11090.0,KOSPI,기타제조업,28915970962.0,0.0,-1.0,1.0,0.0,-1.0,0.0,0.0
421,에스엘,3.0,3.0,3.0,3.0,3.0,2.0,2.0,2.0,5850.0,KOSPI,운수장비,1439900000000.0,0.0,0.0,0.0,0.0,-1.0,0.0,0.0
422,에스원,4.0,3.0,3.0,3.0,2.0,3.0,2.0,2.0,12750.0,KOSPI,서비스업,2317950000000.0,-1.0,0.0,0.0,-1.0,1.0,-1.0,0.0
423,SJM홀딩스,2.0,3.0,3.0,3.0,3.0,3.0,4.0,3.0,25530.0,KOSPI,유통업,54882479400.0,1.0,0.0,0.0,0.0,0.0,1.0,-1.0
424,에쓰씨엔지니어링,2.0,2.0,2.0,2.0,2.0,2.0,3.0,2.0,23960.0,KOSPI,건설업,49423494464.0,0.0,0.0,0.0,0.0,0.0,1.0,-1.0
425,에이엔피,2.0,2.0,2.0,2.0,2.0,2.0,2.0,2.0,15260.0,KOSPI,전기전자,52019778782.0,0.0,0.0,0.0,0.0,0.0,0.0,0.0
426,에이프로젠,2.0,2.0,2.0,1.0,3.0,2.0,2.0,2.0,7460.0,KOSPI,기계,384544000000.0,0.0,0.0,-1.0,2.0,-1.0,0.0,0.0
427,에이프로젠바이오로직스,2.0,2.0,2.0,2.0,2.0,2.0,2.0,1.0,3060.0,KOSPI,의약품,101062000000.0,0.0,0.0,0.0,0.0,0.0,0.0,-1.0
428,엔씨소프트,4.0,5.0,4.0,4.0,5.0,4.0,3.0,4.0,36570.0,KOSPI,서비스업,3740970000000.0,1.0,-1.0,0.0,1.0,-1.0,-1.0,1.0
429,엔케이,2.0,3.0,2.0,3.0,3.0,2.0,2.0,2.0,85310.0,KOSPI,기계,70705283168.0,1.0,-1.0,1.0,0.0,-1.0,0.0,0.0
430,플레이그램,2.0,2.0,2.0,2.0,1.0,2.0,2.0,1.0,9810.0,KOSPI,유통업,73895359021.0,0.0,0.0,0.0,-1.0,1.0,0.0,-1.0
431,NPC,3.0,2.0,3.0,2.0,2.0,3.0,3.0,3.0,4250.0,KOSPI,화학,188006000000.0,-1.0,1.0,-1.0,0.0,1.0,0.0,0.0
432,영보화학,2.0,2.0,2.0,2.0,2.0,2.0,2.0,2.0,14440.0,KOSPI,화학,68800000000.0,0.0,0.0,0.0,0.0,0.0,0.0,0.0
433,영원무역,3.0,3.0,2.0,3.0,3.0,3.0,3.0,3.0,111770.0,KOSPI,유통업,1699340000000.0,0.0,-1.0,1.0,0.0,0.0,0.0,0.0
434,영원무역홀딩스,3.0,3.0,2.0,2.0,3.0,3.0,3.0,2.0,9970.0,KOSPI,기타금융,1206750000000.0,0.0,-1.0,0.0,1.0,0.0,0.0,-1.0
435,영진약품,3.0,3.0,3.0,3.0,3.0,3.0,2.0,3.0,3520.0,KOSPI,의약품,375845000000.0,0.0,0.0,0.0,0.0,0.0,-1.0,1.0
436,영풍,2.0,2.0,2.0,2.0,2.0,1.0,2.0,3.0,670.0,KOSPI,철강금속,723922000000.0,0.0,0.0,0.0,0.0,-1.0,1.0,1.0
437,영풍제지,2.0,3.0,2.0,2.0,3.0,2.0,2.0,2.0,6740.0,KOSPI,종이목재,86038455948.0,1.0,-1.0,0.0,1.0,-1.0,0.0,0.0
438,영화금속,2.0,2.0,2.0,2.0,3.0,3.0,3.0,3.0,12280.0,KOSPI,운수장비,45361435390.0,0.0,0.0,0.0,1.0,0.0,0.0,0.0
439,예스코홀딩스,4.0,4.0,4.0,4.0,4.0,4.0,5.0,3.0,15360.0,KOSPI,서비스업,233400000000.0,0.0,0.0,0.0,0.0,0.0,1.0,-2.0
440,오뚜기,2.0,2.0,2.0,2.0,2.0,1.0,1.0,3.0,7310.0,KOSPI,음식료품,1649220000000.0,0.0,0.0,0.0,0.0,-1.0,0.0,2.0
441,오리엔트바이오,2.0,2.0,2.0,2.0,2.0,2.0,2.0,2.0,2630.0,KOSPI,의약품,62848992650.0,0.0,0.0,0.0,0.0,0.0,0.0,0.0
442,오리온홀딩스,3.0,3.0,3.0,3.0,2.0,2.0,2.0,1.0,1800.0,KOSPI,기타금융,888939000000.0,0.0,0.0,0.0,-1.0,0.0,0.0,-1.0
443,웰바이오텍,2.0,2.0,2.0,2.0,2.0,2.0,3.0,2.0,10600.0,KOSPI,유통업,49553256815.0,0.0,0.0,0.0,0.0,0.0,1.0,-1.0
444,우리금융지주,5.0,6.0,5.0,6.0,6.0,6.0,5.0,4.0,316140.0,KOSPI,기타금융,10507700000000.0,1.0,-1.0,1.0,0.0,0.0,-1.0,-1.0
445,팜젠사이언스,2.0,2.0,2.0,2.0,2.0,2.0,1.0,2.0,4720.0,KOSPI,의약품,94164759500.0,0.0,0.0,0.0,0.0,0.0,-1.0,1.0
446,에스메디,2.0,2.0,1.0,1.0,2.0,2.0,2.0,2.0,118000.0,KOSPI,유통업,74672560849.0,0.0,-1.0,0.0,1.0,0.0,0.0,0.0
447,우성,2.0,3.0,3.0,3.0,3.0,4.0,3.0,2.0,6980.0,KOSPI,음식료품,60193200000.0,1.0,0.0,0.0,0.0,1.0,-1.0,-1.0
448,우신시스템,2.0,3.0,3.0,2.0,2.0,2.0,2.0,2.0,17370.0,KOSPI,기계,163911000000.0,1.0,0.0,-1.0,0.0,0.0,0.0,0.0
449,우진플라임,2.0,3.0,2.0,3.0,2.0,3.0,3.0,3.0,49800.0,KOSPI,기계,54200000000.0,1.0,-1.0,1.0,-1.0,1.0,0.0,0.0
450,웅진씽크빅,4.0,3.0,2.0,3.0,3.0,2.0,2.0,2.0,95720.0,KOSPI,서비스업,250648000000.0,-1.0,-1.0,1.0,0.0,-1.0,0.0,0.0
451,원림,2.0,3.0,2.0,2.0,2.0,2.0,3.0,2.0,5820.0,KOSPI,섬유의복,42857140500.0,1.0,-1.0,0.0,0.0,0.0,1.0,-1.0
452,윌비스,3.0,3.0,3.0,3.0,3.0,3.0,4.0,3.0,8600.0,KOSPI,유통업,32609478915.0,0.0,0.0,0.0,0.0,0.0,1.0,-1.0
453,유나이티드제약,2.0,3.0,3.0,3.0,4.0,4.0,3.0,3.0,33270.0,KOSPI,의약품,372411000000.0,1.0,0.0,0.0,1.0,0.0,-1.0,0.0
454,유니드,2.0,3.0,3.0,3.0,2.0,2.0,3.0,2.0,14830.0,KOSPI,화학,550883000000.0,1.0,0.0,0.0,-1.0,0.0,1.0,-1.0
455,유니온,3.0,3.0,3.0,3.0,3.0,3.0,3.0,2.0,910.0,KOSPI,비금속광물,85707788310.0,0.0,0.0,0.0,0.0,0.0,0.0,-1.0
456,유니온머티리얼,3.0,3.0,2.0,2.0,2.0,2.0,3.0,2.0,47400.0,KOSPI,비금속광물,120750000000.0,0.0,-1.0,0.0,0.0,0.0,1.0,-1.0
457,유니퀘스트,2.0,3.0,3.0,3.0,4.0,3.0,4.0,4.0,77500.0,KOSPI,유통업,145584000000.0,1.0,0.0,0.0,1.0,-1.0,1.0,0.0
458,유성기업,2.0,2.0,3.0,2.0,3.0,4.0,3.0,3.0,2920.0,KOSPI,운수장비,69669037500.0,0.0,1.0,-1.0,1.0,1.0,-1.0,0.0
459,유수홀딩스,4.0,4.0,3.0,3.0,3.0,3.0,4.0,4.0,700.0,KOSPI,서비스업,141928000000.0,0.0,-1.0,0.0,0.0,0.0,1.0,0.0
460,유안타증권,3.0,3.0,4.0,2.0,3.0,5.0,5.0,4.0,3470.0,KOSPI,증권,539909000000.0,0.0,1.0,-2.0,1.0,2.0,0.0,-1.0
461,와이투솔루션,2.0,3.0,3.0,3.0,3.0,3.0,3.0,3.0,11690.0,KOSPI,전기전자,127828000000.0,1.0,0.0,0.0,0.0,0.0,0.0,0.0
462,유엔젤,2.0,3.0,3.0,2.0,3.0,2.0,3.0,2.0,72130.0,KOSPI,서비스업,44600634520.0,1.0,0.0,-1.0,1.0,-1.0,1.0,-1.0
463,유유제약,3.0,3.0,3.0,3.0,2.0,3.0,3.0,3.0,220.0,KOSPI,의약품,80052049700.0,0.0,0.0,0.0,-1.0,1.0,0.0,0.0
464,유진투자증권,2.0,4.0,4.0,3.0,4.0,5.0,5.0,4.0,1200.0,KOSPI,증권,398605000000.0,2.0,0.0,-1.0,1.0,1.0,0.0,-1.0
465,유한양행,3.0,4.0,3.0,3.0,4.0,4.0,3.0,3.0,100.0,KOSPI,의약품,5742970000000.0,1.0,-1.0,0.0,1.0,0.0,-1.0,0.0
466,유화증권,4.0,3.0,3.0,2.0,4.0,4.0,4.0,4.0,3460.0,KOSPI,증권,125312000000.0,-1.0,0.0,-1.0,2.0,0.0,0.0,0.0
467,율촌화학,3.0,3.0,3.0,3.0,2.0,2.0,3.0,3.0,8730.0,KOSPI,화학,820880000000.0,0.0,0.0,0.0,-1.0,0.0,1.0,0.0
468,이건산업,2.0,2.0,2.0,3.0,3.0,3.0,3.0,2.0,8250.0,KOSPI,종이목재,59253755350.0,0.0,0.0,1.0,0.0,0.0,0.0,-1.0
469,이구산업,2.0,3.0,3.0,3.0,4.0,4.0,3.0,4.0,25820.0,KOSPI,철강금속,221720000000.0,1.0,0.0,0.0,1.0,0.0,-1.0,1.0
470,이수페타시스,2.0,2.0,2.0,2.0,2.0,1.0,2.0,2.0,7660.0,KOSPI,전기전자,2270550000000.0,0.0,0.0,0.0,0.0,-1.0,1.0,0.0
471,이수화학,3.0,3.0,2.0,2.0,2.0,3.0,3.0,2.0,5950.0,KOSPI,화학,266311000000.0,0.0,-1.0,0.0,0.0,1.0,0.0,-1.0
472,이스타코,2.0,2.0,2.0,2.0,2.0,2.0,1.0,2.0,15020.0,KOSPI,서비스업,32995732000.0,0.0,0.0,0.0,0.0,0.0,-1.0,1.0
473,이아이디,3.0,3.0,2.0,2.0,2.0,1.0,2.0,2.0,93230.0,KOSPI,유통업,354103000000.0,0.0,-1.0,0.0,0.0,-1.0,1.0,0.0
474,이월드,2.0,2.0,2.0,2.0,2.0,2.0,2.0,2.0,84680.0,KOSPI,기타제조업,279075000000.0,0.0,0.0,0.0,0.0,0.0,0.0,0.0
475,이화산업,2.0,2.0,2.0,2.0,2.0,2.0,2.0,2.0,760.0,KOSPI,유통업,40012000000.0,0.0,0.0,0.0,0.0,0.0,0.0,0.0
476,인디에프,3.0,2.0,2.0,3.0,2.0,2.0,3.0,3.0,14990.0,KOSPI,섬유의복,51076836600.0,-1.0,0.0,1.0,-1.0,0.0,1.0,0.0
477,인지컨트롤스,2.0,2.0,2.0,2.0,2.0,2.0,2.0,1.0,23800.0,KOSPI,운수장비,118253000000.0,0.0,0.0,0.0,0.0,0.0,0.0,-1.0
478,인천도시가스,2.0,3.0,2.0,3.0,3.0,3.0,3.0,3.0,34590.0,KOSPI,전기가스업,110900000000.0,1.0,-1.0,1.0,0.0,0.0,0.0,0.0
479,인팩,2.0,3.0,2.0,2.0,3.0,2.0,3.0,3.0,23810.0,KOSPI,운수장비,83800000000.0,1.0,-1.0,0.0,1.0,-1.0,1.0,0.0
480,일동홀딩스,3.0,3.0,3.0,2.0,4.0,3.0,3.0,3.0,230.0,KOSPI,의약품,99593652000.0,0.0,0.0,-1.0,2.0,-1.0,0.0,0.0
481,일성건설,2.0,3.0,2.0,2.0,2.0,2.0,3.0,3.0,13360.0,KOSPI,건설업,78282051120.0,1.0,-1.0,0.0,0.0,0.0,1.0,0.0
482,일신방직,3.0,3.0,4.0,4.0,4.0,3.0,4.0,3.0,3200.0,KOSPI,섬유의복,200441000000.0,0.0,1.0,0.0,0.0,-1.0,1.0,-1.0
483,일신석재,2.0,2.0,2.0,2.0,2.0,2.0,3.0,2.0,7110.0,KOSPI,유통업,82491289650.0,0.0,0.0,0.0,0.0,0.0,1.0,-1.0
484,일양약품,3.0,3.0,3.0,3.0,3.0,3.0,3.0,3.0,7570.0,KOSPI,의약품,264527000000.0,0.0,0.0,0.0,0.0,0.0,0.0,0.0
485,일정실업,2.0,2.0,3.0,3.0,2.0,2.0,2.0,2.0,8500.0,KOSPI,섬유의복,18840000000.0,0.0,1.0,0.0,-1.0,0.0,0.0,0.0
486,일진다이아,2.0,3.0,3.0,2.0,2.0,2.0,2.0,2.0,81000.0,KOSPI,화학,181656000000.0,1.0,0.0,-1.0,0.0,0.0,0.0,0.0
487,일진디스플,2.0,2.0,2.0,2.0,3.0,3.0,2.0,3.0,20760.0,KOSPI,전기전자,55171216611.0,0.0,0.0,0.0,1.0,0.0,-1.0,1.0
488,일진전기,3.0,3.0,2.0,2.0,3.0,3.0,3.0,2.0,103590.0,KOSPI,전기전자,911268000000.0,0.0,-1.0,0.0,1.0,0.0,0.0,-1.0
489,일진홀딩스,2.0,2.0,2.0,2.0,2.0,3.0,3.0,3.0,15860.0,KOSPI,기타금융,202078000000.0,0.0,0.0,0.0,0.0,1.0,0.0,0.0
490,자화전자,2.0,3.0,2.0,3.0,3.0,3.0,3.0,2.0,33240.0,KOSPI,전기전자,533956000000.0,1.0,-1.0,1.0,0.0,0.0,0.0,-1.0
491,전방,2.0,3.0,3.0,3.0,2.0,2.0,3.0,2.0,950.0,KOSPI,섬유의복,33684000000.0,1.0,0.0,0.0,-1.0,0.0,1.0,-1.0
492,제일기획,3.0,3.0,3.0,3.0,2.0,3.0,3.0,4.0,30000.0,KOSPI,서비스업,2160470000000.0,0.0,0.0,0.0,-1.0,1.0,0.0,1.0
493,제일연마,2.0,2.0,3.0,3.0,2.0,2.0,4.0,3.0,1560.0,KOSPI,비금속광물,85100000000.0,0.0,1.0,0.0,-1.0,0.0,2.0,-1.0
494,제일파마홀딩스,2.0,3.0,3.0,3.0,3.0,3.0,3.0,3.0,2620.0,KOSPI,서비스업,163887000000.0,1.0,0.0,0.0,0.0,0.0,0.0,0.0
495,조광페인트,2.0,3.0,2.0,2.0,1.0,3.0,3.0,2.0,4910.0,KOSPI,화학,79232000000.0,1.0,-1.0,0.0,-1.0,2.0,0.0,-1.0
496,조광피혁,2.0,4.0,3.0,3.0,3.0,3.0,4.0,3.0,4700.0,KOSPI,기타제조업,335117000000.0,2.0,-1.0,0.0,0.0,0.0,1.0,-1.0
497,조비,2.0,2.0,1.0,2.0,2.0,2.0,3.0,2.0,1550.0,KOSPI,화학,66201047250.0,0.0,-1.0,1.0,0.0,0.0,1.0,-1.0
498,조선내화,2.0,3.0,3.0,3.0,2.0,3.0,3.0,1.0,462520.0,KOSPI,비금속광물,191935000000.0,1.0,0.0,0.0,-1.0,1.0,0.0,-2.0
499,조일알미늄,3.0,3.0,3.0,3.0,3.0,3.0,3.0,2.0,18470.0,KOSPI,철강금속,298218000000.0,0.0,0.0,0.0,0.0,0.0,0.0,-1.0
500,조흥,3.0,3.0,2.0,3.0,3.0,3.0,3.0,3.0,2600.0,KOSPI,음식료품,104520000000.0,0.0,-1.0,1.0,0.0,0.0,0.0,0.0
501,종근당바이오,2.0,2.0,3.0,2.0,3.0,3.0,3.0,3.0,63160.0,KOSPI,의약품,128646000000.0,0.0,1.0,-1.0,1.0,0.0,0.0,0.0
502,종근당홀딩스,3.0,3.0,3.0,3.0,2.0,3.0,4.0,3.0,1630.0,KOSPI,의약품,309609000000.0,0.0,0.0,0.0,-1.0,1.0,1.0,-1.0
503,주연테크,3.0,3.0,2.0,2.0,2.0,2.0,2.0,2.0,44380.0,KOSPI,전기전자,27350050728.0,0.0,-1.0,0.0,0.0,0.0,0.0,0.0
504,HS애드,3.0,3.0,3.0,4.0,4.0,4.0,4.0,3.0,35000.0,KOSPI,서비스업,103215000000.0,0.0,0.0,1.0,0.0,0.0,0.0,-1.0
505,진도,3.0,2.0,2.0,2.0,2.0,2.0,3.0,2.0,88790.0,KOSPI,유통업,29252198400.0,-1.0,0.0,0.0,0.0,0.0,1.0,-1.0
506,진양산업,2.0,3.0,2.0,2.0,3.0,3.0,3.0,3.0,3780.0,KOSPI,화학,85540000000.0,1.0,-1.0,0.0,1.0,0.0,0.0,0.0
507,진양폴리,3.0,3.0,2.0,3.0,3.0,2.0,2.0,2.0,10640.0,KOSPI,화학,62700000000.0,0.0,-1.0,1.0,0.0,-1.0,0.0,0.0
508,진양홀딩스,3.0,3.0,3.0,3.0,3.0,3.0,3.0,3.0,100250.0,KOSPI,화학,179703000000.0,0.0,0.0,0.0,0.0,0.0,0.0,0.0
509,진양화학,3.0,3.0,3.0,3.0,3.0,3.0,3.0,2.0,51630.0,KOSPI,화학,56248000000.0,0.0,0.0,0.0,0.0,0.0,0.0,-1.0
510,진원생명과학,3.0,2.0,2.0,2.0,2.0,1.0,3.0,2.0,11000.0,KOSPI,의약품,194895000000.0,-1.0,0.0,0.0,0.0,-1.0,2.0,-1.0
511,참엔지니어링,3.0,2.0,3.0,3.0,2.0,1.0,3.0,4.0,9310.0,KOSPI,기계,37171929522.0,-1.0,1.0,0.0,-1.0,-1.0,2.0,1.0
512,천일고속,2.0,2.0,2.0,2.0,3.0,3.0,4.0,4.0,650.0,KOSPI,운수창고업,67459184000.0,0.0,0.0,0.0,1.0,0.0,1.0,0.0
513,청호ICT,3.0,3.0,2.0,2.0,3.0,2.0,3.0,1.0,12600.0,KOSPI,기계,116120000000.0,0.0,-1.0,0.0,1.0,-1.0,1.0,-2.0
514,체시스,2.0,2.0,2.0,2.0,3.0,2.0,2.0,2.0,33250.0,KOSPI,운수장비,39520000000.0,0.0,0.0,0.0,1.0,-1.0,0.0,0.0
515,카프로,3.0,3.0,3.0,2.0,2.0,3.0,3.0,3.0,6380.0,KOSPI,화학,29280000000.0,0.0,0.0,-1.0,0.0,1.0,0.0,0.0
516,케이씨,3.0,3.0,3.0,3.0,3.0,3.0,4.0,3.0,29460.0,KOSPI,의료정밀,284635000000.0,0.0,0.0,0.0,0.0,0.0,1.0,-1.0
517,KCC,3.0,4.0,4.0,4.0,3.0,2.0,3.0,2.0,2380.0,KOSPI,화학,2146080000000.0,1.0,0.0,0.0,-1.0,-1.0,1.0,-1.0
518,KCTC,3.0,3.0,2.0,3.0,2.0,3.0,2.0,2.0,9070.0,KOSPI,운수창고업,113100000000.0,0.0,-1.0,1.0,-1.0,1.0,-1.0,0.0
519,KT,6.0,6.0,6.0,6.0,6.0,5.0,5.0,5.0,30200.0,KOSPI,통신업,8820760000000.0,0.0,0.0,0.0,0.0,-1.0,0.0,0.0
520,KT&G,6.0,6.0,6.0,6.0,6.0,6.0,5.0,6.0,33780.0,KOSPI,기타제조업,11846300000000.0,0.0,0.0,0.0,0.0,0.0,-1.0,1.0
521,코리아써키트,3.0,2.0,2.0,3.0,3.0,2.0,3.0,2.0,7810.0,KOSPI,전기전자,365413000000.0,-1.0,0.0,1.0,0.0,-1.0,1.0,-1.0
522,코리안리,5.0,4.0,5.0,5.0,5.0,6.0,5.0,5.0,3690.0,KOSPI,보험,1319630000000.0,-1.0,1.0,0.0,0.0,1.0,-1.0,0.0
523,코스맥스비티아이,3.0,3.0,3.0,3.0,3.0,3.0,3.0,3.0,44820.0,KOSPI,기타금융,91333288710.0,0.0,0.0,0.0,0.0,0.0,0.0,0.0
524,코스모신소재,3.0,3.0,2.0,3.0,2.0,2.0,2.0,4.0,5070.0,KOSPI,화학,4931880000000.0,0.0,-1.0,1.0,-1.0,0.0,0.0,2.0
525,코스모화학,3.0,3.0,3.0,3.0,2.0,3.0,3.0,3.0,5420.0,KOSPI,화학,1219460000000.0,0.0,0.0,0.0,-1.0,1.0,0.0,0.0
526,코아스,2.0,2.0,3.0,3.0,3.0,3.0,2.0,3.0,71950.0,KOSPI,기타제조업,14062780550.0,0.0,1.0,0.0,0.0,0.0,-1.0,1.0
527,코오롱,3.0,3.0,3.0,3.0,3.0,2.0,3.0,3.0,2020.0,KOSPI,기타금융,202780000000.0,0.0,0.0,0.0,0.0,-1.0,1.0,0.0
528,코오롱글로벌,3.0,3.0,4.0,3.0,3.0,4.0,4.0,4.0,3070.0,KOSPI,건설업,161496000000.0,0.0,1.0,-1.0,0.0,1.0,0.0,0.0
529,코웨이,4.0,3.0,3.0,3.0,3.0,3.0,3.0,3.0,21240.0,KOSPI,서비스업,4125400000000.0,-1.0,0.0,0.0,0.0,0.0,0.0,0.0
530,콤텍시스템,3.0,3.0,3.0,2.0,2.0,3.0,3.0,2.0,31820.0,KOSPI,서비스업,82557099812.0,0.0,0.0,-1.0,0.0,1.0,0.0,-1.0
531,크라운해태홀딩스,3.0,2.0,3.0,3.0,2.0,3.0,3.0,3.0,5740.0,KOSPI,기타금융,88341714650.0,-1.0,1.0,0.0,-1.0,1.0,0.0,0.0
532,키움증권,3.0,4.0,4.0,4.0,5.0,5.0,5.0,4.0,39490.0,KOSPI,증권,3435700000000.0,1.0,0.0,0.0,1.0,0.0,0.0,-1.0
533,아센디오,2.0,2.0,2.0,1.0,2.0,1.0,2.0,1.0,12170.0,KOSPI,서비스업,112373000000.0,0.0,0.0,-1.0,1.0,-1.0,1.0,-1.0
534,태경산업,3.0,2.0,3.0,2.0,3.0,2.0,2.0,2.0,15890.0,KOSPI,화학,172157000000.0,-1.0,1.0,-1.0,1.0,-1.0,0.0,0.0
535,태경케미컬,2.0,2.0,2.0,2.0,2.0,1.0,2.0,2.0,6890.0,KOSPI,화학,157180000000.0,0.0,0.0,0.0,0.0,-1.0,1.0,0.0
536,태광산업,3.0,2.0,1.0,2.0,2.0,2.0,2.0,2.0,3240.0,KOSPI,화학,702555000000.0,-1.0,-1.0,1.0,0.0,0.0,0.0,0.0
537,태림포장,2.0,2.0,2.0,2.0,2.0,2.0,2.0,2.0,11280.0,KOSPI,종이목재,199673000000.0,0.0,0.0,0.0,0.0,0.0,0.0,0.0
538,태양금속,3.0,3.0,3.0,3.0,2.0,3.0,3.0,2.0,4100.0,KOSPI,운수장비,72188900000.0,0.0,0.0,0.0,-1.0,1.0,0.0,-1.0
539,태영건설,4.0,3.0,4.0,4.0,4.0,4.0,4.0,4.0,9410.0,KOSPI,건설업,89856916380.0,-1.0,1.0,0.0,0.0,0.0,0.0,0.0
540,태원물산,3.0,3.0,3.0,2.0,2.0,3.0,3.0,3.0,1420.0,KOSPI,운수장비,31464000000.0,0.0,0.0,-1.0,0.0,1.0,0.0,0.0
541,TP,3.0,3.0,3.0,3.0,3.0,3.0,4.0,3.0,7980.0,KOSPI,섬유의복,85001890930.0,0.0,0.0,0.0,0.0,0.0,1.0,-1.0
542,텔코웨어,3.0,3.0,3.0,3.0,3.0,2.0,3.0,3.0,78000.0,KOSPI,서비스업,99452736500.0,0.0,0.0,0.0,0.0,-1.0,1.0,0.0
543,TBH글로벌,3.0,3.0,2.0,3.0,3.0,3.0,3.0,3.0,84870.0,KOSPI,섬유의복,36979140087.0,0.0,-1.0,1.0,0.0,0.0,0.0,0.0
544,티에이치엔,2.0,3.0,2.0,2.0,2.0,2.0,2.0,3.0,19180.0,KOSPI,전기전자,63900000000.0,1.0,-1.0,0.0,0.0,0.0,0.0,1.0
545,파미셀,2.0,3.0,2.0,3.0,3.0,2.0,3.0,3.0,5690.0,KOSPI,의약품,340296000000.0,1.0,-1.0,1.0,0.0,-1.0,1.0,0.0
546,팜스코,2.0,2.0,2.0,2.0,3.0,3.0,4.0,3.0,36580.0,KOSPI,음식료품,106327000000.0,0.0,0.0,0.0,1.0,0.0,1.0,-1.0
547,퍼스텍,3.0,3.0,3.0,3.0,3.0,3.0,3.0,3.0,10820.0,KOSPI,기계,163630000000.0,0.0,0.0,0.0,0.0,0.0,0.0,0.0
548,퍼시스,3.0,3.0,3.0,3.0,3.0,3.0,3.0,3.0,16800.0,KOSPI,기타제조업,407100000000.0,0.0,0.0,0.0,0.0,0.0,0.0,0.0
549,페이퍼코리아,2.0,2.0,2.0,2.0,2.0,2.0,2.0,2.0,1020.0,KOSPI,종이목재,150574000000.0,0.0,0.0,0.0,0.0,0.0,0.0,0.0
550,평화산업,3.0,3.0,3.0,3.0,4.0,4.0,3.0,3.0,90080.0,KOSPI,운수장비,61490530080.0,0.0,0.0,0.0,1.0,0.0,-1.0,0.0
551,평화홀딩스,3.0,3.0,3.0,3.0,3.0,3.0,4.0,3.0,10770.0,KOSPI,운수장비,43876398000.0,0.0,0.0,0.0,0.0,0.0,1.0,-1.0
552,POSCO홀딩스,6.0,6.0,6.0,6.0,5.0,6.0,5.0,6.0,5490.0,KOSPI,철강금속,33405600000000.0,0.0,0.0,0.0,-1.0,1.0,-1.0,1.0
553,포스코스틸리온,3.0,3.0,3.0,3.0,3.0,4.0,4.0,4.0,58430.0,KOSPI,철강금속,279300000000.0,0.0,0.0,0.0,0.0,1.0,0.0,0.0
554,포스코인터내셔널,3.0,4.0,4.0,4.0,4.0,4.0,4.0,4.0,47050.0,KOSPI,유통업,7890140000000.0,1.0,0.0,0.0,0.0,0.0,0.0,0.0
555,풀무원,5.0,5.0,5.0,5.0,4.0,5.0,6.0,6.0,17810.0,KOSPI,음식료품,470026000000.0,0.0,0.0,0.0,-1.0,1.0,1.0,0.0
556,풍산,4.0,4.0,4.0,4.0,4.0,3.0,4.0,3.0,103140.0,KOSPI,철강금속,1670250000000.0,0.0,0.0,0.0,0.0,-1.0,1.0,-1.0
557,풍산홀딩스,3.0,3.0,3.0,3.0,3.0,3.0,4.0,4.0,5810.0,KOSPI,기타금융,418822000000.0,0.0,0.0,0.0,0.0,0.0,1.0,0.0
558,KH필룩스,3.0,3.0,3.0,3.0,3.0,3.0,2.0,2.0,33180.0,KOSPI,전기전자,120579000000.0,0.0,0.0,0.0,0.0,0.0,-1.0,0.0
559,하나금융지주,6.0,6.0,6.0,6.0,6.0,6.0,5.0,6.0,86790.0,KOSPI,기타금융,16664300000000.0,0.0,0.0,0.0,0.0,0.0,-1.0,1.0
